task,time_elapsed,internal_node_id,lang_pair,words,subject_id,condition,frequency_ranks,response,correct,word,foil,button_1,button_2,response_audio,rank1,rank2,rank3,rank4,rank,lang_num,item_id
segmentation_trial,202360,0.0-11.0-0.0,1,"[""kulego"",""nagitu"",""tobuma"",""midobe""]",bscptt8xb1ka27g,uniform,,0.0,1.0,kulego,bugona,kulego,bugona,kulego,,,,,0,1,88
segmentation_trial,208924,0.0-11.0-0.1,1,"[""kulego"",""nagitu"",""tobuma"",""midobe""]",bscptt8xb1ka27g,uniform,,0.0,0.0,nagitu,gibeto,gibeto,nagitu,gibeto,,,,,0,1,150
segmentation_trial,220175,0.0-11.0-0.2,1,"[""kulego"",""nagitu"",""tobuma"",""midobe""]",bscptt8xb1ka27g,uniform,,1.0,0.0,kulego,lemaku,kulego,lemaku,lemaku,,,,,0,1,91
segmentation_trial,226789,0.0-11.0-0.3,1,"[""kulego"",""nagitu"",""tobuma"",""midobe""]",bscptt8xb1ka27g,uniform,,0.0,0.0,midobe,dotumi,dotumi,midobe,dotumi,,,,,0,1,125
segmentation_trial,233159,0.0-11.0-0.4,1,"[""kulego"",""nagitu"",""tobuma"",""midobe""]",bscptt8xb1ka27g,uniform,,0.0,1.0,nagitu,lemaku,nagitu,lemaku,nagitu,,,,,0,1,151
segmentation_trial,239992,0.0-11.0-0.5,1,"[""kulego"",""nagitu"",""tobuma"",""midobe""]",bscptt8xb1ka27g,uniform,,0.0,0.0,midobe,gibeto,gibeto,midobe,gibeto,,,,,0,1,126
segmentation_trial,246547,0.0-11.0-0.6,1,"[""kulego"",""nagitu"",""tobuma"",""midobe""]",bscptt8xb1ka27g,uniform,,1.0,0.0,nagitu,bugona,nagitu,bugona,bugona,,,,,0,1,148
segmentation_trial,253414,0.0-11.0-0.7,1,"[""kulego"",""nagitu"",""tobuma"",""midobe""]",bscptt8xb1ka27g,uniform,,0.0,0.0,kulego,gibeto,gibeto,kulego,gibeto,,,,,0,1,90
segmentation_trial,260471,0.0-11.0-0.8,1,"[""kulego"",""nagitu"",""tobuma"",""midobe""]",bscptt8xb1ka27g,uniform,,1.0,0.0,tobuma,lemaku,tobuma,lemaku,lemaku,,,,,0,1,191
segmentation_trial,266566,0.0-11.0-0.9,1,"[""kulego"",""nagitu"",""tobuma"",""midobe""]",bscptt8xb1ka27g,uniform,,1.0,1.0,nagitu,dotumi,dotumi,nagitu,nagitu,,,,,0,1,149
segmentation_trial,272595,0.0-11.0-0.10,1,"[""kulego"",""nagitu"",""tobuma"",""midobe""]",bscptt8xb1ka27g,uniform,,1.0,1.0,tobuma,gibeto,gibeto,tobuma,tobuma,,,,,0,1,190
segmentation_trial,280255,0.0-11.0-0.11,1,"[""kulego"",""nagitu"",""tobuma"",""midobe""]",bscptt8xb1ka27g,uniform,,0.0,0.0,kulego,dotumi,dotumi,kulego,dotumi,,,,,0,1,89
segmentation_trial,286453,0.0-11.0-0.12,1,"[""kulego"",""nagitu"",""tobuma"",""midobe""]",bscptt8xb1ka27g,uniform,,0.0,1.0,midobe,bugona,midobe,bugona,midobe,,,,,0,1,124
segmentation_trial,293730,0.0-11.0-0.13,1,"[""kulego"",""nagitu"",""tobuma"",""midobe""]",bscptt8xb1ka27g,uniform,,1.0,1.0,tobuma,dotumi,dotumi,tobuma,tobuma,,,,,0,1,189
segmentation_trial,300331,0.0-11.0-0.14,1,"[""kulego"",""nagitu"",""tobuma"",""midobe""]",bscptt8xb1ka27g,uniform,,0.0,1.0,midobe,lemaku,midobe,lemaku,midobe,,,,,0,1,127
segmentation_trial,306681,0.0-11.0-0.15,1,"[""kulego"",""nagitu"",""tobuma"",""midobe""]",bscptt8xb1ka27g,uniform,,0.0,1.0,tobuma,bugona,tobuma,bugona,tobuma,,,,,0,1,188
segmentation_trial,352197,0.0-11.0-0.0,5,"[""matolu"",""nubola"",""mogude"",""kediba""]",k2pa2ysnfw4jbut,uniform,,1.0,1.0,kediba,gukema,gukema,kediba,kediba,,,,,0,2,73
segmentation_trial,358245,0.0-11.0-0.1,5,"[""matolu"",""nubola"",""mogude"",""kediba""]",k2pa2ysnfw4jbut,uniform,,0.0,1.0,matolu,tobanu,matolu,tobanu,matolu,,,,,0,2,119
segmentation_trial,364461,0.0-11.0-0.2,5,"[""matolu"",""nubola"",""mogude"",""kediba""]",k2pa2ysnfw4jbut,uniform,,0.0,0.0,nubola,lamodi,lamodi,nubola,lamodi,,,,,0,2,166
segmentation_trial,372365,0.0-11.0-0.3,5,"[""matolu"",""nubola"",""mogude"",""kediba""]",k2pa2ysnfw4jbut,uniform,,1.0,1.0,mogude,gukema,gukema,mogude,mogude,,,,,0,2,137
segmentation_trial,378525,0.0-11.0-0.4,5,"[""matolu"",""nubola"",""mogude"",""kediba""]",k2pa2ysnfw4jbut,uniform,,0.0,0.0,kediba,lamodi,lamodi,kediba,lamodi,,,,,0,2,74
segmentation_trial,385821,0.0-11.0-0.5,5,"[""matolu"",""nubola"",""mogude"",""kediba""]",k2pa2ysnfw4jbut,uniform,,1.0,1.0,matolu,gukema,gukema,matolu,matolu,,,,,0,2,117
segmentation_trial,392829,0.0-11.0-0.6,5,"[""matolu"",""nubola"",""mogude"",""kediba""]",k2pa2ysnfw4jbut,uniform,,1.0,0.0,mogude,delubo,mogude,delubo,delubo,,,,,0,2,136
segmentation_trial,399893,0.0-11.0-0.7,5,"[""matolu"",""nubola"",""mogude"",""kediba""]",k2pa2ysnfw4jbut,uniform,,1.0,0.0,nubola,tobanu,nubola,tobanu,tobanu,,,,,0,2,167
segmentation_trial,408381,0.0-11.0-0.8,5,"[""matolu"",""nubola"",""mogude"",""kediba""]",k2pa2ysnfw4jbut,uniform,,1.0,0.0,matolu,delubo,matolu,delubo,delubo,,,,,0,2,116
segmentation_trial,415733,0.0-11.0-0.9,5,"[""matolu"",""nubola"",""mogude"",""kediba""]",k2pa2ysnfw4jbut,uniform,,1.0,1.0,nubola,gukema,gukema,nubola,nubola,,,,,0,2,165
segmentation_trial,421933,0.0-11.0-0.10,5,"[""matolu"",""nubola"",""mogude"",""kediba""]",k2pa2ysnfw4jbut,uniform,,1.0,1.0,mogude,lamodi,lamodi,mogude,mogude,,,,,0,2,138
segmentation_trial,428245,0.0-11.0-0.11,5,"[""matolu"",""nubola"",""mogude"",""kediba""]",k2pa2ysnfw4jbut,uniform,,0.0,1.0,nubola,delubo,nubola,delubo,nubola,,,,,0,2,164
segmentation_trial,434173,0.0-11.0-0.12,5,"[""matolu"",""nubola"",""mogude"",""kediba""]",k2pa2ysnfw4jbut,uniform,,0.0,1.0,mogude,tobanu,mogude,tobanu,mogude,,,,,0,2,139
segmentation_trial,444246,0.0-11.0-0.13,5,"[""matolu"",""nubola"",""mogude"",""kediba""]",k2pa2ysnfw4jbut,uniform,,1.0,0.0,kediba,delubo,kediba,delubo,delubo,,,,,0,2,72
segmentation_trial,451173,0.0-11.0-0.14,5,"[""matolu"",""nubola"",""mogude"",""kediba""]",k2pa2ysnfw4jbut,uniform,,0.0,0.0,matolu,lamodi,lamodi,matolu,lamodi,,,,,0,2,118
segmentation_trial,459517,0.0-11.0-0.15,5,"[""matolu"",""nubola"",""mogude"",""kediba""]",k2pa2ysnfw4jbut,uniform,,0.0,1.0,kediba,tobanu,kediba,tobanu,kediba,,,,,0,2,75
segmentation_trial,258592,0.0-11.0-0.0,2,"[""binaku"",""temula"",""dokine"",""galedi""]",x3f666fkh8h7833,zipfian,"[""temula"",""dokine"",""binaku"",""galedi""]",0.0,1.0,dokine,mudile,dokine,mudile,dokine,temula,dokine,binaku,galedi,2,2,38
segmentation_trial,265568,0.0-11.0-0.1,2,"[""binaku"",""temula"",""dokine"",""galedi""]",x3f666fkh8h7833,zipfian,"[""temula"",""dokine"",""binaku"",""galedi""]",1.0,1.0,temula,negado,negado,temula,temula,temula,dokine,binaku,galedi,1,2,183
segmentation_trial,272296,0.0-11.0-0.2,2,"[""binaku"",""temula"",""dokine"",""galedi""]",x3f666fkh8h7833,zipfian,"[""temula"",""dokine"",""binaku"",""galedi""]",0.0,0.0,dokine,kitena,kitena,dokine,kitena,temula,dokine,binaku,galedi,2,2,36
segmentation_trial,279504,0.0-11.0-0.3,2,"[""binaku"",""temula"",""dokine"",""galedi""]",x3f666fkh8h7833,zipfian,"[""temula"",""dokine"",""binaku"",""galedi""]",0.0,0.0,binaku,negado,negado,binaku,negado,temula,dokine,binaku,galedi,3,2,7
segmentation_trial,286404,0.0-11.0-0.4,2,"[""binaku"",""temula"",""dokine"",""galedi""]",x3f666fkh8h7833,zipfian,"[""temula"",""dokine"",""binaku"",""galedi""]",0.0,1.0,temula,mudile,temula,mudile,temula,temula,dokine,binaku,galedi,1,2,182
segmentation_trial,293586,0.0-11.0-0.5,2,"[""binaku"",""temula"",""dokine"",""galedi""]",x3f666fkh8h7833,zipfian,"[""temula"",""dokine"",""binaku"",""galedi""]",0.0,0.0,galedi,kitena,kitena,galedi,kitena,temula,dokine,binaku,galedi,4,2,44
segmentation_trial,300218,0.0-11.0-0.6,2,"[""binaku"",""temula"",""dokine"",""galedi""]",x3f666fkh8h7833,zipfian,"[""temula"",""dokine"",""binaku"",""galedi""]",0.0,0.0,dokine,negado,negado,dokine,negado,temula,dokine,binaku,galedi,2,2,39
segmentation_trial,306956,0.0-11.0-0.7,2,"[""binaku"",""temula"",""dokine"",""galedi""]",x3f666fkh8h7833,zipfian,"[""temula"",""dokine"",""binaku"",""galedi""]",1.0,1.0,binaku,kitena,kitena,binaku,binaku,temula,dokine,binaku,galedi,3,2,4
segmentation_trial,313484,0.0-11.0-0.8,2,"[""binaku"",""temula"",""dokine"",""galedi""]",x3f666fkh8h7833,zipfian,"[""temula"",""dokine"",""binaku"",""galedi""]",0.0,0.0,galedi,negado,negado,galedi,negado,temula,dokine,binaku,galedi,4,2,47
segmentation_trial,322600,0.0-11.0-0.9,2,"[""binaku"",""temula"",""dokine"",""galedi""]",x3f666fkh8h7833,zipfian,"[""temula"",""dokine"",""binaku"",""galedi""]",1.0,0.0,dokine,lakubi,dokine,lakubi,lakubi,temula,dokine,binaku,galedi,2,2,37
segmentation_trial,334022,0.0-11.0-0.10,2,"[""binaku"",""temula"",""dokine"",""galedi""]",x3f666fkh8h7833,zipfian,"[""temula"",""dokine"",""binaku"",""galedi""]",1.0,1.0,temula,kitena,kitena,temula,temula,temula,dokine,binaku,galedi,1,2,180
segmentation_trial,340816,0.0-11.0-0.11,2,"[""binaku"",""temula"",""dokine"",""galedi""]",x3f666fkh8h7833,zipfian,"[""temula"",""dokine"",""binaku"",""galedi""]",1.0,0.0,binaku,mudile,binaku,mudile,mudile,temula,dokine,binaku,galedi,3,2,6
segmentation_trial,347428,0.0-11.0-0.12,2,"[""binaku"",""temula"",""dokine"",""galedi""]",x3f666fkh8h7833,zipfian,"[""temula"",""dokine"",""binaku"",""galedi""]",0.0,1.0,galedi,lakubi,galedi,lakubi,galedi,temula,dokine,binaku,galedi,4,2,45
segmentation_trial,354048,0.0-11.0-0.13,2,"[""binaku"",""temula"",""dokine"",""galedi""]",x3f666fkh8h7833,zipfian,"[""temula"",""dokine"",""binaku"",""galedi""]",0.0,1.0,galedi,mudile,galedi,mudile,galedi,temula,dokine,binaku,galedi,4,2,46
segmentation_trial,361076,0.0-11.0-0.14,2,"[""binaku"",""temula"",""dokine"",""galedi""]",x3f666fkh8h7833,zipfian,"[""temula"",""dokine"",""binaku"",""galedi""]",0.0,1.0,binaku,lakubi,binaku,lakubi,binaku,temula,dokine,binaku,galedi,3,2,5
segmentation_trial,367968,0.0-11.0-0.15,2,"[""binaku"",""temula"",""dokine"",""galedi""]",x3f666fkh8h7833,zipfian,"[""temula"",""dokine"",""binaku"",""galedi""]",0.0,1.0,temula,lakubi,temula,lakubi,temula,temula,dokine,binaku,galedi,1,2,181
segmentation_trial,223088,0.0-11.0-0.0,4,"[""gumeki"",""letumo"",""nodabu"",""digote""]",r2eyhx5415uld5n,zipfian,"[""gumeki"",""nodabu"",""letumo"",""digote""]",0.0,1.0,letumo,bulego,letumo,bulego,letumo,gumeki,nodabu,letumo,digote,3,2,112
segmentation_trial,229489,0.0-11.0-0.1,4,"[""gumeki"",""letumo"",""nodabu"",""digote""]",r2eyhx5415uld5n,zipfian,"[""gumeki"",""nodabu"",""letumo"",""digote""]",0.0,1.0,gumeki,kinome,gumeki,kinome,gumeki,gumeki,nodabu,letumo,digote,1,2,65
segmentation_trial,236306,0.0-11.0-0.2,4,"[""gumeki"",""letumo"",""nodabu"",""digote""]",r2eyhx5415uld5n,zipfian,"[""gumeki"",""nodabu"",""letumo"",""digote""]",1.0,1.0,digote,moditu,moditu,digote,digote,gumeki,nodabu,letumo,digote,4,2,26
segmentation_trial,242706,0.0-11.0-0.3,4,"[""gumeki"",""letumo"",""nodabu"",""digote""]",r2eyhx5415uld5n,zipfian,"[""gumeki"",""nodabu"",""letumo"",""digote""]",0.0,1.0,nodabu,kinome,nodabu,kinome,nodabu,gumeki,nodabu,letumo,digote,2,2,157
segmentation_trial,250753,0.0-11.0-0.4,4,"[""gumeki"",""letumo"",""nodabu"",""digote""]",r2eyhx5415uld5n,zipfian,"[""gumeki"",""nodabu"",""letumo"",""digote""]",0.0,1.0,digote,bulego,digote,bulego,digote,gumeki,nodabu,letumo,digote,4,2,24
segmentation_trial,260986,0.0-11.0-0.5,4,"[""gumeki"",""letumo"",""nodabu"",""digote""]",r2eyhx5415uld5n,zipfian,"[""gumeki"",""nodabu"",""letumo"",""digote""]",1.0,1.0,nodabu,teguda,teguda,nodabu,nodabu,gumeki,nodabu,letumo,digote,2,2,159
segmentation_trial,267107,0.0-11.0-0.6,4,"[""gumeki"",""letumo"",""nodabu"",""digote""]",r2eyhx5415uld5n,zipfian,"[""gumeki"",""nodabu"",""letumo"",""digote""]",0.0,1.0,letumo,kinome,letumo,kinome,letumo,gumeki,nodabu,letumo,digote,3,2,113
segmentation_trial,273849,0.0-11.0-0.7,4,"[""gumeki"",""letumo"",""nodabu"",""digote""]",r2eyhx5415uld5n,zipfian,"[""gumeki"",""nodabu"",""letumo"",""digote""]",1.0,1.0,gumeki,moditu,moditu,gumeki,gumeki,gumeki,nodabu,letumo,digote,1,2,66
segmentation_trial,281059,0.0-11.0-0.8,4,"[""gumeki"",""letumo"",""nodabu"",""digote""]",r2eyhx5415uld5n,zipfian,"[""gumeki"",""nodabu"",""letumo"",""digote""]",0.0,1.0,nodabu,bulego,nodabu,bulego,nodabu,gumeki,nodabu,letumo,digote,2,2,156
segmentation_trial,288354,0.0-11.0-0.9,4,"[""gumeki"",""letumo"",""nodabu"",""digote""]",r2eyhx5415uld5n,zipfian,"[""gumeki"",""nodabu"",""letumo"",""digote""]",1.0,1.0,letumo,teguda,teguda,letumo,letumo,gumeki,nodabu,letumo,digote,3,2,115
segmentation_trial,294922,0.0-11.0-0.10,4,"[""gumeki"",""letumo"",""nodabu"",""digote""]",r2eyhx5415uld5n,zipfian,"[""gumeki"",""nodabu"",""letumo"",""digote""]",1.0,0.0,digote,kinome,digote,kinome,kinome,gumeki,nodabu,letumo,digote,4,2,25
segmentation_trial,301738,0.0-11.0-0.11,4,"[""gumeki"",""letumo"",""nodabu"",""digote""]",r2eyhx5415uld5n,zipfian,"[""gumeki"",""nodabu"",""letumo"",""digote""]",0.0,0.0,gumeki,teguda,teguda,gumeki,teguda,gumeki,nodabu,letumo,digote,1,2,67
segmentation_trial,308262,0.0-11.0-0.12,4,"[""gumeki"",""letumo"",""nodabu"",""digote""]",r2eyhx5415uld5n,zipfian,"[""gumeki"",""nodabu"",""letumo"",""digote""]",1.0,1.0,nodabu,moditu,moditu,nodabu,nodabu,gumeki,nodabu,letumo,digote,2,2,158
segmentation_trial,314488,0.0-11.0-0.13,4,"[""gumeki"",""letumo"",""nodabu"",""digote""]",r2eyhx5415uld5n,zipfian,"[""gumeki"",""nodabu"",""letumo"",""digote""]",0.0,1.0,gumeki,bulego,gumeki,bulego,gumeki,gumeki,nodabu,letumo,digote,1,2,64
segmentation_trial,321384,0.0-11.0-0.14,4,"[""gumeki"",""letumo"",""nodabu"",""digote""]",r2eyhx5415uld5n,zipfian,"[""gumeki"",""nodabu"",""letumo"",""digote""]",0.0,0.0,letumo,moditu,moditu,letumo,moditu,gumeki,nodabu,letumo,digote,3,2,114
segmentation_trial,328897,0.0-11.0-0.15,4,"[""gumeki"",""letumo"",""nodabu"",""digote""]",r2eyhx5415uld5n,zipfian,"[""gumeki"",""nodabu"",""letumo"",""digote""]",0.0,0.0,digote,teguda,teguda,digote,teguda,gumeki,nodabu,letumo,digote,4,2,27
segmentation_trial,298807,0.0-11.0-0.0,5,"[""matolu"",""nubola"",""mogude"",""kediba""]",jwe1nw6tq5nvwjb,uniform,,0.0,0.0,nubola,gukema,gukema,nubola,gukema,,,,,0,2,165
segmentation_trial,305553,0.0-11.0-0.1,5,"[""matolu"",""nubola"",""mogude"",""kediba""]",jwe1nw6tq5nvwjb,uniform,,0.0,1.0,matolu,tobanu,matolu,tobanu,matolu,,,,,0,2,119
segmentation_trial,312187,0.0-11.0-0.2,5,"[""matolu"",""nubola"",""mogude"",""kediba""]",jwe1nw6tq5nvwjb,uniform,,1.0,1.0,mogude,gukema,gukema,mogude,mogude,,,,,0,2,137
segmentation_trial,319552,0.0-11.0-0.3,5,"[""matolu"",""nubola"",""mogude"",""kediba""]",jwe1nw6tq5nvwjb,uniform,,1.0,1.0,matolu,lamodi,lamodi,matolu,matolu,,,,,0,2,118
segmentation_trial,328098,0.0-11.0-0.4,5,"[""matolu"",""nubola"",""mogude"",""kediba""]",jwe1nw6tq5nvwjb,uniform,,0.0,1.0,mogude,tobanu,mogude,tobanu,mogude,,,,,0,2,139
segmentation_trial,335183,0.0-11.0-0.5,5,"[""matolu"",""nubola"",""mogude"",""kediba""]",jwe1nw6tq5nvwjb,uniform,,0.0,0.0,nubola,lamodi,lamodi,nubola,lamodi,,,,,0,2,166
segmentation_trial,342722,0.0-11.0-0.6,5,"[""matolu"",""nubola"",""mogude"",""kediba""]",jwe1nw6tq5nvwjb,uniform,,0.0,0.0,matolu,gukema,gukema,matolu,gukema,,,,,0,2,117
segmentation_trial,349772,0.0-11.0-0.7,5,"[""matolu"",""nubola"",""mogude"",""kediba""]",jwe1nw6tq5nvwjb,uniform,,1.0,0.0,kediba,tobanu,kediba,tobanu,tobanu,,,,,0,2,75
segmentation_trial,356126,0.0-11.0-0.8,5,"[""matolu"",""nubola"",""mogude"",""kediba""]",jwe1nw6tq5nvwjb,uniform,,1.0,1.0,mogude,lamodi,lamodi,mogude,mogude,,,,,0,2,138
segmentation_trial,363105,0.0-11.0-0.9,5,"[""matolu"",""nubola"",""mogude"",""kediba""]",jwe1nw6tq5nvwjb,uniform,,0.0,1.0,kediba,delubo,kediba,delubo,kediba,,,,,0,2,72
segmentation_trial,369849,0.0-11.0-0.10,5,"[""matolu"",""nubola"",""mogude"",""kediba""]",jwe1nw6tq5nvwjb,uniform,,0.0,1.0,nubola,tobanu,nubola,tobanu,nubola,,,,,0,2,167
segmentation_trial,375687,0.0-11.0-0.11,5,"[""matolu"",""nubola"",""mogude"",""kediba""]",jwe1nw6tq5nvwjb,uniform,,1.0,0.0,mogude,delubo,mogude,delubo,delubo,,,,,0,2,136
segmentation_trial,383454,0.0-11.0-0.12,5,"[""matolu"",""nubola"",""mogude"",""kediba""]",jwe1nw6tq5nvwjb,uniform,,0.0,0.0,kediba,gukema,gukema,kediba,gukema,,,,,0,2,73
segmentation_trial,390483,0.0-11.0-0.13,5,"[""matolu"",""nubola"",""mogude"",""kediba""]",jwe1nw6tq5nvwjb,uniform,,0.0,1.0,nubola,delubo,nubola,delubo,nubola,,,,,0,2,164
segmentation_trial,397071,0.0-11.0-0.14,5,"[""matolu"",""nubola"",""mogude"",""kediba""]",jwe1nw6tq5nvwjb,uniform,,0.0,0.0,kediba,lamodi,lamodi,kediba,lamodi,,,,,0,2,74
segmentation_trial,404152,0.0-11.0-0.15,5,"[""matolu"",""nubola"",""mogude"",""kediba""]",jwe1nw6tq5nvwjb,uniform,,1.0,0.0,matolu,delubo,matolu,delubo,delubo,,,,,0,2,116
segmentation_trial,247771,0.0-11.0-0.0,6,"[""nodebu"",""dimate"",""mekugo"",""gubila""]",s95v6y4ur9z5lpq,uniform,,0.0,0.0,nodebu,labude,labude,nodebu,labude,,,,,0,1,162
segmentation_trial,256240,0.0-11.0-0.1,6,"[""nodebu"",""dimate"",""mekugo"",""gubila""]",s95v6y4ur9z5lpq,uniform,,0.0,1.0,gubila,bimegu,gubila,bimegu,gubila,,,,,0,1,56
segmentation_trial,264221,0.0-11.0-0.2,6,"[""nodebu"",""dimate"",""mekugo"",""gubila""]",s95v6y4ur9z5lpq,uniform,,1.0,1.0,mekugo,tegoma,tegoma,mekugo,mekugo,,,,,0,1,123
segmentation_trial,272292,0.0-11.0-0.3,6,"[""nodebu"",""dimate"",""mekugo"",""gubila""]",s95v6y4ur9z5lpq,uniform,,0.0,1.0,dimate,kudino,dimate,kudino,dimate,,,,,0,1,29
segmentation_trial,278477,0.0-11.0-0.4,6,"[""nodebu"",""dimate"",""mekugo"",""gubila""]",s95v6y4ur9z5lpq,uniform,,0.0,1.0,nodebu,bimegu,nodebu,bimegu,nodebu,,,,,0,1,160
segmentation_trial,285598,0.0-11.0-0.5,6,"[""nodebu"",""dimate"",""mekugo"",""gubila""]",s95v6y4ur9z5lpq,uniform,,1.0,0.0,gubila,kudino,gubila,kudino,kudino,,,,,0,1,57
segmentation_trial,292450,0.0-11.0-0.6,6,"[""nodebu"",""dimate"",""mekugo"",""gubila""]",s95v6y4ur9z5lpq,uniform,,0.0,1.0,mekugo,bimegu,mekugo,bimegu,mekugo,,,,,0,1,120
segmentation_trial,299687,0.0-11.0-0.7,6,"[""nodebu"",""dimate"",""mekugo"",""gubila""]",s95v6y4ur9z5lpq,uniform,,1.0,0.0,nodebu,kudino,nodebu,kudino,kudino,,,,,0,1,161
segmentation_trial,307577,0.0-11.0-0.8,6,"[""nodebu"",""dimate"",""mekugo"",""gubila""]",s95v6y4ur9z5lpq,uniform,,0.0,0.0,gubila,tegoma,tegoma,gubila,tegoma,,,,,0,1,59
segmentation_trial,314307,0.0-11.0-0.9,6,"[""nodebu"",""dimate"",""mekugo"",""gubila""]",s95v6y4ur9z5lpq,uniform,,1.0,1.0,mekugo,labude,labude,mekugo,mekugo,,,,,0,1,122
segmentation_trial,320291,0.0-11.0-0.10,6,"[""nodebu"",""dimate"",""mekugo"",""gubila""]",s95v6y4ur9z5lpq,uniform,,0.0,1.0,dimate,bimegu,dimate,bimegu,dimate,,,,,0,1,28
segmentation_trial,326807,0.0-11.0-0.11,6,"[""nodebu"",""dimate"",""mekugo"",""gubila""]",s95v6y4ur9z5lpq,uniform,,0.0,0.0,gubila,labude,labude,gubila,labude,,,,,0,1,58
segmentation_trial,332906,0.0-11.0-0.12,6,"[""nodebu"",""dimate"",""mekugo"",""gubila""]",s95v6y4ur9z5lpq,uniform,,0.0,1.0,mekugo,kudino,mekugo,kudino,mekugo,,,,,0,1,121
segmentation_trial,339326,0.0-11.0-0.13,6,"[""nodebu"",""dimate"",""mekugo"",""gubila""]",s95v6y4ur9z5lpq,uniform,,1.0,1.0,dimate,labude,labude,dimate,dimate,,,,,0,1,30
segmentation_trial,346804,0.0-11.0-0.14,6,"[""nodebu"",""dimate"",""mekugo"",""gubila""]",s95v6y4ur9z5lpq,uniform,,0.0,0.0,nodebu,tegoma,tegoma,nodebu,tegoma,,,,,0,1,163
segmentation_trial,352871,0.0-11.0-0.15,6,"[""nodebu"",""dimate"",""mekugo"",""gubila""]",s95v6y4ur9z5lpq,uniform,,1.0,1.0,dimate,tegoma,tegoma,dimate,dimate,,,,,0,1,31
segmentation_trial,275311,0.0-11.0-0.0,3,"[""dogiba"",""kalegu"",""tebodi"",""minato""]",q03dl9bs0yoy2cr,zipfian,"[""tebodi"",""dogiba"",""minato"",""kalegu""]",0.0,1.0,kalegu,bogumi,kalegu,bogumi,kalegu,tebodi,dogiba,minato,kalegu,4,1,68
segmentation_trial,281503,0.0-11.0-0.1,3,"[""dogiba"",""kalegu"",""tebodi"",""minato""]",q03dl9bs0yoy2cr,zipfian,"[""tebodi"",""dogiba"",""minato"",""kalegu""]",1.0,1.0,dogiba,gitoka,gitoka,dogiba,dogiba,tebodi,dogiba,minato,kalegu,2,1,33
segmentation_trial,287936,0.0-11.0-0.2,3,"[""dogiba"",""kalegu"",""tebodi"",""minato""]",q03dl9bs0yoy2cr,zipfian,"[""tebodi"",""dogiba"",""minato"",""kalegu""]",0.0,1.0,tebodi,nadite,tebodi,nadite,tebodi,tebodi,dogiba,minato,kalegu,1,1,171
segmentation_trial,294200,0.0-11.0-0.3,3,"[""dogiba"",""kalegu"",""tebodi"",""minato""]",q03dl9bs0yoy2cr,zipfian,"[""tebodi"",""dogiba"",""minato"",""kalegu""]",1.0,1.0,kalegu,gitoka,gitoka,kalegu,kalegu,tebodi,dogiba,minato,kalegu,4,1,69
segmentation_trial,300416,0.0-11.0-0.4,3,"[""dogiba"",""kalegu"",""tebodi"",""minato""]",q03dl9bs0yoy2cr,zipfian,"[""tebodi"",""dogiba"",""minato"",""kalegu""]",0.0,1.0,dogiba,bogumi,dogiba,bogumi,dogiba,tebodi,dogiba,minato,kalegu,2,1,32
segmentation_trial,306856,0.0-11.0-0.5,3,"[""dogiba"",""kalegu"",""tebodi"",""minato""]",q03dl9bs0yoy2cr,zipfian,"[""tebodi"",""dogiba"",""minato"",""kalegu""]",0.0,0.0,minato,lebado,lebado,minato,lebado,tebodi,dogiba,minato,kalegu,3,1,130
segmentation_trial,313126,0.0-11.0-0.6,3,"[""dogiba"",""kalegu"",""tebodi"",""minato""]",q03dl9bs0yoy2cr,zipfian,"[""tebodi"",""dogiba"",""minato"",""kalegu""]",0.0,1.0,dogiba,nadite,dogiba,nadite,dogiba,tebodi,dogiba,minato,kalegu,2,1,35
segmentation_trial,320383,0.0-11.0-0.7,3,"[""dogiba"",""kalegu"",""tebodi"",""minato""]",q03dl9bs0yoy2cr,zipfian,"[""tebodi"",""dogiba"",""minato"",""kalegu""]",0.0,1.0,minato,bogumi,minato,bogumi,minato,tebodi,dogiba,minato,kalegu,3,1,128
segmentation_trial,326679,0.0-11.0-0.8,3,"[""dogiba"",""kalegu"",""tebodi"",""minato""]",q03dl9bs0yoy2cr,zipfian,"[""tebodi"",""dogiba"",""minato"",""kalegu""]",0.0,1.0,kalegu,nadite,kalegu,nadite,kalegu,tebodi,dogiba,minato,kalegu,4,1,71
segmentation_trial,333343,0.0-11.0-0.9,3,"[""dogiba"",""kalegu"",""tebodi"",""minato""]",q03dl9bs0yoy2cr,zipfian,"[""tebodi"",""dogiba"",""minato"",""kalegu""]",0.0,0.0,tebodi,lebado,lebado,tebodi,lebado,tebodi,dogiba,minato,kalegu,1,1,170
segmentation_trial,340256,0.0-11.0-0.10,3,"[""dogiba"",""kalegu"",""tebodi"",""minato""]",q03dl9bs0yoy2cr,zipfian,"[""tebodi"",""dogiba"",""minato"",""kalegu""]",0.0,1.0,minato,nadite,minato,nadite,minato,tebodi,dogiba,minato,kalegu,3,1,131
segmentation_trial,346479,0.0-11.0-0.11,3,"[""dogiba"",""kalegu"",""tebodi"",""minato""]",q03dl9bs0yoy2cr,zipfian,"[""tebodi"",""dogiba"",""minato"",""kalegu""]",0.0,0.0,kalegu,lebado,lebado,kalegu,lebado,tebodi,dogiba,minato,kalegu,4,1,70
segmentation_trial,352728,0.0-11.0-0.12,3,"[""dogiba"",""kalegu"",""tebodi"",""minato""]",q03dl9bs0yoy2cr,zipfian,"[""tebodi"",""dogiba"",""minato"",""kalegu""]",0.0,1.0,tebodi,bogumi,tebodi,bogumi,tebodi,tebodi,dogiba,minato,kalegu,1,1,168
segmentation_trial,359063,0.0-11.0-0.13,3,"[""dogiba"",""kalegu"",""tebodi"",""minato""]",q03dl9bs0yoy2cr,zipfian,"[""tebodi"",""dogiba"",""minato"",""kalegu""]",0.0,0.0,minato,gitoka,gitoka,minato,gitoka,tebodi,dogiba,minato,kalegu,3,1,129
segmentation_trial,365440,0.0-11.0-0.14,3,"[""dogiba"",""kalegu"",""tebodi"",""minato""]",q03dl9bs0yoy2cr,zipfian,"[""tebodi"",""dogiba"",""minato"",""kalegu""]",0.0,0.0,dogiba,lebado,lebado,dogiba,lebado,tebodi,dogiba,minato,kalegu,2,1,34
segmentation_trial,371718,0.0-11.0-0.15,3,"[""dogiba"",""kalegu"",""tebodi"",""minato""]",q03dl9bs0yoy2cr,zipfian,"[""tebodi"",""dogiba"",""minato"",""kalegu""]",1.0,1.0,tebodi,gitoka,gitoka,tebodi,tebodi,tebodi,dogiba,minato,kalegu,1,1,169
segmentation_trial,225965,0.0-11.0-0.0,3,"[""nadite"",""lebado"",""bogumi"",""gitoka""]",su5jlpv8qcltg16,uniform,,0.0,1.0,gitoka,dogiba,gitoka,dogiba,gitoka,,,,,0,2,52
segmentation_trial,233988,0.0-11.0-0.1,3,"[""nadite"",""lebado"",""bogumi"",""gitoka""]",su5jlpv8qcltg16,uniform,,1.0,1.0,lebado,kalegu,kalegu,lebado,lebado,,,,,0,2,105
segmentation_trial,239994,0.0-11.0-0.2,3,"[""nadite"",""lebado"",""bogumi"",""gitoka""]",su5jlpv8qcltg16,uniform,,0.0,1.0,gitoka,tebodi,gitoka,tebodi,gitoka,,,,,0,2,55
segmentation_trial,254440,0.0-11.0-0.3,3,"[""nadite"",""lebado"",""bogumi"",""gitoka""]",su5jlpv8qcltg16,uniform,,0.0,0.0,bogumi,minato,minato,bogumi,minato,,,,,0,2,10
segmentation_trial,260484,0.0-11.0-0.4,3,"[""nadite"",""lebado"",""bogumi"",""gitoka""]",su5jlpv8qcltg16,uniform,,0.0,1.0,lebado,dogiba,lebado,dogiba,lebado,,,,,0,2,104
segmentation_trial,267144,0.0-11.0-0.5,3,"[""nadite"",""lebado"",""bogumi"",""gitoka""]",su5jlpv8qcltg16,uniform,,1.0,1.0,gitoka,minato,minato,gitoka,gitoka,,,,,0,2,54
segmentation_trial,273065,0.0-11.0-0.6,3,"[""nadite"",""lebado"",""bogumi"",""gitoka""]",su5jlpv8qcltg16,uniform,,0.0,1.0,lebado,tebodi,lebado,tebodi,lebado,,,,,0,2,107
segmentation_trial,286104,0.0-11.0-0.7,3,"[""nadite"",""lebado"",""bogumi"",""gitoka""]",su5jlpv8qcltg16,uniform,,1.0,1.0,bogumi,kalegu,kalegu,bogumi,bogumi,,,,,0,2,9
segmentation_trial,292004,0.0-11.0-0.8,3,"[""nadite"",""lebado"",""bogumi"",""gitoka""]",su5jlpv8qcltg16,uniform,,1.0,1.0,nadite,minato,minato,nadite,nadite,,,,,0,2,146
segmentation_trial,298584,0.0-11.0-0.9,3,"[""nadite"",""lebado"",""bogumi"",""gitoka""]",su5jlpv8qcltg16,uniform,,1.0,1.0,gitoka,kalegu,kalegu,gitoka,gitoka,,,,,0,2,53
segmentation_trial,307104,0.0-11.0-0.10,3,"[""nadite"",""lebado"",""bogumi"",""gitoka""]",su5jlpv8qcltg16,uniform,,0.0,1.0,bogumi,dogiba,bogumi,dogiba,bogumi,,,,,0,2,8
segmentation_trial,314375,0.0-11.0-0.11,3,"[""nadite"",""lebado"",""bogumi"",""gitoka""]",su5jlpv8qcltg16,uniform,,1.0,1.0,lebado,minato,minato,lebado,lebado,,,,,0,2,106
segmentation_trial,321311,0.0-11.0-0.12,3,"[""nadite"",""lebado"",""bogumi"",""gitoka""]",su5jlpv8qcltg16,uniform,,1.0,1.0,nadite,kalegu,kalegu,nadite,nadite,,,,,0,2,145
segmentation_trial,335087,0.0-11.0-0.13,3,"[""nadite"",""lebado"",""bogumi"",""gitoka""]",su5jlpv8qcltg16,uniform,,0.0,1.0,bogumi,tebodi,bogumi,tebodi,bogumi,,,,,0,2,11
segmentation_trial,341415,0.0-11.0-0.14,3,"[""nadite"",""lebado"",""bogumi"",""gitoka""]",su5jlpv8qcltg16,uniform,,0.0,1.0,nadite,dogiba,nadite,dogiba,nadite,,,,,0,2,144
segmentation_trial,347279,0.0-11.0-0.15,3,"[""nadite"",""lebado"",""bogumi"",""gitoka""]",su5jlpv8qcltg16,uniform,,0.0,1.0,nadite,tebodi,nadite,tebodi,nadite,,,,,0,2,147
segmentation_trial,226731,0.0-11.0-0.0,1,"[""lemaku"",""gibeto"",""bugona"",""dotumi""]",mwfua3bk025zpg0,zipfian,"[""dotumi"",""bugona"",""lemaku"",""gibeto""]",1.0,0.0,gibeto,tobuma,gibeto,tobuma,tobuma,dotumi,bugona,lemaku,gibeto,4,2,51
segmentation_trial,233530,0.0-11.0-0.1,1,"[""lemaku"",""gibeto"",""bugona"",""dotumi""]",mwfua3bk025zpg0,zipfian,"[""dotumi"",""bugona"",""lemaku"",""gibeto""]",0.0,1.0,lemaku,kulego,lemaku,kulego,lemaku,dotumi,bugona,lemaku,gibeto,3,2,108
segmentation_trial,240880,0.0-11.0-0.2,1,"[""lemaku"",""gibeto"",""bugona"",""dotumi""]",mwfua3bk025zpg0,zipfian,"[""dotumi"",""bugona"",""lemaku"",""gibeto""]",0.0,1.0,dotumi,tobuma,dotumi,tobuma,dotumi,dotumi,bugona,lemaku,gibeto,1,2,43
segmentation_trial,247480,0.0-11.0-0.3,1,"[""lemaku"",""gibeto"",""bugona"",""dotumi""]",mwfua3bk025zpg0,zipfian,"[""dotumi"",""bugona"",""lemaku"",""gibeto""]",1.0,1.0,lemaku,nagitu,nagitu,lemaku,lemaku,dotumi,bugona,lemaku,gibeto,3,2,110
segmentation_trial,253914,0.0-11.0-0.4,1,"[""lemaku"",""gibeto"",""bugona"",""dotumi""]",mwfua3bk025zpg0,zipfian,"[""dotumi"",""bugona"",""lemaku"",""gibeto""]",0.0,1.0,dotumi,kulego,dotumi,kulego,dotumi,dotumi,bugona,lemaku,gibeto,1,2,40
segmentation_trial,260882,0.0-11.0-0.5,1,"[""lemaku"",""gibeto"",""bugona"",""dotumi""]",mwfua3bk025zpg0,zipfian,"[""dotumi"",""bugona"",""lemaku"",""gibeto""]",1.0,1.0,bugona,nagitu,nagitu,bugona,bugona,dotumi,bugona,lemaku,gibeto,2,2,14
segmentation_trial,267316,0.0-11.0-0.6,1,"[""lemaku"",""gibeto"",""bugona"",""dotumi""]",mwfua3bk025zpg0,zipfian,"[""dotumi"",""bugona"",""lemaku"",""gibeto""]",1.0,0.0,gibeto,kulego,gibeto,kulego,kulego,dotumi,bugona,lemaku,gibeto,4,2,48
segmentation_trial,275714,0.0-11.0-0.7,1,"[""lemaku"",""gibeto"",""bugona"",""dotumi""]",mwfua3bk025zpg0,zipfian,"[""dotumi"",""bugona"",""lemaku"",""gibeto""]",1.0,1.0,dotumi,nagitu,nagitu,dotumi,dotumi,dotumi,bugona,lemaku,gibeto,1,2,42
segmentation_trial,282082,0.0-11.0-0.8,1,"[""lemaku"",""gibeto"",""bugona"",""dotumi""]",mwfua3bk025zpg0,zipfian,"[""dotumi"",""bugona"",""lemaku"",""gibeto""]",0.0,1.0,bugona,kulego,bugona,kulego,bugona,dotumi,bugona,lemaku,gibeto,2,2,12
segmentation_trial,288180,0.0-11.0-0.9,1,"[""lemaku"",""gibeto"",""bugona"",""dotumi""]",mwfua3bk025zpg0,zipfian,"[""dotumi"",""bugona"",""lemaku"",""gibeto""]",0.0,1.0,lemaku,tobuma,lemaku,tobuma,lemaku,dotumi,bugona,lemaku,gibeto,3,2,111
segmentation_trial,296430,0.0-11.0-0.10,1,"[""lemaku"",""gibeto"",""bugona"",""dotumi""]",mwfua3bk025zpg0,zipfian,"[""dotumi"",""bugona"",""lemaku"",""gibeto""]",1.0,1.0,gibeto,midobe,midobe,gibeto,gibeto,dotumi,bugona,lemaku,gibeto,4,2,49
segmentation_trial,302665,0.0-11.0-0.11,1,"[""lemaku"",""gibeto"",""bugona"",""dotumi""]",mwfua3bk025zpg0,zipfian,"[""dotumi"",""bugona"",""lemaku"",""gibeto""]",0.0,1.0,bugona,tobuma,bugona,tobuma,bugona,dotumi,bugona,lemaku,gibeto,2,2,15
segmentation_trial,309047,0.0-11.0-0.12,1,"[""lemaku"",""gibeto"",""bugona"",""dotumi""]",mwfua3bk025zpg0,zipfian,"[""dotumi"",""bugona"",""lemaku"",""gibeto""]",1.0,1.0,dotumi,midobe,midobe,dotumi,dotumi,dotumi,bugona,lemaku,gibeto,1,2,41
segmentation_trial,315263,0.0-11.0-0.13,1,"[""lemaku"",""gibeto"",""bugona"",""dotumi""]",mwfua3bk025zpg0,zipfian,"[""dotumi"",""bugona"",""lemaku"",""gibeto""]",1.0,1.0,gibeto,nagitu,nagitu,gibeto,gibeto,dotumi,bugona,lemaku,gibeto,4,2,50
segmentation_trial,321463,0.0-11.0-0.14,1,"[""lemaku"",""gibeto"",""bugona"",""dotumi""]",mwfua3bk025zpg0,zipfian,"[""dotumi"",""bugona"",""lemaku"",""gibeto""]",1.0,1.0,lemaku,midobe,midobe,lemaku,lemaku,dotumi,bugona,lemaku,gibeto,3,2,109
segmentation_trial,327730,0.0-11.0-0.15,1,"[""lemaku"",""gibeto"",""bugona"",""dotumi""]",mwfua3bk025zpg0,zipfian,"[""dotumi"",""bugona"",""lemaku"",""gibeto""]",1.0,1.0,bugona,midobe,midobe,bugona,bugona,dotumi,bugona,lemaku,gibeto,2,2,13
segmentation_trial,472159,0.0-11.0-0.0,2,"[""lakubi"",""negado"",""mudile"",""kitena""]",svmwmrhl3dqtayp,zipfian,"[""mudile"",""lakubi"",""negado"",""kitena""]",1.0,1.0,mudile,galedi,galedi,mudile,mudile,mudile,lakubi,negado,kitena,1,1,142
segmentation_trial,478817,0.0-11.0-0.1,2,"[""lakubi"",""negado"",""mudile"",""kitena""]",svmwmrhl3dqtayp,zipfian,"[""mudile"",""lakubi"",""negado"",""kitena""]",0.0,1.0,negado,binaku,negado,binaku,negado,mudile,lakubi,negado,kitena,3,1,152
segmentation_trial,499043,0.0-11.0-0.2,2,"[""lakubi"",""negado"",""mudile"",""kitena""]",svmwmrhl3dqtayp,zipfian,"[""mudile"",""lakubi"",""negado"",""kitena""]",0.0,0.0,kitena,galedi,galedi,kitena,galedi,mudile,lakubi,negado,kitena,4,1,82
segmentation_trial,505371,0.0-11.0-0.3,2,"[""lakubi"",""negado"",""mudile"",""kitena""]",svmwmrhl3dqtayp,zipfian,"[""mudile"",""lakubi"",""negado"",""kitena""]",0.0,1.0,lakubi,dokine,lakubi,dokine,lakubi,mudile,lakubi,negado,kitena,2,1,97
segmentation_trial,515247,0.0-11.0-0.4,2,"[""lakubi"",""negado"",""mudile"",""kitena""]",svmwmrhl3dqtayp,zipfian,"[""mudile"",""lakubi"",""negado"",""kitena""]",1.0,1.0,mudile,temula,temula,mudile,mudile,mudile,lakubi,negado,kitena,1,1,143
segmentation_trial,524421,0.0-11.0-0.5,2,"[""lakubi"",""negado"",""mudile"",""kitena""]",svmwmrhl3dqtayp,zipfian,"[""mudile"",""lakubi"",""negado"",""kitena""]",0.0,1.0,negado,dokine,negado,dokine,negado,mudile,lakubi,negado,kitena,3,1,153
segmentation_trial,530377,0.0-11.0-0.6,2,"[""lakubi"",""negado"",""mudile"",""kitena""]",svmwmrhl3dqtayp,zipfian,"[""mudile"",""lakubi"",""negado"",""kitena""]",0.0,1.0,lakubi,binaku,lakubi,binaku,lakubi,mudile,lakubi,negado,kitena,2,1,96
segmentation_trial,545417,0.0-11.0-0.7,2,"[""lakubi"",""negado"",""mudile"",""kitena""]",svmwmrhl3dqtayp,zipfian,"[""mudile"",""lakubi"",""negado"",""kitena""]",0.0,0.0,kitena,temula,temula,kitena,temula,mudile,lakubi,negado,kitena,4,1,83
segmentation_trial,550971,0.0-11.0-0.8,2,"[""lakubi"",""negado"",""mudile"",""kitena""]",svmwmrhl3dqtayp,zipfian,"[""mudile"",""lakubi"",""negado"",""kitena""]",0.0,1.0,mudile,binaku,mudile,binaku,mudile,mudile,lakubi,negado,kitena,1,1,140
segmentation_trial,564341,0.0-11.0-0.9,2,"[""lakubi"",""negado"",""mudile"",""kitena""]",svmwmrhl3dqtayp,zipfian,"[""mudile"",""lakubi"",""negado"",""kitena""]",0.0,0.0,lakubi,galedi,galedi,lakubi,galedi,mudile,lakubi,negado,kitena,2,1,98
segmentation_trial,665911,0.0-11.0-0.10,2,"[""lakubi"",""negado"",""mudile"",""kitena""]",svmwmrhl3dqtayp,zipfian,"[""mudile"",""lakubi"",""negado"",""kitena""]",0.0,0.0,negado,temula,temula,negado,temula,mudile,lakubi,negado,kitena,3,1,155
segmentation_trial,687239,0.0-11.0-0.11,2,"[""lakubi"",""negado"",""mudile"",""kitena""]",svmwmrhl3dqtayp,zipfian,"[""mudile"",""lakubi"",""negado"",""kitena""]",0.0,1.0,kitena,binaku,kitena,binaku,kitena,mudile,lakubi,negado,kitena,4,1,80
segmentation_trial,694113,0.0-11.0-0.12,2,"[""lakubi"",""negado"",""mudile"",""kitena""]",svmwmrhl3dqtayp,zipfian,"[""mudile"",""lakubi"",""negado"",""kitena""]",1.0,1.0,lakubi,temula,temula,lakubi,lakubi,mudile,lakubi,negado,kitena,2,1,99
segmentation_trial,700209,0.0-11.0-0.13,2,"[""lakubi"",""negado"",""mudile"",""kitena""]",svmwmrhl3dqtayp,zipfian,"[""mudile"",""lakubi"",""negado"",""kitena""]",1.0,1.0,negado,galedi,galedi,negado,negado,mudile,lakubi,negado,kitena,3,1,154
segmentation_trial,706965,0.0-11.0-0.14,2,"[""lakubi"",""negado"",""mudile"",""kitena""]",svmwmrhl3dqtayp,zipfian,"[""mudile"",""lakubi"",""negado"",""kitena""]",0.0,1.0,mudile,dokine,mudile,dokine,mudile,mudile,lakubi,negado,kitena,1,1,141
segmentation_trial,719253,0.0-11.0-0.15,2,"[""lakubi"",""negado"",""mudile"",""kitena""]",svmwmrhl3dqtayp,zipfian,"[""mudile"",""lakubi"",""negado"",""kitena""]",0.0,1.0,kitena,dokine,kitena,dokine,kitena,mudile,lakubi,negado,kitena,4,1,81
segmentation_trial,395592,0.0-11.0-0.0,1,"[""lemaku"",""gibeto"",""bugona"",""dotumi""]",pyx4pl9nw0ko921,zipfian,"[""lemaku"",""dotumi"",""bugona"",""gibeto""]",1.0,0.0,gibeto,tobuma,gibeto,tobuma,tobuma,lemaku,dotumi,bugona,gibeto,4,2,51
segmentation_trial,406455,0.0-11.0-0.1,1,"[""lemaku"",""gibeto"",""bugona"",""dotumi""]",pyx4pl9nw0ko921,zipfian,"[""lemaku"",""dotumi"",""bugona"",""gibeto""]",1.0,1.0,dotumi,nagitu,nagitu,dotumi,dotumi,lemaku,dotumi,bugona,gibeto,2,2,42
segmentation_trial,413287,0.0-11.0-0.2,1,"[""lemaku"",""gibeto"",""bugona"",""dotumi""]",pyx4pl9nw0ko921,zipfian,"[""lemaku"",""dotumi"",""bugona"",""gibeto""]",0.0,1.0,lemaku,kulego,lemaku,kulego,lemaku,lemaku,dotumi,bugona,gibeto,1,2,108
segmentation_trial,419987,0.0-11.0-0.3,1,"[""lemaku"",""gibeto"",""bugona"",""dotumi""]",pyx4pl9nw0ko921,zipfian,"[""lemaku"",""dotumi"",""bugona"",""gibeto""]",1.0,1.0,bugona,nagitu,nagitu,bugona,bugona,lemaku,dotumi,bugona,gibeto,3,2,14
segmentation_trial,426603,0.0-11.0-0.4,1,"[""lemaku"",""gibeto"",""bugona"",""dotumi""]",pyx4pl9nw0ko921,zipfian,"[""lemaku"",""dotumi"",""bugona"",""gibeto""]",0.0,1.0,lemaku,tobuma,lemaku,tobuma,lemaku,lemaku,dotumi,bugona,gibeto,1,2,111
segmentation_trial,435178,0.0-11.0-0.5,1,"[""lemaku"",""gibeto"",""bugona"",""dotumi""]",pyx4pl9nw0ko921,zipfian,"[""lemaku"",""dotumi"",""bugona"",""gibeto""]",0.0,0.0,bugona,midobe,midobe,bugona,midobe,lemaku,dotumi,bugona,gibeto,3,2,13
segmentation_trial,442288,0.0-11.0-0.6,1,"[""lemaku"",""gibeto"",""bugona"",""dotumi""]",pyx4pl9nw0ko921,zipfian,"[""lemaku"",""dotumi"",""bugona"",""gibeto""]",1.0,0.0,gibeto,kulego,gibeto,kulego,kulego,lemaku,dotumi,bugona,gibeto,4,2,48
segmentation_trial,451016,0.0-11.0-0.7,1,"[""lemaku"",""gibeto"",""bugona"",""dotumi""]",pyx4pl9nw0ko921,zipfian,"[""lemaku"",""dotumi"",""bugona"",""gibeto""]",1.0,1.0,dotumi,midobe,midobe,dotumi,dotumi,lemaku,dotumi,bugona,gibeto,2,2,41
segmentation_trial,457554,0.0-11.0-0.8,1,"[""lemaku"",""gibeto"",""bugona"",""dotumi""]",pyx4pl9nw0ko921,zipfian,"[""lemaku"",""dotumi"",""bugona"",""gibeto""]",1.0,0.0,bugona,kulego,bugona,kulego,kulego,lemaku,dotumi,bugona,gibeto,3,2,12
segmentation_trial,463963,0.0-11.0-0.9,1,"[""lemaku"",""gibeto"",""bugona"",""dotumi""]",pyx4pl9nw0ko921,zipfian,"[""lemaku"",""dotumi"",""bugona"",""gibeto""]",1.0,1.0,lemaku,midobe,midobe,lemaku,lemaku,lemaku,dotumi,bugona,gibeto,1,2,109
segmentation_trial,472796,0.0-11.0-0.10,1,"[""lemaku"",""gibeto"",""bugona"",""dotumi""]",pyx4pl9nw0ko921,zipfian,"[""lemaku"",""dotumi"",""bugona"",""gibeto""]",0.0,1.0,dotumi,tobuma,dotumi,tobuma,dotumi,lemaku,dotumi,bugona,gibeto,2,2,43
segmentation_trial,484705,0.0-11.0-0.11,1,"[""lemaku"",""gibeto"",""bugona"",""dotumi""]",pyx4pl9nw0ko921,zipfian,"[""lemaku"",""dotumi"",""bugona"",""gibeto""]",1.0,1.0,gibeto,midobe,midobe,gibeto,gibeto,lemaku,dotumi,bugona,gibeto,4,2,49
segmentation_trial,497137,0.0-11.0-0.12,1,"[""lemaku"",""gibeto"",""bugona"",""dotumi""]",pyx4pl9nw0ko921,zipfian,"[""lemaku"",""dotumi"",""bugona"",""gibeto""]",0.0,0.0,lemaku,nagitu,nagitu,lemaku,nagitu,lemaku,dotumi,bugona,gibeto,1,2,110
segmentation_trial,503555,0.0-11.0-0.13,1,"[""lemaku"",""gibeto"",""bugona"",""dotumi""]",pyx4pl9nw0ko921,zipfian,"[""lemaku"",""dotumi"",""bugona"",""gibeto""]",0.0,1.0,bugona,tobuma,bugona,tobuma,bugona,lemaku,dotumi,bugona,gibeto,3,2,15
segmentation_trial,509977,0.0-11.0-0.14,1,"[""lemaku"",""gibeto"",""bugona"",""dotumi""]",pyx4pl9nw0ko921,zipfian,"[""lemaku"",""dotumi"",""bugona"",""gibeto""]",1.0,0.0,dotumi,kulego,dotumi,kulego,kulego,lemaku,dotumi,bugona,gibeto,2,2,40
segmentation_trial,521267,0.0-11.0-0.15,1,"[""lemaku"",""gibeto"",""bugona"",""dotumi""]",pyx4pl9nw0ko921,zipfian,"[""lemaku"",""dotumi"",""bugona"",""gibeto""]",0.0,0.0,gibeto,nagitu,nagitu,gibeto,nagitu,lemaku,dotumi,bugona,gibeto,4,2,50
segmentation_trial,268644,0.0-11.0-0.0,4,"[""gumeki"",""letumo"",""nodabu"",""digote""]",d9utrewltnna905,zipfian,"[""digote"",""gumeki"",""letumo"",""nodabu""]",0.0,1.0,digote,bulego,digote,bulego,digote,digote,gumeki,letumo,nodabu,1,2,24
segmentation_trial,275269,0.0-11.0-0.1,4,"[""gumeki"",""letumo"",""nodabu"",""digote""]",d9utrewltnna905,zipfian,"[""digote"",""gumeki"",""letumo"",""nodabu""]",0.0,1.0,gumeki,kinome,gumeki,kinome,gumeki,digote,gumeki,letumo,nodabu,2,2,65
segmentation_trial,289509,0.0-11.0-0.2,4,"[""gumeki"",""letumo"",""nodabu"",""digote""]",d9utrewltnna905,zipfian,"[""digote"",""gumeki"",""letumo"",""nodabu""]",0.0,0.0,nodabu,moditu,moditu,nodabu,moditu,digote,gumeki,letumo,nodabu,4,2,158
segmentation_trial,296106,0.0-11.0-0.3,4,"[""gumeki"",""letumo"",""nodabu"",""digote""]",d9utrewltnna905,zipfian,"[""digote"",""gumeki"",""letumo"",""nodabu""]",0.0,1.0,letumo,bulego,letumo,bulego,letumo,digote,gumeki,letumo,nodabu,3,2,112
segmentation_trial,303936,0.0-11.0-0.4,4,"[""gumeki"",""letumo"",""nodabu"",""digote""]",d9utrewltnna905,zipfian,"[""digote"",""gumeki"",""letumo"",""nodabu""]",0.0,0.0,nodabu,teguda,teguda,nodabu,teguda,digote,gumeki,letumo,nodabu,4,2,159
segmentation_trial,310303,0.0-11.0-0.5,4,"[""gumeki"",""letumo"",""nodabu"",""digote""]",d9utrewltnna905,zipfian,"[""digote"",""gumeki"",""letumo"",""nodabu""]",0.0,1.0,letumo,kinome,letumo,kinome,letumo,digote,gumeki,letumo,nodabu,3,2,113
segmentation_trial,317005,0.0-11.0-0.6,4,"[""gumeki"",""letumo"",""nodabu"",""digote""]",d9utrewltnna905,zipfian,"[""digote"",""gumeki"",""letumo"",""nodabu""]",1.0,1.0,digote,teguda,teguda,digote,digote,digote,gumeki,letumo,nodabu,1,2,27
segmentation_trial,324960,0.0-11.0-0.7,4,"[""gumeki"",""letumo"",""nodabu"",""digote""]",d9utrewltnna905,zipfian,"[""digote"",""gumeki"",""letumo"",""nodabu""]",0.0,1.0,gumeki,bulego,gumeki,bulego,gumeki,digote,gumeki,letumo,nodabu,2,2,64
segmentation_trial,331580,0.0-11.0-0.8,4,"[""gumeki"",""letumo"",""nodabu"",""digote""]",d9utrewltnna905,zipfian,"[""digote"",""gumeki"",""letumo"",""nodabu""]",1.0,1.0,letumo,moditu,moditu,letumo,letumo,digote,gumeki,letumo,nodabu,3,2,114
segmentation_trial,339134,0.0-11.0-0.9,4,"[""gumeki"",""letumo"",""nodabu"",""digote""]",d9utrewltnna905,zipfian,"[""digote"",""gumeki"",""letumo"",""nodabu""]",0.0,1.0,nodabu,kinome,nodabu,kinome,nodabu,digote,gumeki,letumo,nodabu,4,2,157
segmentation_trial,346121,0.0-11.0-0.10,4,"[""gumeki"",""letumo"",""nodabu"",""digote""]",d9utrewltnna905,zipfian,"[""digote"",""gumeki"",""letumo"",""nodabu""]",1.0,1.0,digote,moditu,moditu,digote,digote,digote,gumeki,letumo,nodabu,1,2,26
segmentation_trial,352581,0.0-11.0-0.11,4,"[""gumeki"",""letumo"",""nodabu"",""digote""]",d9utrewltnna905,zipfian,"[""digote"",""gumeki"",""letumo"",""nodabu""]",1.0,0.0,nodabu,bulego,nodabu,bulego,bulego,digote,gumeki,letumo,nodabu,4,2,156
segmentation_trial,359181,0.0-11.0-0.12,4,"[""gumeki"",""letumo"",""nodabu"",""digote""]",d9utrewltnna905,zipfian,"[""digote"",""gumeki"",""letumo"",""nodabu""]",0.0,1.0,digote,kinome,digote,kinome,digote,digote,gumeki,letumo,nodabu,1,2,25
segmentation_trial,368138,0.0-11.0-0.13,4,"[""gumeki"",""letumo"",""nodabu"",""digote""]",d9utrewltnna905,zipfian,"[""digote"",""gumeki"",""letumo"",""nodabu""]",0.0,0.0,gumeki,moditu,moditu,gumeki,moditu,digote,gumeki,letumo,nodabu,2,2,66
segmentation_trial,374445,0.0-11.0-0.14,4,"[""gumeki"",""letumo"",""nodabu"",""digote""]",d9utrewltnna905,zipfian,"[""digote"",""gumeki"",""letumo"",""nodabu""]",1.0,1.0,letumo,teguda,teguda,letumo,letumo,digote,gumeki,letumo,nodabu,3,2,115
segmentation_trial,381546,0.0-11.0-0.15,4,"[""gumeki"",""letumo"",""nodabu"",""digote""]",d9utrewltnna905,zipfian,"[""digote"",""gumeki"",""letumo"",""nodabu""]",1.0,1.0,gumeki,teguda,teguda,gumeki,gumeki,digote,gumeki,letumo,nodabu,2,2,67
segmentation_trial,279146,0.0-11.0-0.0,3,"[""nadite"",""lebado"",""bogumi"",""gitoka""]",dq7335gd6hzpze3,zipfian,"[""bogumi"",""nadite"",""gitoka"",""lebado""]",0.0,1.0,gitoka,dogiba,gitoka,dogiba,gitoka,bogumi,nadite,gitoka,lebado,3,2,52
segmentation_trial,285235,0.0-11.0-0.1,3,"[""nadite"",""lebado"",""bogumi"",""gitoka""]",dq7335gd6hzpze3,zipfian,"[""bogumi"",""nadite"",""gitoka"",""lebado""]",1.0,1.0,bogumi,kalegu,kalegu,bogumi,bogumi,bogumi,nadite,gitoka,lebado,1,2,9
segmentation_trial,291694,0.0-11.0-0.2,3,"[""nadite"",""lebado"",""bogumi"",""gitoka""]",dq7335gd6hzpze3,zipfian,"[""bogumi"",""nadite"",""gitoka"",""lebado""]",0.0,1.0,gitoka,tebodi,gitoka,tebodi,gitoka,bogumi,nadite,gitoka,lebado,3,2,55
segmentation_trial,298296,0.0-11.0-0.3,3,"[""nadite"",""lebado"",""bogumi"",""gitoka""]",dq7335gd6hzpze3,zipfian,"[""bogumi"",""nadite"",""gitoka"",""lebado""]",1.0,1.0,lebado,kalegu,kalegu,lebado,lebado,bogumi,nadite,gitoka,lebado,4,2,105
segmentation_trial,304986,0.0-11.0-0.4,3,"[""nadite"",""lebado"",""bogumi"",""gitoka""]",dq7335gd6hzpze3,zipfian,"[""bogumi"",""nadite"",""gitoka"",""lebado""]",0.0,1.0,bogumi,dogiba,bogumi,dogiba,bogumi,bogumi,nadite,gitoka,lebado,1,2,8
segmentation_trial,312218,0.0-11.0-0.5,3,"[""nadite"",""lebado"",""bogumi"",""gitoka""]",dq7335gd6hzpze3,zipfian,"[""bogumi"",""nadite"",""gitoka"",""lebado""]",0.0,0.0,nadite,minato,minato,nadite,minato,bogumi,nadite,gitoka,lebado,2,2,146
segmentation_trial,318803,0.0-11.0-0.6,3,"[""nadite"",""lebado"",""bogumi"",""gitoka""]",dq7335gd6hzpze3,zipfian,"[""bogumi"",""nadite"",""gitoka"",""lebado""]",0.0,1.0,bogumi,tebodi,bogumi,tebodi,bogumi,bogumi,nadite,gitoka,lebado,1,2,11
segmentation_trial,325436,0.0-11.0-0.7,3,"[""nadite"",""lebado"",""bogumi"",""gitoka""]",dq7335gd6hzpze3,zipfian,"[""bogumi"",""nadite"",""gitoka"",""lebado""]",1.0,1.0,lebado,minato,minato,lebado,lebado,bogumi,nadite,gitoka,lebado,4,2,106
segmentation_trial,332047,0.0-11.0-0.8,3,"[""nadite"",""lebado"",""bogumi"",""gitoka""]",dq7335gd6hzpze3,zipfian,"[""bogumi"",""nadite"",""gitoka"",""lebado""]",0.0,1.0,nadite,tebodi,nadite,tebodi,nadite,bogumi,nadite,gitoka,lebado,2,2,147
segmentation_trial,338743,0.0-11.0-0.9,3,"[""nadite"",""lebado"",""bogumi"",""gitoka""]",dq7335gd6hzpze3,zipfian,"[""bogumi"",""nadite"",""gitoka"",""lebado""]",0.0,0.0,gitoka,minato,minato,gitoka,minato,bogumi,nadite,gitoka,lebado,3,2,54
segmentation_trial,345107,0.0-11.0-0.10,3,"[""nadite"",""lebado"",""bogumi"",""gitoka""]",dq7335gd6hzpze3,zipfian,"[""bogumi"",""nadite"",""gitoka"",""lebado""]",0.0,1.0,lebado,tebodi,lebado,tebodi,lebado,bogumi,nadite,gitoka,lebado,4,2,107
segmentation_trial,351851,0.0-11.0-0.11,3,"[""nadite"",""lebado"",""bogumi"",""gitoka""]",dq7335gd6hzpze3,zipfian,"[""bogumi"",""nadite"",""gitoka"",""lebado""]",0.0,0.0,gitoka,kalegu,kalegu,gitoka,kalegu,bogumi,nadite,gitoka,lebado,3,2,53
segmentation_trial,358546,0.0-11.0-0.12,3,"[""nadite"",""lebado"",""bogumi"",""gitoka""]",dq7335gd6hzpze3,zipfian,"[""bogumi"",""nadite"",""gitoka"",""lebado""]",1.0,0.0,nadite,dogiba,nadite,dogiba,dogiba,bogumi,nadite,gitoka,lebado,2,2,144
segmentation_trial,364855,0.0-11.0-0.13,3,"[""nadite"",""lebado"",""bogumi"",""gitoka""]",dq7335gd6hzpze3,zipfian,"[""bogumi"",""nadite"",""gitoka"",""lebado""]",1.0,1.0,bogumi,minato,minato,bogumi,bogumi,bogumi,nadite,gitoka,lebado,1,2,10
segmentation_trial,371257,0.0-11.0-0.14,3,"[""nadite"",""lebado"",""bogumi"",""gitoka""]",dq7335gd6hzpze3,zipfian,"[""bogumi"",""nadite"",""gitoka"",""lebado""]",0.0,1.0,lebado,dogiba,lebado,dogiba,lebado,bogumi,nadite,gitoka,lebado,4,2,104
segmentation_trial,377556,0.0-11.0-0.15,3,"[""nadite"",""lebado"",""bogumi"",""gitoka""]",dq7335gd6hzpze3,zipfian,"[""bogumi"",""nadite"",""gitoka"",""lebado""]",0.0,0.0,nadite,kalegu,kalegu,nadite,kalegu,bogumi,nadite,gitoka,lebado,2,2,145
segmentation_trial,243211,0.0-11.0-0.0,6,"[""bimegu"",""tegoma"",""kudino"",""labude""]",rv8nfw3n2ufhnwd,zipfian,"[""bimegu"",""kudino"",""labude"",""tegoma""]",0.0,1.0,bimegu,nodebu,bimegu,nodebu,bimegu,bimegu,kudino,labude,tegoma,1,2,3
segmentation_trial,249616,0.0-11.0-0.1,6,"[""bimegu"",""tegoma"",""kudino"",""labude""]",rv8nfw3n2ufhnwd,zipfian,"[""bimegu"",""kudino"",""labude"",""tegoma""]",0.0,0.0,kudino,gubila,gubila,kudino,gubila,bimegu,kudino,labude,tegoma,2,2,85
segmentation_trial,255613,0.0-11.0-0.2,6,"[""bimegu"",""tegoma"",""kudino"",""labude""]",rv8nfw3n2ufhnwd,zipfian,"[""bimegu"",""kudino"",""labude"",""tegoma""]",0.0,1.0,bimegu,mekugo,bimegu,mekugo,bimegu,bimegu,kudino,labude,tegoma,1,2,2
segmentation_trial,261538,0.0-11.0-0.3,6,"[""bimegu"",""tegoma"",""kudino"",""labude""]",rv8nfw3n2ufhnwd,zipfian,"[""bimegu"",""kudino"",""labude"",""tegoma""]",0.0,0.0,tegoma,dimate,dimate,tegoma,dimate,bimegu,kudino,labude,tegoma,4,2,172
segmentation_trial,267357,0.0-11.0-0.4,6,"[""bimegu"",""tegoma"",""kudino"",""labude""]",rv8nfw3n2ufhnwd,zipfian,"[""bimegu"",""kudino"",""labude"",""tegoma""]",0.0,1.0,labude,nodebu,labude,nodebu,labude,bimegu,kudino,labude,tegoma,3,2,95
segmentation_trial,273618,0.0-11.0-0.5,6,"[""bimegu"",""tegoma"",""kudino"",""labude""]",rv8nfw3n2ufhnwd,zipfian,"[""bimegu"",""kudino"",""labude"",""tegoma""]",0.0,1.0,tegoma,mekugo,tegoma,mekugo,tegoma,bimegu,kudino,labude,tegoma,4,2,174
segmentation_trial,279590,0.0-11.0-0.6,6,"[""bimegu"",""tegoma"",""kudino"",""labude""]",rv8nfw3n2ufhnwd,zipfian,"[""bimegu"",""kudino"",""labude"",""tegoma""]",1.0,1.0,bimegu,dimate,dimate,bimegu,bimegu,bimegu,kudino,labude,tegoma,1,2,0
segmentation_trial,285651,0.0-11.0-0.7,6,"[""bimegu"",""tegoma"",""kudino"",""labude""]",rv8nfw3n2ufhnwd,zipfian,"[""bimegu"",""kudino"",""labude"",""tegoma""]",0.0,1.0,labude,mekugo,labude,mekugo,labude,bimegu,kudino,labude,tegoma,3,2,94
segmentation_trial,291671,0.0-11.0-0.8,6,"[""bimegu"",""tegoma"",""kudino"",""labude""]",rv8nfw3n2ufhnwd,zipfian,"[""bimegu"",""kudino"",""labude"",""tegoma""]",1.0,1.0,bimegu,gubila,gubila,bimegu,bimegu,bimegu,kudino,labude,tegoma,1,2,1
segmentation_trial,297524,0.0-11.0-0.9,6,"[""bimegu"",""tegoma"",""kudino"",""labude""]",rv8nfw3n2ufhnwd,zipfian,"[""bimegu"",""kudino"",""labude"",""tegoma""]",0.0,1.0,kudino,nodebu,kudino,nodebu,kudino,bimegu,kudino,labude,tegoma,2,2,87
segmentation_trial,303329,0.0-11.0-0.10,6,"[""bimegu"",""tegoma"",""kudino"",""labude""]",rv8nfw3n2ufhnwd,zipfian,"[""bimegu"",""kudino"",""labude"",""tegoma""]",0.0,0.0,labude,gubila,gubila,labude,gubila,bimegu,kudino,labude,tegoma,3,2,93
segmentation_trial,309093,0.0-11.0-0.11,6,"[""bimegu"",""tegoma"",""kudino"",""labude""]",rv8nfw3n2ufhnwd,zipfian,"[""bimegu"",""kudino"",""labude"",""tegoma""]",1.0,1.0,kudino,dimate,dimate,kudino,kudino,bimegu,kudino,labude,tegoma,2,2,84
segmentation_trial,314946,0.0-11.0-0.12,6,"[""bimegu"",""tegoma"",""kudino"",""labude""]",rv8nfw3n2ufhnwd,zipfian,"[""bimegu"",""kudino"",""labude"",""tegoma""]",0.0,0.0,tegoma,gubila,gubila,tegoma,gubila,bimegu,kudino,labude,tegoma,4,2,173
segmentation_trial,321327,0.0-11.0-0.13,6,"[""bimegu"",""tegoma"",""kudino"",""labude""]",rv8nfw3n2ufhnwd,zipfian,"[""bimegu"",""kudino"",""labude"",""tegoma""]",0.0,0.0,labude,dimate,dimate,labude,dimate,bimegu,kudino,labude,tegoma,3,2,92
segmentation_trial,327171,0.0-11.0-0.14,6,"[""bimegu"",""tegoma"",""kudino"",""labude""]",rv8nfw3n2ufhnwd,zipfian,"[""bimegu"",""kudino"",""labude"",""tegoma""]",0.0,1.0,kudino,mekugo,kudino,mekugo,kudino,bimegu,kudino,labude,tegoma,2,2,86
segmentation_trial,333175,0.0-11.0-0.15,6,"[""bimegu"",""tegoma"",""kudino"",""labude""]",rv8nfw3n2ufhnwd,zipfian,"[""bimegu"",""kudino"",""labude"",""tegoma""]",1.0,0.0,tegoma,nodebu,tegoma,nodebu,nodebu,bimegu,kudino,labude,tegoma,4,2,175
segmentation_trial,314124,0.0-11.0-0.0,3,"[""dogiba"",""kalegu"",""tebodi"",""minato""]",pt1osnn1wbpdhj4,zipfian,"[""tebodi"",""dogiba"",""kalegu"",""minato""]",0.0,1.0,minato,nadite,minato,nadite,minato,tebodi,dogiba,kalegu,minato,4,1,131
segmentation_trial,320164,0.0-11.0-0.1,3,"[""dogiba"",""kalegu"",""tebodi"",""minato""]",pt1osnn1wbpdhj4,zipfian,"[""tebodi"",""dogiba"",""kalegu"",""minato""]",0.0,1.0,tebodi,bogumi,tebodi,bogumi,tebodi,tebodi,dogiba,kalegu,minato,1,1,168
segmentation_trial,327054,0.0-11.0-0.2,3,"[""dogiba"",""kalegu"",""tebodi"",""minato""]",pt1osnn1wbpdhj4,zipfian,"[""tebodi"",""dogiba"",""kalegu"",""minato""]",0.0,0.0,dogiba,gitoka,gitoka,dogiba,gitoka,tebodi,dogiba,kalegu,minato,2,1,33
segmentation_trial,333240,0.0-11.0-0.3,3,"[""dogiba"",""kalegu"",""tebodi"",""minato""]",pt1osnn1wbpdhj4,zipfian,"[""tebodi"",""dogiba"",""kalegu"",""minato""]",0.0,1.0,minato,bogumi,minato,bogumi,minato,tebodi,dogiba,kalegu,minato,4,1,128
segmentation_trial,339434,0.0-11.0-0.4,3,"[""dogiba"",""kalegu"",""tebodi"",""minato""]",pt1osnn1wbpdhj4,zipfian,"[""tebodi"",""dogiba"",""kalegu"",""minato""]",0.0,0.0,kalegu,gitoka,gitoka,kalegu,gitoka,tebodi,dogiba,kalegu,minato,3,1,69
segmentation_trial,346988,0.0-11.0-0.5,3,"[""dogiba"",""kalegu"",""tebodi"",""minato""]",pt1osnn1wbpdhj4,zipfian,"[""tebodi"",""dogiba"",""kalegu"",""minato""]",0.0,1.0,tebodi,nadite,tebodi,nadite,tebodi,tebodi,dogiba,kalegu,minato,1,1,171
segmentation_trial,353718,0.0-11.0-0.6,3,"[""dogiba"",""kalegu"",""tebodi"",""minato""]",pt1osnn1wbpdhj4,zipfian,"[""tebodi"",""dogiba"",""kalegu"",""minato""]",0.0,0.0,dogiba,lebado,lebado,dogiba,lebado,tebodi,dogiba,kalegu,minato,2,1,34
segmentation_trial,360352,0.0-11.0-0.7,3,"[""dogiba"",""kalegu"",""tebodi"",""minato""]",pt1osnn1wbpdhj4,zipfian,"[""tebodi"",""dogiba"",""kalegu"",""minato""]",0.0,0.0,tebodi,gitoka,gitoka,tebodi,gitoka,tebodi,dogiba,kalegu,minato,1,1,169
segmentation_trial,367726,0.0-11.0-0.8,3,"[""dogiba"",""kalegu"",""tebodi"",""minato""]",pt1osnn1wbpdhj4,zipfian,"[""tebodi"",""dogiba"",""kalegu"",""minato""]",1.0,0.0,kalegu,nadite,kalegu,nadite,nadite,tebodi,dogiba,kalegu,minato,3,1,71
segmentation_trial,373845,0.0-11.0-0.9,3,"[""dogiba"",""kalegu"",""tebodi"",""minato""]",pt1osnn1wbpdhj4,zipfian,"[""tebodi"",""dogiba"",""kalegu"",""minato""]",0.0,0.0,tebodi,lebado,lebado,tebodi,lebado,tebodi,dogiba,kalegu,minato,1,1,170
segmentation_trial,379812,0.0-11.0-0.10,3,"[""dogiba"",""kalegu"",""tebodi"",""minato""]",pt1osnn1wbpdhj4,zipfian,"[""tebodi"",""dogiba"",""kalegu"",""minato""]",0.0,1.0,kalegu,bogumi,kalegu,bogumi,kalegu,tebodi,dogiba,kalegu,minato,3,1,68
segmentation_trial,385446,0.0-11.0-0.11,3,"[""dogiba"",""kalegu"",""tebodi"",""minato""]",pt1osnn1wbpdhj4,zipfian,"[""tebodi"",""dogiba"",""kalegu"",""minato""]",0.0,0.0,minato,gitoka,gitoka,minato,gitoka,tebodi,dogiba,kalegu,minato,4,1,129
segmentation_trial,391875,0.0-11.0-0.12,3,"[""dogiba"",""kalegu"",""tebodi"",""minato""]",pt1osnn1wbpdhj4,zipfian,"[""tebodi"",""dogiba"",""kalegu"",""minato""]",0.0,0.0,kalegu,lebado,lebado,kalegu,lebado,tebodi,dogiba,kalegu,minato,3,1,70
segmentation_trial,398484,0.0-11.0-0.13,3,"[""dogiba"",""kalegu"",""tebodi"",""minato""]",pt1osnn1wbpdhj4,zipfian,"[""tebodi"",""dogiba"",""kalegu"",""minato""]",1.0,0.0,dogiba,nadite,dogiba,nadite,nadite,tebodi,dogiba,kalegu,minato,2,1,35
segmentation_trial,404650,0.0-11.0-0.14,3,"[""dogiba"",""kalegu"",""tebodi"",""minato""]",pt1osnn1wbpdhj4,zipfian,"[""tebodi"",""dogiba"",""kalegu"",""minato""]",0.0,0.0,minato,lebado,lebado,minato,lebado,tebodi,dogiba,kalegu,minato,4,1,130
segmentation_trial,410554,0.0-11.0-0.15,3,"[""dogiba"",""kalegu"",""tebodi"",""minato""]",pt1osnn1wbpdhj4,zipfian,"[""tebodi"",""dogiba"",""kalegu"",""minato""]",0.0,1.0,dogiba,bogumi,dogiba,bogumi,dogiba,tebodi,dogiba,kalegu,minato,2,1,32
segmentation_trial,222654,0.0-11.0-0.0,4,"[""gumeki"",""letumo"",""nodabu"",""digote""]",spn499dz47g2t9u,uniform,,1.0,1.0,letumo,teguda,teguda,letumo,letumo,,,,,0,2,115
segmentation_trial,228818,0.0-11.0-0.1,4,"[""gumeki"",""letumo"",""nodabu"",""digote""]",spn499dz47g2t9u,uniform,,0.0,1.0,gumeki,kinome,gumeki,kinome,gumeki,,,,,0,2,65
segmentation_trial,235017,0.0-11.0-0.2,4,"[""gumeki"",""letumo"",""nodabu"",""digote""]",spn499dz47g2t9u,uniform,,1.0,0.0,digote,bulego,digote,bulego,bulego,,,,,0,2,24
segmentation_trial,241481,0.0-11.0-0.3,4,"[""gumeki"",""letumo"",""nodabu"",""digote""]",spn499dz47g2t9u,uniform,,0.0,0.0,gumeki,teguda,teguda,gumeki,teguda,,,,,0,2,67
segmentation_trial,247704,0.0-11.0-0.4,4,"[""gumeki"",""letumo"",""nodabu"",""digote""]",spn499dz47g2t9u,uniform,,0.0,0.0,digote,moditu,moditu,digote,moditu,,,,,0,2,26
segmentation_trial,253761,0.0-11.0-0.5,4,"[""gumeki"",""letumo"",""nodabu"",""digote""]",spn499dz47g2t9u,uniform,,0.0,1.0,gumeki,bulego,gumeki,bulego,gumeki,,,,,0,2,64
segmentation_trial,259925,0.0-11.0-0.6,4,"[""gumeki"",""letumo"",""nodabu"",""digote""]",spn499dz47g2t9u,uniform,,1.0,0.0,nodabu,kinome,nodabu,kinome,kinome,,,,,0,2,157
segmentation_trial,266471,0.0-11.0-0.7,4,"[""gumeki"",""letumo"",""nodabu"",""digote""]",spn499dz47g2t9u,uniform,,1.0,1.0,letumo,moditu,moditu,letumo,letumo,,,,,0,2,114
segmentation_trial,272695,0.0-11.0-0.8,4,"[""gumeki"",""letumo"",""nodabu"",""digote""]",spn499dz47g2t9u,uniform,,0.0,1.0,nodabu,bulego,nodabu,bulego,nodabu,,,,,0,2,156
segmentation_trial,278883,0.0-11.0-0.9,4,"[""gumeki"",""letumo"",""nodabu"",""digote""]",spn499dz47g2t9u,uniform,,0.0,1.0,letumo,kinome,letumo,kinome,letumo,,,,,0,2,113
segmentation_trial,286076,0.0-11.0-0.10,4,"[""gumeki"",""letumo"",""nodabu"",""digote""]",spn499dz47g2t9u,uniform,,0.0,0.0,nodabu,teguda,teguda,nodabu,teguda,,,,,0,2,159
segmentation_trial,292563,0.0-11.0-0.11,4,"[""gumeki"",""letumo"",""nodabu"",""digote""]",spn499dz47g2t9u,uniform,,1.0,1.0,gumeki,moditu,moditu,gumeki,gumeki,,,,,0,2,66
segmentation_trial,299195,0.0-11.0-0.12,4,"[""gumeki"",""letumo"",""nodabu"",""digote""]",spn499dz47g2t9u,uniform,,1.0,0.0,letumo,bulego,letumo,bulego,bulego,,,,,0,2,112
segmentation_trial,306113,0.0-11.0-0.13,4,"[""gumeki"",""letumo"",""nodabu"",""digote""]",spn499dz47g2t9u,uniform,,1.0,1.0,digote,teguda,teguda,digote,digote,,,,,0,2,27
segmentation_trial,313093,0.0-11.0-0.14,4,"[""gumeki"",""letumo"",""nodabu"",""digote""]",spn499dz47g2t9u,uniform,,0.0,0.0,nodabu,moditu,moditu,nodabu,moditu,,,,,0,2,158
segmentation_trial,319796,0.0-11.0-0.15,4,"[""gumeki"",""letumo"",""nodabu"",""digote""]",spn499dz47g2t9u,uniform,,0.0,1.0,digote,kinome,digote,kinome,digote,,,,,0,2,25
segmentation_trial,235187,0.0-11.0-0.0,3,"[""dogiba"",""kalegu"",""tebodi"",""minato""]",jjx3ospzt3vlvmx,uniform,,1.0,1.0,minato,lebado,lebado,minato,minato,,,,,0,1,130
segmentation_trial,242507,0.0-11.0-0.1,3,"[""dogiba"",""kalegu"",""tebodi"",""minato""]",jjx3ospzt3vlvmx,uniform,,0.0,0.0,tebodi,gitoka,gitoka,tebodi,gitoka,,,,,0,1,169
segmentation_trial,248955,0.0-11.0-0.2,3,"[""dogiba"",""kalegu"",""tebodi"",""minato""]",jjx3ospzt3vlvmx,uniform,,1.0,1.0,kalegu,lebado,lebado,kalegu,kalegu,,,,,0,1,70
segmentation_trial,256251,0.0-11.0-0.3,3,"[""dogiba"",""kalegu"",""tebodi"",""minato""]",jjx3ospzt3vlvmx,uniform,,1.0,1.0,minato,gitoka,gitoka,minato,minato,,,,,0,1,129
segmentation_trial,264371,0.0-11.0-0.4,3,"[""dogiba"",""kalegu"",""tebodi"",""minato""]",jjx3ospzt3vlvmx,uniform,,1.0,0.0,tebodi,bogumi,tebodi,bogumi,bogumi,,,,,0,1,168
segmentation_trial,270571,0.0-11.0-0.5,3,"[""dogiba"",""kalegu"",""tebodi"",""minato""]",jjx3ospzt3vlvmx,uniform,,0.0,0.0,dogiba,gitoka,gitoka,dogiba,gitoka,,,,,0,1,33
segmentation_trial,276843,0.0-11.0-0.6,3,"[""dogiba"",""kalegu"",""tebodi"",""minato""]",jjx3ospzt3vlvmx,uniform,,0.0,1.0,kalegu,bogumi,kalegu,bogumi,kalegu,,,,,0,1,68
segmentation_trial,286699,0.0-11.0-0.7,3,"[""dogiba"",""kalegu"",""tebodi"",""minato""]",jjx3ospzt3vlvmx,uniform,,1.0,0.0,dogiba,nadite,dogiba,nadite,nadite,,,,,0,1,35
segmentation_trial,292946,0.0-11.0-0.8,3,"[""dogiba"",""kalegu"",""tebodi"",""minato""]",jjx3ospzt3vlvmx,uniform,,1.0,1.0,kalegu,gitoka,gitoka,kalegu,kalegu,,,,,0,1,69
segmentation_trial,299386,0.0-11.0-0.9,3,"[""dogiba"",""kalegu"",""tebodi"",""minato""]",jjx3ospzt3vlvmx,uniform,,0.0,1.0,tebodi,nadite,tebodi,nadite,tebodi,,,,,0,1,171
segmentation_trial,306426,0.0-11.0-0.10,3,"[""dogiba"",""kalegu"",""tebodi"",""minato""]",jjx3ospzt3vlvmx,uniform,,1.0,1.0,dogiba,lebado,lebado,dogiba,dogiba,,,,,0,1,34
segmentation_trial,313018,0.0-11.0-0.11,3,"[""dogiba"",""kalegu"",""tebodi"",""minato""]",jjx3ospzt3vlvmx,uniform,,0.0,1.0,minato,nadite,minato,nadite,minato,,,,,0,1,131
segmentation_trial,320458,0.0-11.0-0.12,3,"[""dogiba"",""kalegu"",""tebodi"",""minato""]",jjx3ospzt3vlvmx,uniform,,0.0,1.0,dogiba,bogumi,dogiba,bogumi,dogiba,,,,,0,1,32
segmentation_trial,328634,0.0-11.0-0.13,3,"[""dogiba"",""kalegu"",""tebodi"",""minato""]",jjx3ospzt3vlvmx,uniform,,1.0,1.0,tebodi,lebado,lebado,tebodi,tebodi,,,,,0,1,170
segmentation_trial,335266,0.0-11.0-0.14,3,"[""dogiba"",""kalegu"",""tebodi"",""minato""]",jjx3ospzt3vlvmx,uniform,,0.0,1.0,minato,bogumi,minato,bogumi,minato,,,,,0,1,128
segmentation_trial,341746,0.0-11.0-0.15,3,"[""dogiba"",""kalegu"",""tebodi"",""minato""]",jjx3ospzt3vlvmx,uniform,,0.0,1.0,kalegu,nadite,kalegu,nadite,kalegu,,,,,0,1,71
segmentation_trial,783453,0.0-11.0-0.0,5,"[""tobanu"",""gukema"",""delubo"",""lamodi""]",u3ezl6ogxhsvbyx,uniform,,0.0,1.0,delubo,mogude,delubo,mogude,delubo,,,,,0,1,22
segmentation_trial,790670,0.0-11.0-0.1,5,"[""tobanu"",""gukema"",""delubo"",""lamodi""]",u3ezl6ogxhsvbyx,uniform,,1.0,1.0,lamodi,nubola,nubola,lamodi,lamodi,,,,,0,1,103
segmentation_trial,797638,0.0-11.0-0.2,5,"[""tobanu"",""gukema"",""delubo"",""lamodi""]",u3ezl6ogxhsvbyx,uniform,,0.0,1.0,tobanu,mogude,tobanu,mogude,tobanu,,,,,0,1,186
segmentation_trial,803581,0.0-11.0-0.3,5,"[""tobanu"",""gukema"",""delubo"",""lamodi""]",u3ezl6ogxhsvbyx,uniform,,1.0,1.0,gukema,kediba,kediba,gukema,gukema,,,,,0,1,60
segmentation_trial,811190,0.0-11.0-0.4,5,"[""tobanu"",""gukema"",""delubo"",""lamodi""]",u3ezl6ogxhsvbyx,uniform,,0.0,0.0,delubo,nubola,nubola,delubo,nubola,,,,,0,1,23
segmentation_trial,817061,0.0-11.0-0.5,5,"[""tobanu"",""gukema"",""delubo"",""lamodi""]",u3ezl6ogxhsvbyx,uniform,,0.0,1.0,lamodi,matolu,lamodi,matolu,lamodi,,,,,0,1,101
segmentation_trial,823342,0.0-11.0-0.6,5,"[""tobanu"",""gukema"",""delubo"",""lamodi""]",u3ezl6ogxhsvbyx,uniform,,0.0,0.0,tobanu,nubola,nubola,tobanu,nubola,,,,,0,1,187
segmentation_trial,829238,0.0-11.0-0.7,5,"[""tobanu"",""gukema"",""delubo"",""lamodi""]",u3ezl6ogxhsvbyx,uniform,,1.0,1.0,lamodi,kediba,kediba,lamodi,lamodi,,,,,0,1,100
segmentation_trial,835717,0.0-11.0-0.8,5,"[""tobanu"",""gukema"",""delubo"",""lamodi""]",u3ezl6ogxhsvbyx,uniform,,0.0,0.0,gukema,nubola,nubola,gukema,nubola,,,,,0,1,63
segmentation_trial,845470,0.0-11.0-0.9,5,"[""tobanu"",""gukema"",""delubo"",""lamodi""]",u3ezl6ogxhsvbyx,uniform,,1.0,0.0,tobanu,matolu,tobanu,matolu,matolu,,,,,0,1,185
segmentation_trial,851733,0.0-11.0-0.10,5,"[""tobanu"",""gukema"",""delubo"",""lamodi""]",u3ezl6ogxhsvbyx,uniform,,0.0,1.0,gukema,mogude,gukema,mogude,gukema,,,,,0,1,62
segmentation_trial,858085,0.0-11.0-0.11,5,"[""tobanu"",""gukema"",""delubo"",""lamodi""]",u3ezl6ogxhsvbyx,uniform,,0.0,1.0,delubo,matolu,delubo,matolu,delubo,,,,,0,1,21
segmentation_trial,864309,0.0-11.0-0.12,5,"[""tobanu"",""gukema"",""delubo"",""lamodi""]",u3ezl6ogxhsvbyx,uniform,,0.0,1.0,lamodi,mogude,lamodi,mogude,lamodi,,,,,0,1,102
segmentation_trial,870558,0.0-11.0-0.13,5,"[""tobanu"",""gukema"",""delubo"",""lamodi""]",u3ezl6ogxhsvbyx,uniform,,1.0,1.0,delubo,kediba,kediba,delubo,delubo,,,,,0,1,20
segmentation_trial,878542,0.0-11.0-0.14,5,"[""tobanu"",""gukema"",""delubo"",""lamodi""]",u3ezl6ogxhsvbyx,uniform,,0.0,1.0,gukema,matolu,gukema,matolu,gukema,,,,,0,1,61
segmentation_trial,884510,0.0-11.0-0.15,5,"[""tobanu"",""gukema"",""delubo"",""lamodi""]",u3ezl6ogxhsvbyx,uniform,,1.0,1.0,tobanu,kediba,kediba,tobanu,tobanu,,,,,0,1,184
segmentation_trial,254746,0.0-11.0-0.0,2,"[""lakubi"",""negado"",""mudile"",""kitena""]",d7vaqkw2svz6fyw,zipfian,"[""negado"",""mudile"",""lakubi"",""kitena""]",0.0,1.0,mudile,dokine,mudile,dokine,mudile,negado,mudile,lakubi,kitena,2,1,141
segmentation_trial,260579,0.0-11.0-0.1,2,"[""lakubi"",""negado"",""mudile"",""kitena""]",d7vaqkw2svz6fyw,zipfian,"[""negado"",""mudile"",""lakubi"",""kitena""]",1.0,1.0,kitena,temula,temula,kitena,kitena,negado,mudile,lakubi,kitena,4,1,83
segmentation_trial,267179,0.0-11.0-0.2,2,"[""lakubi"",""negado"",""mudile"",""kitena""]",d7vaqkw2svz6fyw,zipfian,"[""negado"",""mudile"",""lakubi"",""kitena""]",0.0,1.0,lakubi,binaku,lakubi,binaku,lakubi,negado,mudile,lakubi,kitena,3,1,96
segmentation_trial,273904,0.0-11.0-0.3,2,"[""lakubi"",""negado"",""mudile"",""kitena""]",d7vaqkw2svz6fyw,zipfian,"[""negado"",""mudile"",""lakubi"",""kitena""]",1.0,1.0,negado,galedi,galedi,negado,negado,negado,mudile,lakubi,kitena,1,1,154
segmentation_trial,285035,0.0-11.0-0.4,2,"[""lakubi"",""negado"",""mudile"",""kitena""]",d7vaqkw2svz6fyw,zipfian,"[""negado"",""mudile"",""lakubi"",""kitena""]",1.0,0.0,lakubi,dokine,lakubi,dokine,dokine,negado,mudile,lakubi,kitena,3,1,97
segmentation_trial,294798,0.0-11.0-0.5,2,"[""lakubi"",""negado"",""mudile"",""kitena""]",d7vaqkw2svz6fyw,zipfian,"[""negado"",""mudile"",""lakubi"",""kitena""]",0.0,0.0,mudile,temula,temula,mudile,temula,negado,mudile,lakubi,kitena,2,1,143
segmentation_trial,304649,0.0-11.0-0.6,2,"[""lakubi"",""negado"",""mudile"",""kitena""]",d7vaqkw2svz6fyw,zipfian,"[""negado"",""mudile"",""lakubi"",""kitena""]",1.0,0.0,kitena,binaku,kitena,binaku,binaku,negado,mudile,lakubi,kitena,4,1,80
segmentation_trial,310570,0.0-11.0-0.7,2,"[""lakubi"",""negado"",""mudile"",""kitena""]",d7vaqkw2svz6fyw,zipfian,"[""negado"",""mudile"",""lakubi"",""kitena""]",0.0,1.0,negado,dokine,negado,dokine,negado,negado,mudile,lakubi,kitena,1,1,153
segmentation_trial,319931,0.0-11.0-0.8,2,"[""lakubi"",""negado"",""mudile"",""kitena""]",d7vaqkw2svz6fyw,zipfian,"[""negado"",""mudile"",""lakubi"",""kitena""]",0.0,0.0,kitena,galedi,galedi,kitena,galedi,negado,mudile,lakubi,kitena,4,1,82
segmentation_trial,330079,0.0-11.0-0.9,2,"[""lakubi"",""negado"",""mudile"",""kitena""]",d7vaqkw2svz6fyw,zipfian,"[""negado"",""mudile"",""lakubi"",""kitena""]",0.0,0.0,lakubi,temula,temula,lakubi,temula,negado,mudile,lakubi,kitena,3,1,99
segmentation_trial,338823,0.0-11.0-0.10,2,"[""lakubi"",""negado"",""mudile"",""kitena""]",d7vaqkw2svz6fyw,zipfian,"[""negado"",""mudile"",""lakubi"",""kitena""]",0.0,1.0,mudile,binaku,mudile,binaku,mudile,negado,mudile,lakubi,kitena,2,1,140
segmentation_trial,347122,0.0-11.0-0.11,2,"[""lakubi"",""negado"",""mudile"",""kitena""]",d7vaqkw2svz6fyw,zipfian,"[""negado"",""mudile"",""lakubi"",""kitena""]",0.0,0.0,negado,temula,temula,negado,temula,negado,mudile,lakubi,kitena,1,1,155
segmentation_trial,354551,0.0-11.0-0.12,2,"[""lakubi"",""negado"",""mudile"",""kitena""]",d7vaqkw2svz6fyw,zipfian,"[""negado"",""mudile"",""lakubi"",""kitena""]",1.0,1.0,lakubi,galedi,galedi,lakubi,lakubi,negado,mudile,lakubi,kitena,3,1,98
segmentation_trial,363124,0.0-11.0-0.13,2,"[""lakubi"",""negado"",""mudile"",""kitena""]",d7vaqkw2svz6fyw,zipfian,"[""negado"",""mudile"",""lakubi"",""kitena""]",1.0,0.0,negado,binaku,negado,binaku,binaku,negado,mudile,lakubi,kitena,1,1,152
segmentation_trial,371622,0.0-11.0-0.14,2,"[""lakubi"",""negado"",""mudile"",""kitena""]",d7vaqkw2svz6fyw,zipfian,"[""negado"",""mudile"",""lakubi"",""kitena""]",1.0,0.0,kitena,dokine,kitena,dokine,dokine,negado,mudile,lakubi,kitena,4,1,81
segmentation_trial,378657,0.0-11.0-0.15,2,"[""lakubi"",""negado"",""mudile"",""kitena""]",d7vaqkw2svz6fyw,zipfian,"[""negado"",""mudile"",""lakubi"",""kitena""]",1.0,1.0,mudile,galedi,galedi,mudile,mudile,negado,mudile,lakubi,kitena,2,1,142
segmentation_trial,435690,0.0-11.0-0.0,2,"[""lakubi"",""negado"",""mudile"",""kitena""]",baksl3epkd8d2f5,zipfian,"[""mudile"",""negado"",""lakubi"",""kitena""]",1.0,1.0,kitena,temula,temula,kitena,kitena,mudile,negado,lakubi,kitena,4,1,83
segmentation_trial,441920,0.0-11.0-0.1,2,"[""lakubi"",""negado"",""mudile"",""kitena""]",baksl3epkd8d2f5,zipfian,"[""mudile"",""negado"",""lakubi"",""kitena""]",0.0,1.0,negado,binaku,negado,binaku,negado,mudile,negado,lakubi,kitena,2,1,152
segmentation_trial,448066,0.0-11.0-0.2,2,"[""lakubi"",""negado"",""mudile"",""kitena""]",baksl3epkd8d2f5,zipfian,"[""mudile"",""negado"",""lakubi"",""kitena""]",1.0,1.0,mudile,temula,temula,mudile,mudile,mudile,negado,lakubi,kitena,1,1,143
segmentation_trial,454677,0.0-11.0-0.3,2,"[""lakubi"",""negado"",""mudile"",""kitena""]",baksl3epkd8d2f5,zipfian,"[""mudile"",""negado"",""lakubi"",""kitena""]",1.0,1.0,kitena,galedi,galedi,kitena,kitena,mudile,negado,lakubi,kitena,4,1,82
segmentation_trial,461195,0.0-11.0-0.4,2,"[""lakubi"",""negado"",""mudile"",""kitena""]",baksl3epkd8d2f5,zipfian,"[""mudile"",""negado"",""lakubi"",""kitena""]",1.0,0.0,lakubi,binaku,lakubi,binaku,binaku,mudile,negado,lakubi,kitena,3,1,96
segmentation_trial,467535,0.0-11.0-0.5,2,"[""lakubi"",""negado"",""mudile"",""kitena""]",baksl3epkd8d2f5,zipfian,"[""mudile"",""negado"",""lakubi"",""kitena""]",1.0,1.0,mudile,galedi,galedi,mudile,mudile,mudile,negado,lakubi,kitena,1,1,142
segmentation_trial,474185,0.0-11.0-0.6,2,"[""lakubi"",""negado"",""mudile"",""kitena""]",baksl3epkd8d2f5,zipfian,"[""mudile"",""negado"",""lakubi"",""kitena""]",0.0,1.0,negado,dokine,negado,dokine,negado,mudile,negado,lakubi,kitena,2,1,153
segmentation_trial,480584,0.0-11.0-0.7,2,"[""lakubi"",""negado"",""mudile"",""kitena""]",baksl3epkd8d2f5,zipfian,"[""mudile"",""negado"",""lakubi"",""kitena""]",1.0,1.0,lakubi,galedi,galedi,lakubi,lakubi,mudile,negado,lakubi,kitena,3,1,98
segmentation_trial,486900,0.0-11.0-0.8,2,"[""lakubi"",""negado"",""mudile"",""kitena""]",baksl3epkd8d2f5,zipfian,"[""mudile"",""negado"",""lakubi"",""kitena""]",0.0,1.0,mudile,binaku,mudile,binaku,mudile,mudile,negado,lakubi,kitena,1,1,140
segmentation_trial,493649,0.0-11.0-0.9,2,"[""lakubi"",""negado"",""mudile"",""kitena""]",baksl3epkd8d2f5,zipfian,"[""mudile"",""negado"",""lakubi"",""kitena""]",0.0,1.0,kitena,dokine,kitena,dokine,kitena,mudile,negado,lakubi,kitena,4,1,81
segmentation_trial,499835,0.0-11.0-0.10,2,"[""lakubi"",""negado"",""mudile"",""kitena""]",baksl3epkd8d2f5,zipfian,"[""mudile"",""negado"",""lakubi"",""kitena""]",1.0,1.0,negado,temula,temula,negado,negado,mudile,negado,lakubi,kitena,2,1,155
segmentation_trial,506648,0.0-11.0-0.11,2,"[""lakubi"",""negado"",""mudile"",""kitena""]",baksl3epkd8d2f5,zipfian,"[""mudile"",""negado"",""lakubi"",""kitena""]",0.0,1.0,mudile,dokine,mudile,dokine,mudile,mudile,negado,lakubi,kitena,1,1,141
segmentation_trial,513040,0.0-11.0-0.12,2,"[""lakubi"",""negado"",""mudile"",""kitena""]",baksl3epkd8d2f5,zipfian,"[""mudile"",""negado"",""lakubi"",""kitena""]",1.0,1.0,lakubi,temula,temula,lakubi,lakubi,mudile,negado,lakubi,kitena,3,1,99
segmentation_trial,519943,0.0-11.0-0.13,2,"[""lakubi"",""negado"",""mudile"",""kitena""]",baksl3epkd8d2f5,zipfian,"[""mudile"",""negado"",""lakubi"",""kitena""]",1.0,0.0,kitena,binaku,kitena,binaku,binaku,mudile,negado,lakubi,kitena,4,1,80
segmentation_trial,526789,0.0-11.0-0.14,2,"[""lakubi"",""negado"",""mudile"",""kitena""]",baksl3epkd8d2f5,zipfian,"[""mudile"",""negado"",""lakubi"",""kitena""]",1.0,1.0,negado,galedi,galedi,negado,negado,mudile,negado,lakubi,kitena,2,1,154
segmentation_trial,533552,0.0-11.0-0.15,2,"[""lakubi"",""negado"",""mudile"",""kitena""]",baksl3epkd8d2f5,zipfian,"[""mudile"",""negado"",""lakubi"",""kitena""]",0.0,1.0,lakubi,dokine,lakubi,dokine,lakubi,mudile,negado,lakubi,kitena,3,1,97
segmentation_trial,219255,0.0-11.0-0.0,3,"[""nadite"",""lebado"",""bogumi"",""gitoka""]",so9t9p4eq3dvr1y,zipfian,"[""nadite"",""bogumi"",""gitoka"",""lebado""]",1.0,1.0,bogumi,minato,minato,bogumi,bogumi,nadite,bogumi,gitoka,lebado,2,2,10
segmentation_trial,225114,0.0-11.0-0.1,3,"[""nadite"",""lebado"",""bogumi"",""gitoka""]",so9t9p4eq3dvr1y,zipfian,"[""nadite"",""bogumi"",""gitoka"",""lebado""]",0.0,1.0,gitoka,tebodi,gitoka,tebodi,gitoka,nadite,bogumi,gitoka,lebado,3,2,55
segmentation_trial,231180,0.0-11.0-0.2,3,"[""nadite"",""lebado"",""bogumi"",""gitoka""]",so9t9p4eq3dvr1y,zipfian,"[""nadite"",""bogumi"",""gitoka"",""lebado""]",0.0,1.0,lebado,dogiba,lebado,dogiba,lebado,nadite,bogumi,gitoka,lebado,4,2,104
segmentation_trial,236929,0.0-11.0-0.3,3,"[""nadite"",""lebado"",""bogumi"",""gitoka""]",so9t9p4eq3dvr1y,zipfian,"[""nadite"",""bogumi"",""gitoka"",""lebado""]",0.0,1.0,bogumi,tebodi,bogumi,tebodi,bogumi,nadite,bogumi,gitoka,lebado,2,2,11
segmentation_trial,242839,0.0-11.0-0.4,3,"[""nadite"",""lebado"",""bogumi"",""gitoka""]",so9t9p4eq3dvr1y,zipfian,"[""nadite"",""bogumi"",""gitoka"",""lebado""]",1.0,1.0,gitoka,kalegu,kalegu,gitoka,gitoka,nadite,bogumi,gitoka,lebado,3,2,53
segmentation_trial,248749,0.0-11.0-0.5,3,"[""nadite"",""lebado"",""bogumi"",""gitoka""]",so9t9p4eq3dvr1y,zipfian,"[""nadite"",""bogumi"",""gitoka"",""lebado""]",1.0,1.0,lebado,minato,minato,lebado,lebado,nadite,bogumi,gitoka,lebado,4,2,106
segmentation_trial,254544,0.0-11.0-0.6,3,"[""nadite"",""lebado"",""bogumi"",""gitoka""]",so9t9p4eq3dvr1y,zipfian,"[""nadite"",""bogumi"",""gitoka"",""lebado""]",0.0,1.0,bogumi,dogiba,bogumi,dogiba,bogumi,nadite,bogumi,gitoka,lebado,2,2,8
segmentation_trial,260329,0.0-11.0-0.7,3,"[""nadite"",""lebado"",""bogumi"",""gitoka""]",so9t9p4eq3dvr1y,zipfian,"[""nadite"",""bogumi"",""gitoka"",""lebado""]",1.0,1.0,nadite,kalegu,kalegu,nadite,nadite,nadite,bogumi,gitoka,lebado,1,2,145
segmentation_trial,266045,0.0-11.0-0.8,3,"[""nadite"",""lebado"",""bogumi"",""gitoka""]",so9t9p4eq3dvr1y,zipfian,"[""nadite"",""bogumi"",""gitoka"",""lebado""]",1.0,1.0,gitoka,minato,minato,gitoka,gitoka,nadite,bogumi,gitoka,lebado,3,2,54
segmentation_trial,271924,0.0-11.0-0.9,3,"[""nadite"",""lebado"",""bogumi"",""gitoka""]",so9t9p4eq3dvr1y,zipfian,"[""nadite"",""bogumi"",""gitoka"",""lebado""]",0.0,1.0,nadite,tebodi,nadite,tebodi,nadite,nadite,bogumi,gitoka,lebado,1,2,147
segmentation_trial,277985,0.0-11.0-0.10,3,"[""nadite"",""lebado"",""bogumi"",""gitoka""]",so9t9p4eq3dvr1y,zipfian,"[""nadite"",""bogumi"",""gitoka"",""lebado""]",1.0,1.0,bogumi,kalegu,kalegu,bogumi,bogumi,nadite,bogumi,gitoka,lebado,2,2,9
segmentation_trial,283854,0.0-11.0-0.11,3,"[""nadite"",""lebado"",""bogumi"",""gitoka""]",so9t9p4eq3dvr1y,zipfian,"[""nadite"",""bogumi"",""gitoka"",""lebado""]",1.0,1.0,nadite,minato,minato,nadite,nadite,nadite,bogumi,gitoka,lebado,1,2,146
segmentation_trial,289600,0.0-11.0-0.12,3,"[""nadite"",""lebado"",""bogumi"",""gitoka""]",so9t9p4eq3dvr1y,zipfian,"[""nadite"",""bogumi"",""gitoka"",""lebado""]",0.0,1.0,lebado,tebodi,lebado,tebodi,lebado,nadite,bogumi,gitoka,lebado,4,2,107
segmentation_trial,295420,0.0-11.0-0.13,3,"[""nadite"",""lebado"",""bogumi"",""gitoka""]",so9t9p4eq3dvr1y,zipfian,"[""nadite"",""bogumi"",""gitoka"",""lebado""]",0.0,1.0,nadite,dogiba,nadite,dogiba,nadite,nadite,bogumi,gitoka,lebado,1,2,144
segmentation_trial,301369,0.0-11.0-0.14,3,"[""nadite"",""lebado"",""bogumi"",""gitoka""]",so9t9p4eq3dvr1y,zipfian,"[""nadite"",""bogumi"",""gitoka"",""lebado""]",1.0,1.0,lebado,kalegu,kalegu,lebado,lebado,nadite,bogumi,gitoka,lebado,4,2,105
segmentation_trial,307175,0.0-11.0-0.15,3,"[""nadite"",""lebado"",""bogumi"",""gitoka""]",so9t9p4eq3dvr1y,zipfian,"[""nadite"",""bogumi"",""gitoka"",""lebado""]",0.0,1.0,gitoka,dogiba,gitoka,dogiba,gitoka,nadite,bogumi,gitoka,lebado,3,2,52
segmentation_trial,260817,0.0-11.0-0.0,1,"[""lemaku"",""gibeto"",""bugona"",""dotumi""]",upxjy9vcbac0275,zipfian,"[""lemaku"",""gibeto"",""bugona"",""dotumi""]",1.0,1.0,gibeto,midobe,midobe,gibeto,gibeto,lemaku,gibeto,bugona,dotumi,2,2,49
segmentation_trial,266740,0.0-11.0-0.1,1,"[""lemaku"",""gibeto"",""bugona"",""dotumi""]",upxjy9vcbac0275,zipfian,"[""lemaku"",""gibeto"",""bugona"",""dotumi""]",0.0,1.0,bugona,kulego,bugona,kulego,bugona,lemaku,gibeto,bugona,dotumi,3,2,12
segmentation_trial,273444,0.0-11.0-0.2,1,"[""lemaku"",""gibeto"",""bugona"",""dotumi""]",upxjy9vcbac0275,zipfian,"[""lemaku"",""gibeto"",""bugona"",""dotumi""]",1.0,1.0,lemaku,nagitu,nagitu,lemaku,lemaku,lemaku,gibeto,bugona,dotumi,1,2,110
segmentation_trial,282655,0.0-11.0-0.3,1,"[""lemaku"",""gibeto"",""bugona"",""dotumi""]",upxjy9vcbac0275,zipfian,"[""lemaku"",""gibeto"",""bugona"",""dotumi""]",0.0,1.0,dotumi,tobuma,dotumi,tobuma,dotumi,lemaku,gibeto,bugona,dotumi,4,2,43
segmentation_trial,288666,0.0-11.0-0.4,1,"[""lemaku"",""gibeto"",""bugona"",""dotumi""]",upxjy9vcbac0275,zipfian,"[""lemaku"",""gibeto"",""bugona"",""dotumi""]",0.0,1.0,lemaku,kulego,lemaku,kulego,lemaku,lemaku,gibeto,bugona,dotumi,1,2,108
segmentation_trial,294521,0.0-11.0-0.5,1,"[""lemaku"",""gibeto"",""bugona"",""dotumi""]",upxjy9vcbac0275,zipfian,"[""lemaku"",""gibeto"",""bugona"",""dotumi""]",0.0,1.0,bugona,tobuma,bugona,tobuma,bugona,lemaku,gibeto,bugona,dotumi,3,2,15
segmentation_trial,300532,0.0-11.0-0.6,1,"[""lemaku"",""gibeto"",""bugona"",""dotumi""]",upxjy9vcbac0275,zipfian,"[""lemaku"",""gibeto"",""bugona"",""dotumi""]",1.0,1.0,dotumi,midobe,midobe,dotumi,dotumi,lemaku,gibeto,bugona,dotumi,4,2,41
segmentation_trial,306234,0.0-11.0-0.7,1,"[""lemaku"",""gibeto"",""bugona"",""dotumi""]",upxjy9vcbac0275,zipfian,"[""lemaku"",""gibeto"",""bugona"",""dotumi""]",0.0,1.0,gibeto,kulego,gibeto,kulego,gibeto,lemaku,gibeto,bugona,dotumi,2,2,48
segmentation_trial,312074,0.0-11.0-0.8,1,"[""lemaku"",""gibeto"",""bugona"",""dotumi""]",upxjy9vcbac0275,zipfian,"[""lemaku"",""gibeto"",""bugona"",""dotumi""]",1.0,1.0,lemaku,midobe,midobe,lemaku,lemaku,lemaku,gibeto,bugona,dotumi,1,2,109
segmentation_trial,317931,0.0-11.0-0.9,1,"[""lemaku"",""gibeto"",""bugona"",""dotumi""]",upxjy9vcbac0275,zipfian,"[""lemaku"",""gibeto"",""bugona"",""dotumi""]",1.0,1.0,bugona,nagitu,nagitu,bugona,bugona,lemaku,gibeto,bugona,dotumi,3,2,14
segmentation_trial,324094,0.0-11.0-0.10,1,"[""lemaku"",""gibeto"",""bugona"",""dotumi""]",upxjy9vcbac0275,zipfian,"[""lemaku"",""gibeto"",""bugona"",""dotumi""]",0.0,1.0,dotumi,kulego,dotumi,kulego,dotumi,lemaku,gibeto,bugona,dotumi,4,2,40
segmentation_trial,329922,0.0-11.0-0.11,1,"[""lemaku"",""gibeto"",""bugona"",""dotumi""]",upxjy9vcbac0275,zipfian,"[""lemaku"",""gibeto"",""bugona"",""dotumi""]",1.0,1.0,gibeto,nagitu,nagitu,gibeto,gibeto,lemaku,gibeto,bugona,dotumi,2,2,50
segmentation_trial,335410,0.0-11.0-0.12,1,"[""lemaku"",""gibeto"",""bugona"",""dotumi""]",upxjy9vcbac0275,zipfian,"[""lemaku"",""gibeto"",""bugona"",""dotumi""]",0.0,1.0,lemaku,tobuma,lemaku,tobuma,lemaku,lemaku,gibeto,bugona,dotumi,1,2,111
segmentation_trial,343877,0.0-11.0-0.13,1,"[""lemaku"",""gibeto"",""bugona"",""dotumi""]",upxjy9vcbac0275,zipfian,"[""lemaku"",""gibeto"",""bugona"",""dotumi""]",1.0,1.0,dotumi,nagitu,nagitu,dotumi,dotumi,lemaku,gibeto,bugona,dotumi,4,2,42
segmentation_trial,349372,0.0-11.0-0.14,1,"[""lemaku"",""gibeto"",""bugona"",""dotumi""]",upxjy9vcbac0275,zipfian,"[""lemaku"",""gibeto"",""bugona"",""dotumi""]",0.0,1.0,gibeto,tobuma,gibeto,tobuma,gibeto,lemaku,gibeto,bugona,dotumi,2,2,51
segmentation_trial,355221,0.0-11.0-0.15,1,"[""lemaku"",""gibeto"",""bugona"",""dotumi""]",upxjy9vcbac0275,zipfian,"[""lemaku"",""gibeto"",""bugona"",""dotumi""]",1.0,1.0,bugona,midobe,midobe,bugona,bugona,lemaku,gibeto,bugona,dotumi,3,2,13
segmentation_trial,352964,0.0-11.0-0.0,6,"[""nodebu"",""dimate"",""mekugo"",""gubila""]",qbbjqtlphl0bhea,zipfian,"[""mekugo"",""nodebu"",""dimate"",""gubila""]",0.0,0.0,dimate,labude,labude,dimate,labude,mekugo,nodebu,dimate,gubila,3,1,30
segmentation_trial,360652,0.0-11.0-0.1,6,"[""nodebu"",""dimate"",""mekugo"",""gubila""]",qbbjqtlphl0bhea,zipfian,"[""mekugo"",""nodebu"",""dimate"",""gubila""]",0.0,1.0,nodebu,bimegu,nodebu,bimegu,nodebu,mekugo,nodebu,dimate,gubila,2,1,160
segmentation_trial,367051,0.0-11.0-0.2,6,"[""nodebu"",""dimate"",""mekugo"",""gubila""]",qbbjqtlphl0bhea,zipfian,"[""mekugo"",""nodebu"",""dimate"",""gubila""]",0.0,1.0,gubila,kudino,gubila,kudino,gubila,mekugo,nodebu,dimate,gubila,4,1,57
segmentation_trial,373782,0.0-11.0-0.3,6,"[""nodebu"",""dimate"",""mekugo"",""gubila""]",qbbjqtlphl0bhea,zipfian,"[""mekugo"",""nodebu"",""dimate"",""gubila""]",1.0,1.0,mekugo,labude,labude,mekugo,mekugo,mekugo,nodebu,dimate,gubila,1,1,122
segmentation_trial,380466,0.0-11.0-0.4,6,"[""nodebu"",""dimate"",""mekugo"",""gubila""]",qbbjqtlphl0bhea,zipfian,"[""mekugo"",""nodebu"",""dimate"",""gubila""]",0.0,1.0,dimate,kudino,dimate,kudino,dimate,mekugo,nodebu,dimate,gubila,3,1,29
segmentation_trial,386607,0.0-11.0-0.5,6,"[""nodebu"",""dimate"",""mekugo"",""gubila""]",qbbjqtlphl0bhea,zipfian,"[""mekugo"",""nodebu"",""dimate"",""gubila""]",0.0,1.0,mekugo,bimegu,mekugo,bimegu,mekugo,mekugo,nodebu,dimate,gubila,1,1,120
segmentation_trial,393020,0.0-11.0-0.6,6,"[""nodebu"",""dimate"",""mekugo"",""gubila""]",qbbjqtlphl0bhea,zipfian,"[""mekugo"",""nodebu"",""dimate"",""gubila""]",1.0,1.0,gubila,tegoma,tegoma,gubila,gubila,mekugo,nodebu,dimate,gubila,4,1,59
segmentation_trial,399656,0.0-11.0-0.7,6,"[""nodebu"",""dimate"",""mekugo"",""gubila""]",qbbjqtlphl0bhea,zipfian,"[""mekugo"",""nodebu"",""dimate"",""gubila""]",0.0,1.0,mekugo,kudino,mekugo,kudino,mekugo,mekugo,nodebu,dimate,gubila,1,1,121
segmentation_trial,407665,0.0-11.0-0.8,6,"[""nodebu"",""dimate"",""mekugo"",""gubila""]",qbbjqtlphl0bhea,zipfian,"[""mekugo"",""nodebu"",""dimate"",""gubila""]",0.0,1.0,dimate,bimegu,dimate,bimegu,dimate,mekugo,nodebu,dimate,gubila,3,1,28
segmentation_trial,413741,0.0-11.0-0.9,6,"[""nodebu"",""dimate"",""mekugo"",""gubila""]",qbbjqtlphl0bhea,zipfian,"[""mekugo"",""nodebu"",""dimate"",""gubila""]",0.0,1.0,nodebu,kudino,nodebu,kudino,nodebu,mekugo,nodebu,dimate,gubila,2,1,161
segmentation_trial,419962,0.0-11.0-0.10,6,"[""nodebu"",""dimate"",""mekugo"",""gubila""]",qbbjqtlphl0bhea,zipfian,"[""mekugo"",""nodebu"",""dimate"",""gubila""]",1.0,0.0,gubila,bimegu,gubila,bimegu,bimegu,mekugo,nodebu,dimate,gubila,4,1,56
segmentation_trial,426231,0.0-11.0-0.11,6,"[""nodebu"",""dimate"",""mekugo"",""gubila""]",qbbjqtlphl0bhea,zipfian,"[""mekugo"",""nodebu"",""dimate"",""gubila""]",1.0,1.0,mekugo,tegoma,tegoma,mekugo,mekugo,mekugo,nodebu,dimate,gubila,1,1,123
segmentation_trial,432582,0.0-11.0-0.12,6,"[""nodebu"",""dimate"",""mekugo"",""gubila""]",qbbjqtlphl0bhea,zipfian,"[""mekugo"",""nodebu"",""dimate"",""gubila""]",1.0,1.0,nodebu,labude,labude,nodebu,nodebu,mekugo,nodebu,dimate,gubila,2,1,162
segmentation_trial,439073,0.0-11.0-0.13,6,"[""nodebu"",""dimate"",""mekugo"",""gubila""]",qbbjqtlphl0bhea,zipfian,"[""mekugo"",""nodebu"",""dimate"",""gubila""]",0.0,0.0,dimate,tegoma,tegoma,dimate,tegoma,mekugo,nodebu,dimate,gubila,3,1,31
segmentation_trial,445502,0.0-11.0-0.14,6,"[""nodebu"",""dimate"",""mekugo"",""gubila""]",qbbjqtlphl0bhea,zipfian,"[""mekugo"",""nodebu"",""dimate"",""gubila""]",1.0,1.0,gubila,labude,labude,gubila,gubila,mekugo,nodebu,dimate,gubila,4,1,58
segmentation_trial,451819,0.0-11.0-0.15,6,"[""nodebu"",""dimate"",""mekugo"",""gubila""]",qbbjqtlphl0bhea,zipfian,"[""mekugo"",""nodebu"",""dimate"",""gubila""]",0.0,0.0,nodebu,tegoma,tegoma,nodebu,tegoma,mekugo,nodebu,dimate,gubila,2,1,163
segmentation_trial,351326,0.0-11.0-0.0,4,"[""gumeki"",""letumo"",""nodabu"",""digote""]",xflut8xwtsbu2f2,uniform,,0.0,1.0,digote,bulego,digote,bulego,digote,,,,,0,2,24
segmentation_trial,360134,0.0-11.0-0.1,4,"[""gumeki"",""letumo"",""nodabu"",""digote""]",xflut8xwtsbu2f2,uniform,,1.0,1.0,gumeki,teguda,teguda,gumeki,gumeki,,,,,0,2,67
segmentation_trial,367788,0.0-11.0-0.2,4,"[""gumeki"",""letumo"",""nodabu"",""digote""]",xflut8xwtsbu2f2,uniform,,0.0,1.0,digote,kinome,digote,kinome,digote,,,,,0,2,25
segmentation_trial,392677,0.0-11.0-0.3,4,"[""gumeki"",""letumo"",""nodabu"",""digote""]",xflut8xwtsbu2f2,uniform,,0.0,0.0,nodabu,teguda,teguda,nodabu,teguda,,,,,0,2,159
segmentation_trial,399212,0.0-11.0-0.4,4,"[""gumeki"",""letumo"",""nodabu"",""digote""]",xflut8xwtsbu2f2,uniform,,1.0,0.0,gumeki,kinome,gumeki,kinome,kinome,,,,,0,2,65
segmentation_trial,406741,0.0-11.0-0.5,4,"[""gumeki"",""letumo"",""nodabu"",""digote""]",xflut8xwtsbu2f2,uniform,,1.0,1.0,digote,moditu,moditu,digote,digote,,,,,0,2,26
segmentation_trial,414148,0.0-11.0-0.6,4,"[""gumeki"",""letumo"",""nodabu"",""digote""]",xflut8xwtsbu2f2,uniform,,0.0,1.0,nodabu,bulego,nodabu,bulego,nodabu,,,,,0,2,156
segmentation_trial,421680,0.0-11.0-0.7,4,"[""gumeki"",""letumo"",""nodabu"",""digote""]",xflut8xwtsbu2f2,uniform,,0.0,1.0,letumo,kinome,letumo,kinome,letumo,,,,,0,2,113
segmentation_trial,428341,0.0-11.0-0.8,4,"[""gumeki"",""letumo"",""nodabu"",""digote""]",xflut8xwtsbu2f2,uniform,,1.0,1.0,gumeki,moditu,moditu,gumeki,gumeki,,,,,0,2,66
segmentation_trial,436581,0.0-11.0-0.9,4,"[""gumeki"",""letumo"",""nodabu"",""digote""]",xflut8xwtsbu2f2,uniform,,1.0,1.0,letumo,teguda,teguda,letumo,letumo,,,,,0,2,115
segmentation_trial,443772,0.0-11.0-0.10,4,"[""gumeki"",""letumo"",""nodabu"",""digote""]",xflut8xwtsbu2f2,uniform,,1.0,0.0,gumeki,bulego,gumeki,bulego,bulego,,,,,0,2,64
segmentation_trial,455444,0.0-11.0-0.11,4,"[""gumeki"",""letumo"",""nodabu"",""digote""]",xflut8xwtsbu2f2,uniform,,0.0,1.0,nodabu,kinome,nodabu,kinome,nodabu,,,,,0,2,157
segmentation_trial,462252,0.0-11.0-0.12,4,"[""gumeki"",""letumo"",""nodabu"",""digote""]",xflut8xwtsbu2f2,uniform,,0.0,1.0,letumo,bulego,letumo,bulego,letumo,,,,,0,2,112
segmentation_trial,468436,0.0-11.0-0.13,4,"[""gumeki"",""letumo"",""nodabu"",""digote""]",xflut8xwtsbu2f2,uniform,,1.0,1.0,nodabu,moditu,moditu,nodabu,nodabu,,,,,0,2,158
segmentation_trial,475180,0.0-11.0-0.14,4,"[""gumeki"",""letumo"",""nodabu"",""digote""]",xflut8xwtsbu2f2,uniform,,1.0,1.0,digote,teguda,teguda,digote,digote,,,,,0,2,27
segmentation_trial,481916,0.0-11.0-0.15,4,"[""gumeki"",""letumo"",""nodabu"",""digote""]",xflut8xwtsbu2f2,uniform,,1.0,1.0,letumo,moditu,moditu,letumo,letumo,,,,,0,2,114
segmentation_trial,214161,0.0-11.0-0.0,3,"[""dogiba"",""kalegu"",""tebodi"",""minato""]",j9ngjupzqqgly7d,uniform,,0.0,0.0,tebodi,gitoka,gitoka,tebodi,gitoka,,,,,0,1,169
segmentation_trial,221311,0.0-11.0-0.1,3,"[""dogiba"",""kalegu"",""tebodi"",""minato""]",j9ngjupzqqgly7d,uniform,,0.0,0.0,kalegu,lebado,lebado,kalegu,lebado,,,,,0,1,70
segmentation_trial,227830,0.0-11.0-0.2,3,"[""dogiba"",""kalegu"",""tebodi"",""minato""]",j9ngjupzqqgly7d,uniform,,1.0,0.0,dogiba,bogumi,dogiba,bogumi,bogumi,,,,,0,1,32
segmentation_trial,234644,0.0-11.0-0.3,3,"[""dogiba"",""kalegu"",""tebodi"",""minato""]",j9ngjupzqqgly7d,uniform,,1.0,0.0,tebodi,nadite,tebodi,nadite,nadite,,,,,0,1,171
segmentation_trial,242577,0.0-11.0-0.4,3,"[""dogiba"",""kalegu"",""tebodi"",""minato""]",j9ngjupzqqgly7d,uniform,,1.0,1.0,minato,gitoka,gitoka,minato,minato,,,,,0,1,129
segmentation_trial,249016,0.0-11.0-0.5,3,"[""dogiba"",""kalegu"",""tebodi"",""minato""]",j9ngjupzqqgly7d,uniform,,0.0,0.0,dogiba,lebado,lebado,dogiba,lebado,,,,,0,1,34
segmentation_trial,255229,0.0-11.0-0.6,3,"[""dogiba"",""kalegu"",""tebodi"",""minato""]",j9ngjupzqqgly7d,uniform,,1.0,0.0,kalegu,nadite,kalegu,nadite,nadite,,,,,0,1,71
segmentation_trial,261932,0.0-11.0-0.7,3,"[""dogiba"",""kalegu"",""tebodi"",""minato""]",j9ngjupzqqgly7d,uniform,,0.0,0.0,dogiba,gitoka,gitoka,dogiba,gitoka,,,,,0,1,33
segmentation_trial,268977,0.0-11.0-0.8,3,"[""dogiba"",""kalegu"",""tebodi"",""minato""]",j9ngjupzqqgly7d,uniform,,1.0,0.0,kalegu,bogumi,kalegu,bogumi,bogumi,,,,,0,1,68
segmentation_trial,275244,0.0-11.0-0.9,3,"[""dogiba"",""kalegu"",""tebodi"",""minato""]",j9ngjupzqqgly7d,uniform,,1.0,0.0,dogiba,nadite,dogiba,nadite,nadite,,,,,0,1,35
segmentation_trial,282179,0.0-11.0-0.10,3,"[""dogiba"",""kalegu"",""tebodi"",""minato""]",j9ngjupzqqgly7d,uniform,,1.0,0.0,tebodi,bogumi,tebodi,bogumi,bogumi,,,,,0,1,168
segmentation_trial,288727,0.0-11.0-0.11,3,"[""dogiba"",""kalegu"",""tebodi"",""minato""]",j9ngjupzqqgly7d,uniform,,1.0,1.0,minato,lebado,lebado,minato,minato,,,,,0,1,130
segmentation_trial,295028,0.0-11.0-0.12,3,"[""dogiba"",""kalegu"",""tebodi"",""minato""]",j9ngjupzqqgly7d,uniform,,0.0,0.0,kalegu,gitoka,gitoka,kalegu,gitoka,,,,,0,1,69
segmentation_trial,301127,0.0-11.0-0.13,3,"[""dogiba"",""kalegu"",""tebodi"",""minato""]",j9ngjupzqqgly7d,uniform,,0.0,1.0,minato,bogumi,minato,bogumi,minato,,,,,0,1,128
segmentation_trial,307277,0.0-11.0-0.14,3,"[""dogiba"",""kalegu"",""tebodi"",""minato""]",j9ngjupzqqgly7d,uniform,,0.0,0.0,tebodi,lebado,lebado,tebodi,lebado,,,,,0,1,170
segmentation_trial,313496,0.0-11.0-0.15,3,"[""dogiba"",""kalegu"",""tebodi"",""minato""]",j9ngjupzqqgly7d,uniform,,0.0,1.0,minato,nadite,minato,nadite,minato,,,,,0,1,131
segmentation_trial,431168,0.0-11.0-0.0,1,"[""kulego"",""nagitu"",""tobuma"",""midobe""]",4nx6e47ho4wa8t1,zipfian,"[""kulego"",""tobuma"",""midobe"",""nagitu""]",1.0,1.0,tobuma,gibeto,gibeto,tobuma,tobuma,kulego,tobuma,midobe,nagitu,2,1,190
segmentation_trial,441319,0.0-11.0-0.1,1,"[""kulego"",""nagitu"",""tobuma"",""midobe""]",4nx6e47ho4wa8t1,zipfian,"[""kulego"",""tobuma"",""midobe"",""nagitu""]",1.0,0.0,nagitu,bugona,nagitu,bugona,bugona,kulego,tobuma,midobe,nagitu,4,1,148
segmentation_trial,451608,0.0-11.0-0.2,1,"[""kulego"",""nagitu"",""tobuma"",""midobe""]",4nx6e47ho4wa8t1,zipfian,"[""kulego"",""tobuma"",""midobe"",""nagitu""]",0.0,1.0,midobe,lemaku,midobe,lemaku,midobe,kulego,tobuma,midobe,nagitu,3,1,127
segmentation_trial,460197,0.0-11.0-0.3,1,"[""kulego"",""nagitu"",""tobuma"",""midobe""]",4nx6e47ho4wa8t1,zipfian,"[""kulego"",""tobuma"",""midobe"",""nagitu""]",0.0,0.0,nagitu,dotumi,dotumi,nagitu,dotumi,kulego,tobuma,midobe,nagitu,4,1,149
segmentation_trial,470561,0.0-11.0-0.4,1,"[""kulego"",""nagitu"",""tobuma"",""midobe""]",4nx6e47ho4wa8t1,zipfian,"[""kulego"",""tobuma"",""midobe"",""nagitu""]",0.0,1.0,midobe,bugona,midobe,bugona,midobe,kulego,tobuma,midobe,nagitu,3,1,124
segmentation_trial,481816,0.0-11.0-0.5,1,"[""kulego"",""nagitu"",""tobuma"",""midobe""]",4nx6e47ho4wa8t1,zipfian,"[""kulego"",""tobuma"",""midobe"",""nagitu""]",0.0,0.0,tobuma,dotumi,dotumi,tobuma,dotumi,kulego,tobuma,midobe,nagitu,2,1,189
segmentation_trial,490122,0.0-11.0-0.6,1,"[""kulego"",""nagitu"",""tobuma"",""midobe""]",4nx6e47ho4wa8t1,zipfian,"[""kulego"",""tobuma"",""midobe"",""nagitu""]",1.0,1.0,kulego,gibeto,gibeto,kulego,kulego,kulego,tobuma,midobe,nagitu,1,1,90
segmentation_trial,498097,0.0-11.0-0.7,1,"[""kulego"",""nagitu"",""tobuma"",""midobe""]",4nx6e47ho4wa8t1,zipfian,"[""kulego"",""tobuma"",""midobe"",""nagitu""]",1.0,1.0,midobe,dotumi,dotumi,midobe,midobe,kulego,tobuma,midobe,nagitu,3,1,125
segmentation_trial,506269,0.0-11.0-0.8,1,"[""kulego"",""nagitu"",""tobuma"",""midobe""]",4nx6e47ho4wa8t1,zipfian,"[""kulego"",""tobuma"",""midobe"",""nagitu""]",0.0,1.0,tobuma,lemaku,tobuma,lemaku,tobuma,kulego,tobuma,midobe,nagitu,2,1,191
segmentation_trial,515247,0.0-11.0-0.9,1,"[""kulego"",""nagitu"",""tobuma"",""midobe""]",4nx6e47ho4wa8t1,zipfian,"[""kulego"",""tobuma"",""midobe"",""nagitu""]",0.0,0.0,nagitu,gibeto,gibeto,nagitu,gibeto,kulego,tobuma,midobe,nagitu,4,1,150
segmentation_trial,524970,0.0-11.0-0.10,1,"[""kulego"",""nagitu"",""tobuma"",""midobe""]",4nx6e47ho4wa8t1,zipfian,"[""kulego"",""tobuma"",""midobe"",""nagitu""]",1.0,1.0,kulego,dotumi,dotumi,kulego,kulego,kulego,tobuma,midobe,nagitu,1,1,89
segmentation_trial,532529,0.0-11.0-0.11,1,"[""kulego"",""nagitu"",""tobuma"",""midobe""]",4nx6e47ho4wa8t1,zipfian,"[""kulego"",""tobuma"",""midobe"",""nagitu""]",1.0,1.0,midobe,gibeto,gibeto,midobe,midobe,kulego,tobuma,midobe,nagitu,3,1,126
segmentation_trial,538936,0.0-11.0-0.12,1,"[""kulego"",""nagitu"",""tobuma"",""midobe""]",4nx6e47ho4wa8t1,zipfian,"[""kulego"",""tobuma"",""midobe"",""nagitu""]",0.0,1.0,kulego,bugona,kulego,bugona,kulego,kulego,tobuma,midobe,nagitu,1,1,88
segmentation_trial,546990,0.0-11.0-0.13,1,"[""kulego"",""nagitu"",""tobuma"",""midobe""]",4nx6e47ho4wa8t1,zipfian,"[""kulego"",""tobuma"",""midobe"",""nagitu""]",1.0,0.0,nagitu,lemaku,nagitu,lemaku,lemaku,kulego,tobuma,midobe,nagitu,4,1,151
segmentation_trial,555539,0.0-11.0-0.14,1,"[""kulego"",""nagitu"",""tobuma"",""midobe""]",4nx6e47ho4wa8t1,zipfian,"[""kulego"",""tobuma"",""midobe"",""nagitu""]",0.0,1.0,tobuma,bugona,tobuma,bugona,tobuma,kulego,tobuma,midobe,nagitu,2,1,188
segmentation_trial,562206,0.0-11.0-0.15,1,"[""kulego"",""nagitu"",""tobuma"",""midobe""]",4nx6e47ho4wa8t1,zipfian,"[""kulego"",""tobuma"",""midobe"",""nagitu""]",0.0,1.0,kulego,lemaku,kulego,lemaku,kulego,kulego,tobuma,midobe,nagitu,1,1,91
segmentation_trial,343460,0.0-11.0-0.0,3,"[""nadite"",""lebado"",""bogumi"",""gitoka""]",c1zgjylhrj4qe88,zipfian,"[""lebado"",""bogumi"",""gitoka"",""nadite""]",0.0,1.0,bogumi,tebodi,bogumi,tebodi,bogumi,lebado,bogumi,gitoka,nadite,2,2,11
segmentation_trial,349839,0.0-11.0-0.1,3,"[""nadite"",""lebado"",""bogumi"",""gitoka""]",c1zgjylhrj4qe88,zipfian,"[""lebado"",""bogumi"",""gitoka"",""nadite""]",0.0,0.0,nadite,kalegu,kalegu,nadite,kalegu,lebado,bogumi,gitoka,nadite,4,2,145
segmentation_trial,357522,0.0-11.0-0.2,3,"[""nadite"",""lebado"",""bogumi"",""gitoka""]",c1zgjylhrj4qe88,zipfian,"[""lebado"",""bogumi"",""gitoka"",""nadite""]",1.0,0.0,bogumi,dogiba,bogumi,dogiba,dogiba,lebado,bogumi,gitoka,nadite,2,2,8
segmentation_trial,364408,0.0-11.0-0.3,3,"[""nadite"",""lebado"",""bogumi"",""gitoka""]",c1zgjylhrj4qe88,zipfian,"[""lebado"",""bogumi"",""gitoka"",""nadite""]",0.0,1.0,nadite,tebodi,nadite,tebodi,nadite,lebado,bogumi,gitoka,nadite,4,2,147
segmentation_trial,383614,0.0-11.0-0.4,3,"[""nadite"",""lebado"",""bogumi"",""gitoka""]",c1zgjylhrj4qe88,zipfian,"[""lebado"",""bogumi"",""gitoka"",""nadite""]",0.0,0.0,lebado,kalegu,kalegu,lebado,kalegu,lebado,bogumi,gitoka,nadite,1,2,105
segmentation_trial,393232,0.0-11.0-0.5,3,"[""nadite"",""lebado"",""bogumi"",""gitoka""]",c1zgjylhrj4qe88,zipfian,"[""lebado"",""bogumi"",""gitoka"",""nadite""]",1.0,1.0,gitoka,minato,minato,gitoka,gitoka,lebado,bogumi,gitoka,nadite,3,2,54
segmentation_trial,405824,0.0-11.0-0.6,3,"[""nadite"",""lebado"",""bogumi"",""gitoka""]",c1zgjylhrj4qe88,zipfian,"[""lebado"",""bogumi"",""gitoka"",""nadite""]",0.0,1.0,lebado,tebodi,lebado,tebodi,lebado,lebado,bogumi,gitoka,nadite,1,2,107
segmentation_trial,414162,0.0-11.0-0.7,3,"[""nadite"",""lebado"",""bogumi"",""gitoka""]",c1zgjylhrj4qe88,zipfian,"[""lebado"",""bogumi"",""gitoka"",""nadite""]",0.0,0.0,bogumi,minato,minato,bogumi,minato,lebado,bogumi,gitoka,nadite,2,2,10
segmentation_trial,426476,0.0-11.0-0.8,3,"[""nadite"",""lebado"",""bogumi"",""gitoka""]",c1zgjylhrj4qe88,zipfian,"[""lebado"",""bogumi"",""gitoka"",""nadite""]",1.0,0.0,gitoka,tebodi,gitoka,tebodi,tebodi,lebado,bogumi,gitoka,nadite,3,2,55
segmentation_trial,437524,0.0-11.0-0.9,3,"[""nadite"",""lebado"",""bogumi"",""gitoka""]",c1zgjylhrj4qe88,zipfian,"[""lebado"",""bogumi"",""gitoka"",""nadite""]",1.0,1.0,nadite,minato,minato,nadite,nadite,lebado,bogumi,gitoka,nadite,4,2,146
segmentation_trial,443907,0.0-11.0-0.10,3,"[""nadite"",""lebado"",""bogumi"",""gitoka""]",c1zgjylhrj4qe88,zipfian,"[""lebado"",""bogumi"",""gitoka"",""nadite""]",1.0,1.0,bogumi,kalegu,kalegu,bogumi,bogumi,lebado,bogumi,gitoka,nadite,2,2,9
segmentation_trial,452110,0.0-11.0-0.11,3,"[""nadite"",""lebado"",""bogumi"",""gitoka""]",c1zgjylhrj4qe88,zipfian,"[""lebado"",""bogumi"",""gitoka"",""nadite""]",0.0,1.0,lebado,dogiba,lebado,dogiba,lebado,lebado,bogumi,gitoka,nadite,1,2,104
segmentation_trial,458530,0.0-11.0-0.12,3,"[""nadite"",""lebado"",""bogumi"",""gitoka""]",c1zgjylhrj4qe88,zipfian,"[""lebado"",""bogumi"",""gitoka"",""nadite""]",0.0,0.0,gitoka,kalegu,kalegu,gitoka,kalegu,lebado,bogumi,gitoka,nadite,3,2,53
segmentation_trial,465428,0.0-11.0-0.13,3,"[""nadite"",""lebado"",""bogumi"",""gitoka""]",c1zgjylhrj4qe88,zipfian,"[""lebado"",""bogumi"",""gitoka"",""nadite""]",1.0,1.0,lebado,minato,minato,lebado,lebado,lebado,bogumi,gitoka,nadite,1,2,106
segmentation_trial,473435,0.0-11.0-0.14,3,"[""nadite"",""lebado"",""bogumi"",""gitoka""]",c1zgjylhrj4qe88,zipfian,"[""lebado"",""bogumi"",""gitoka"",""nadite""]",0.0,1.0,nadite,dogiba,nadite,dogiba,nadite,lebado,bogumi,gitoka,nadite,4,2,144
segmentation_trial,480007,0.0-11.0-0.15,3,"[""nadite"",""lebado"",""bogumi"",""gitoka""]",c1zgjylhrj4qe88,zipfian,"[""lebado"",""bogumi"",""gitoka"",""nadite""]",0.0,1.0,gitoka,dogiba,gitoka,dogiba,gitoka,lebado,bogumi,gitoka,nadite,3,2,52
segmentation_trial,236192,0.0-11.0-0.0,2,"[""binaku"",""temula"",""dokine"",""galedi""]",b4254e7e6mb376j,zipfian,"[""dokine"",""galedi"",""binaku"",""temula""]",1.0,1.0,dokine,kitena,kitena,dokine,dokine,dokine,galedi,binaku,temula,1,2,36
segmentation_trial,242503,0.0-11.0-0.1,2,"[""binaku"",""temula"",""dokine"",""galedi""]",b4254e7e6mb376j,zipfian,"[""dokine"",""galedi"",""binaku"",""temula""]",0.0,0.0,galedi,negado,negado,galedi,negado,dokine,galedi,binaku,temula,2,2,47
segmentation_trial,248892,0.0-11.0-0.2,2,"[""binaku"",""temula"",""dokine"",""galedi""]",b4254e7e6mb376j,zipfian,"[""dokine"",""galedi"",""binaku"",""temula""]",0.0,1.0,binaku,lakubi,binaku,lakubi,binaku,dokine,galedi,binaku,temula,3,2,5
segmentation_trial,255913,0.0-11.0-0.3,2,"[""binaku"",""temula"",""dokine"",""galedi""]",b4254e7e6mb376j,zipfian,"[""dokine"",""galedi"",""binaku"",""temula""]",1.0,1.0,dokine,negado,negado,dokine,dokine,dokine,galedi,binaku,temula,1,2,39
segmentation_trial,262965,0.0-11.0-0.4,2,"[""binaku"",""temula"",""dokine"",""galedi""]",b4254e7e6mb376j,zipfian,"[""dokine"",""galedi"",""binaku"",""temula""]",0.0,1.0,galedi,mudile,galedi,mudile,galedi,dokine,galedi,binaku,temula,2,2,46
segmentation_trial,271157,0.0-11.0-0.5,2,"[""binaku"",""temula"",""dokine"",""galedi""]",b4254e7e6mb376j,zipfian,"[""dokine"",""galedi"",""binaku"",""temula""]",0.0,0.0,binaku,negado,negado,binaku,negado,dokine,galedi,binaku,temula,3,2,7
segmentation_trial,277635,0.0-11.0-0.6,2,"[""binaku"",""temula"",""dokine"",""galedi""]",b4254e7e6mb376j,zipfian,"[""dokine"",""galedi"",""binaku"",""temula""]",1.0,1.0,temula,kitena,kitena,temula,temula,dokine,galedi,binaku,temula,4,2,180
segmentation_trial,284388,0.0-11.0-0.7,2,"[""binaku"",""temula"",""dokine"",""galedi""]",b4254e7e6mb376j,zipfian,"[""dokine"",""galedi"",""binaku"",""temula""]",0.0,1.0,dokine,lakubi,dokine,lakubi,dokine,dokine,galedi,binaku,temula,1,2,37
segmentation_trial,292196,0.0-11.0-0.8,2,"[""binaku"",""temula"",""dokine"",""galedi""]",b4254e7e6mb376j,zipfian,"[""dokine"",""galedi"",""binaku"",""temula""]",1.0,1.0,temula,negado,negado,temula,temula,dokine,galedi,binaku,temula,4,2,183
segmentation_trial,301038,0.0-11.0-0.9,2,"[""binaku"",""temula"",""dokine"",""galedi""]",b4254e7e6mb376j,zipfian,"[""dokine"",""galedi"",""binaku"",""temula""]",0.0,0.0,galedi,kitena,kitena,galedi,kitena,dokine,galedi,binaku,temula,2,2,44
segmentation_trial,308608,0.0-11.0-0.10,2,"[""binaku"",""temula"",""dokine"",""galedi""]",b4254e7e6mb376j,zipfian,"[""dokine"",""galedi"",""binaku"",""temula""]",1.0,0.0,binaku,mudile,binaku,mudile,mudile,dokine,galedi,binaku,temula,3,2,6
segmentation_trial,316007,0.0-11.0-0.11,2,"[""binaku"",""temula"",""dokine"",""galedi""]",b4254e7e6mb376j,zipfian,"[""dokine"",""galedi"",""binaku"",""temula""]",1.0,0.0,temula,lakubi,temula,lakubi,lakubi,dokine,galedi,binaku,temula,4,2,181
segmentation_trial,323643,0.0-11.0-0.12,2,"[""binaku"",""temula"",""dokine"",""galedi""]",b4254e7e6mb376j,zipfian,"[""dokine"",""galedi"",""binaku"",""temula""]",0.0,0.0,binaku,kitena,kitena,binaku,kitena,dokine,galedi,binaku,temula,3,2,4
segmentation_trial,330496,0.0-11.0-0.13,2,"[""binaku"",""temula"",""dokine"",""galedi""]",b4254e7e6mb376j,zipfian,"[""dokine"",""galedi"",""binaku"",""temula""]",1.0,0.0,temula,mudile,temula,mudile,mudile,dokine,galedi,binaku,temula,4,2,182
segmentation_trial,339473,0.0-11.0-0.14,2,"[""binaku"",""temula"",""dokine"",""galedi""]",b4254e7e6mb376j,zipfian,"[""dokine"",""galedi"",""binaku"",""temula""]",0.0,1.0,galedi,lakubi,galedi,lakubi,galedi,dokine,galedi,binaku,temula,2,2,45
segmentation_trial,347363,0.0-11.0-0.15,2,"[""binaku"",""temula"",""dokine"",""galedi""]",b4254e7e6mb376j,zipfian,"[""dokine"",""galedi"",""binaku"",""temula""]",1.0,0.0,dokine,mudile,dokine,mudile,mudile,dokine,galedi,binaku,temula,1,2,38
segmentation_trial,299269,0.0-11.0-0.0,6,"[""bimegu"",""tegoma"",""kudino"",""labude""]",9xwflkqb5xr6t9n,zipfian,"[""bimegu"",""tegoma"",""labude"",""kudino""]",1.0,1.0,labude,dimate,dimate,labude,labude,bimegu,tegoma,labude,kudino,3,2,92
segmentation_trial,305677,0.0-11.0-0.1,6,"[""bimegu"",""tegoma"",""kudino"",""labude""]",9xwflkqb5xr6t9n,zipfian,"[""bimegu"",""tegoma"",""labude"",""kudino""]",0.0,1.0,kudino,nodebu,kudino,nodebu,kudino,bimegu,tegoma,labude,kudino,4,2,87
segmentation_trial,315693,0.0-11.0-0.2,6,"[""bimegu"",""tegoma"",""kudino"",""labude""]",9xwflkqb5xr6t9n,zipfian,"[""bimegu"",""tegoma"",""labude"",""kudino""]",1.0,0.0,bimegu,mekugo,bimegu,mekugo,mekugo,bimegu,tegoma,labude,kudino,1,2,2
segmentation_trial,321820,0.0-11.0-0.3,6,"[""bimegu"",""tegoma"",""kudino"",""labude""]",9xwflkqb5xr6t9n,zipfian,"[""bimegu"",""tegoma"",""labude"",""kudino""]",1.0,1.0,kudino,dimate,dimate,kudino,kudino,bimegu,tegoma,labude,kudino,4,2,84
segmentation_trial,327869,0.0-11.0-0.4,6,"[""bimegu"",""tegoma"",""kudino"",""labude""]",9xwflkqb5xr6t9n,zipfian,"[""bimegu"",""tegoma"",""labude"",""kudino""]",0.0,1.0,labude,nodebu,labude,nodebu,labude,bimegu,tegoma,labude,kudino,3,2,95
segmentation_trial,333893,0.0-11.0-0.5,6,"[""bimegu"",""tegoma"",""kudino"",""labude""]",9xwflkqb5xr6t9n,zipfian,"[""bimegu"",""tegoma"",""labude"",""kudino""]",1.0,1.0,tegoma,gubila,gubila,tegoma,tegoma,bimegu,tegoma,labude,kudino,2,2,173
segmentation_trial,339916,0.0-11.0-0.6,6,"[""bimegu"",""tegoma"",""kudino"",""labude""]",9xwflkqb5xr6t9n,zipfian,"[""bimegu"",""tegoma"",""labude"",""kudino""]",1.0,1.0,bimegu,dimate,dimate,bimegu,bimegu,bimegu,tegoma,labude,kudino,1,2,0
segmentation_trial,346196,0.0-11.0-0.7,6,"[""bimegu"",""tegoma"",""kudino"",""labude""]",9xwflkqb5xr6t9n,zipfian,"[""bimegu"",""tegoma"",""labude"",""kudino""]",0.0,1.0,kudino,mekugo,kudino,mekugo,kudino,bimegu,tegoma,labude,kudino,4,2,86
segmentation_trial,352468,0.0-11.0-0.8,6,"[""bimegu"",""tegoma"",""kudino"",""labude""]",9xwflkqb5xr6t9n,zipfian,"[""bimegu"",""tegoma"",""labude"",""kudino""]",1.0,1.0,labude,gubila,gubila,labude,labude,bimegu,tegoma,labude,kudino,3,2,93
segmentation_trial,359724,0.0-11.0-0.9,6,"[""bimegu"",""tegoma"",""kudino"",""labude""]",9xwflkqb5xr6t9n,zipfian,"[""bimegu"",""tegoma"",""labude"",""kudino""]",0.0,1.0,tegoma,nodebu,tegoma,nodebu,tegoma,bimegu,tegoma,labude,kudino,2,2,175
segmentation_trial,366172,0.0-11.0-0.10,6,"[""bimegu"",""tegoma"",""kudino"",""labude""]",9xwflkqb5xr6t9n,zipfian,"[""bimegu"",""tegoma"",""labude"",""kudino""]",0.0,0.0,bimegu,gubila,gubila,bimegu,gubila,bimegu,tegoma,labude,kudino,1,2,1
segmentation_trial,372732,0.0-11.0-0.11,6,"[""bimegu"",""tegoma"",""kudino"",""labude""]",9xwflkqb5xr6t9n,zipfian,"[""bimegu"",""tegoma"",""labude"",""kudino""]",0.0,1.0,labude,mekugo,labude,mekugo,labude,bimegu,tegoma,labude,kudino,3,2,94
segmentation_trial,378996,0.0-11.0-0.12,6,"[""bimegu"",""tegoma"",""kudino"",""labude""]",9xwflkqb5xr6t9n,zipfian,"[""bimegu"",""tegoma"",""labude"",""kudino""]",1.0,1.0,tegoma,dimate,dimate,tegoma,tegoma,bimegu,tegoma,labude,kudino,2,2,172
segmentation_trial,395996,0.0-11.0-0.13,6,"[""bimegu"",""tegoma"",""kudino"",""labude""]",9xwflkqb5xr6t9n,zipfian,"[""bimegu"",""tegoma"",""labude"",""kudino""]",0.0,1.0,bimegu,nodebu,bimegu,nodebu,bimegu,bimegu,tegoma,labude,kudino,1,2,3
segmentation_trial,402476,0.0-11.0-0.14,6,"[""bimegu"",""tegoma"",""kudino"",""labude""]",9xwflkqb5xr6t9n,zipfian,"[""bimegu"",""tegoma"",""labude"",""kudino""]",1.0,1.0,kudino,gubila,gubila,kudino,kudino,bimegu,tegoma,labude,kudino,4,2,85
segmentation_trial,412419,0.0-11.0-0.15,6,"[""bimegu"",""tegoma"",""kudino"",""labude""]",9xwflkqb5xr6t9n,zipfian,"[""bimegu"",""tegoma"",""labude"",""kudino""]",0.0,1.0,tegoma,mekugo,tegoma,mekugo,tegoma,bimegu,tegoma,labude,kudino,2,2,174
segmentation_trial,251646,0.0-11.0-0.0,6,"[""bimegu"",""tegoma"",""kudino"",""labude""]",uafn3bel2lrv7re,uniform,,0.0,1.0,labude,nodebu,labude,nodebu,labude,,,,,0,2,95
segmentation_trial,258490,0.0-11.0-0.1,6,"[""bimegu"",""tegoma"",""kudino"",""labude""]",uafn3bel2lrv7re,uniform,,1.0,1.0,tegoma,gubila,gubila,tegoma,tegoma,,,,,0,2,173
segmentation_trial,265295,0.0-11.0-0.2,6,"[""bimegu"",""tegoma"",""kudino"",""labude""]",uafn3bel2lrv7re,uniform,,0.0,1.0,kudino,mekugo,kudino,mekugo,kudino,,,,,0,2,86
segmentation_trial,271988,0.0-11.0-0.3,6,"[""bimegu"",""tegoma"",""kudino"",""labude""]",uafn3bel2lrv7re,uniform,,1.0,1.0,labude,gubila,gubila,labude,labude,,,,,0,2,93
segmentation_trial,278477,0.0-11.0-0.4,6,"[""bimegu"",""tegoma"",""kudino"",""labude""]",uafn3bel2lrv7re,uniform,,1.0,1.0,tegoma,dimate,dimate,tegoma,tegoma,,,,,0,2,172
segmentation_trial,285498,0.0-11.0-0.5,6,"[""bimegu"",""tegoma"",""kudino"",""labude""]",uafn3bel2lrv7re,uniform,,0.0,1.0,kudino,nodebu,kudino,nodebu,kudino,,,,,0,2,87
segmentation_trial,293603,0.0-11.0-0.6,6,"[""bimegu"",""tegoma"",""kudino"",""labude""]",uafn3bel2lrv7re,uniform,,0.0,0.0,bimegu,dimate,dimate,bimegu,dimate,,,,,0,2,0
segmentation_trial,300390,0.0-11.0-0.7,6,"[""bimegu"",""tegoma"",""kudino"",""labude""]",uafn3bel2lrv7re,uniform,,0.0,1.0,tegoma,mekugo,tegoma,mekugo,tegoma,,,,,0,2,174
segmentation_trial,307160,0.0-11.0-0.8,6,"[""bimegu"",""tegoma"",""kudino"",""labude""]",uafn3bel2lrv7re,uniform,,0.0,1.0,bimegu,nodebu,bimegu,nodebu,bimegu,,,,,0,2,3
segmentation_trial,314299,0.0-11.0-0.9,6,"[""bimegu"",""tegoma"",""kudino"",""labude""]",uafn3bel2lrv7re,uniform,,1.0,1.0,labude,dimate,dimate,labude,labude,,,,,0,2,92
segmentation_trial,322637,0.0-11.0-0.10,6,"[""bimegu"",""tegoma"",""kudino"",""labude""]",uafn3bel2lrv7re,uniform,,0.0,0.0,kudino,gubila,gubila,kudino,gubila,,,,,0,2,85
segmentation_trial,329344,0.0-11.0-0.11,6,"[""bimegu"",""tegoma"",""kudino"",""labude""]",uafn3bel2lrv7re,uniform,,0.0,1.0,labude,mekugo,labude,mekugo,labude,,,,,0,2,94
segmentation_trial,336243,0.0-11.0-0.12,6,"[""bimegu"",""tegoma"",""kudino"",""labude""]",uafn3bel2lrv7re,uniform,,0.0,1.0,tegoma,nodebu,tegoma,nodebu,tegoma,,,,,0,2,175
segmentation_trial,345268,0.0-11.0-0.13,6,"[""bimegu"",""tegoma"",""kudino"",""labude""]",uafn3bel2lrv7re,uniform,,1.0,1.0,kudino,dimate,dimate,kudino,kudino,,,,,0,2,84
segmentation_trial,351831,0.0-11.0-0.14,6,"[""bimegu"",""tegoma"",""kudino"",""labude""]",uafn3bel2lrv7re,uniform,,0.0,0.0,bimegu,gubila,gubila,bimegu,gubila,,,,,0,2,1
segmentation_trial,358422,0.0-11.0-0.15,6,"[""bimegu"",""tegoma"",""kudino"",""labude""]",uafn3bel2lrv7re,uniform,,0.0,1.0,bimegu,mekugo,bimegu,mekugo,bimegu,,,,,0,2,2
segmentation_trial,230902,0.0-11.0-0.0,4,"[""kinome"",""teguda"",""bulego"",""moditu""]",pmf0fhr08dtwloz,uniform,,0.0,1.0,moditu,gumeki,moditu,gumeki,moditu,,,,,0,1,133
segmentation_trial,239056,0.0-11.0-0.1,4,"[""kinome"",""teguda"",""bulego"",""moditu""]",pmf0fhr08dtwloz,uniform,,0.0,0.0,bulego,letumo,letumo,bulego,letumo,,,,,0,1,18
segmentation_trial,245810,0.0-11.0-0.2,4,"[""kinome"",""teguda"",""bulego"",""moditu""]",pmf0fhr08dtwloz,uniform,,0.0,1.0,kinome,gumeki,kinome,gumeki,kinome,,,,,0,1,77
segmentation_trial,254429,0.0-11.0-0.3,4,"[""kinome"",""teguda"",""bulego"",""moditu""]",pmf0fhr08dtwloz,uniform,,1.0,1.0,bulego,digote,digote,bulego,bulego,,,,,0,1,16
segmentation_trial,264265,0.0-11.0-0.4,4,"[""kinome"",""teguda"",""bulego"",""moditu""]",pmf0fhr08dtwloz,uniform,,1.0,1.0,moditu,letumo,letumo,moditu,moditu,,,,,0,1,134
segmentation_trial,272574,0.0-11.0-0.5,4,"[""kinome"",""teguda"",""bulego"",""moditu""]",pmf0fhr08dtwloz,uniform,,1.0,1.0,kinome,digote,digote,kinome,kinome,,,,,0,1,76
segmentation_trial,281796,0.0-11.0-0.6,4,"[""kinome"",""teguda"",""bulego"",""moditu""]",pmf0fhr08dtwloz,uniform,,1.0,0.0,bulego,nodabu,bulego,nodabu,nodabu,,,,,0,1,19
segmentation_trial,290693,0.0-11.0-0.7,4,"[""kinome"",""teguda"",""bulego"",""moditu""]",pmf0fhr08dtwloz,uniform,,0.0,0.0,teguda,letumo,letumo,teguda,letumo,,,,,0,1,178
segmentation_trial,300374,0.0-11.0-0.8,4,"[""kinome"",""teguda"",""bulego"",""moditu""]",pmf0fhr08dtwloz,uniform,,0.0,0.0,moditu,digote,digote,moditu,digote,,,,,0,1,132
segmentation_trial,307571,0.0-11.0-0.9,4,"[""kinome"",""teguda"",""bulego"",""moditu""]",pmf0fhr08dtwloz,uniform,,1.0,0.0,bulego,gumeki,bulego,gumeki,gumeki,,,,,0,1,17
segmentation_trial,314924,0.0-11.0-0.10,4,"[""kinome"",""teguda"",""bulego"",""moditu""]",pmf0fhr08dtwloz,uniform,,1.0,0.0,teguda,nodabu,teguda,nodabu,nodabu,,,,,0,1,179
segmentation_trial,323369,0.0-11.0-0.11,4,"[""kinome"",""teguda"",""bulego"",""moditu""]",pmf0fhr08dtwloz,uniform,,1.0,1.0,kinome,letumo,letumo,kinome,kinome,,,,,0,1,78
segmentation_trial,332160,0.0-11.0-0.12,4,"[""kinome"",""teguda"",""bulego"",""moditu""]",pmf0fhr08dtwloz,uniform,,1.0,0.0,teguda,gumeki,teguda,gumeki,gumeki,,,,,0,1,177
segmentation_trial,342374,0.0-11.0-0.13,4,"[""kinome"",""teguda"",""bulego"",""moditu""]",pmf0fhr08dtwloz,uniform,,0.0,1.0,moditu,nodabu,moditu,nodabu,moditu,,,,,0,1,135
segmentation_trial,352556,0.0-11.0-0.14,4,"[""kinome"",""teguda"",""bulego"",""moditu""]",pmf0fhr08dtwloz,uniform,,0.0,0.0,teguda,digote,digote,teguda,digote,,,,,0,1,176
segmentation_trial,360143,0.0-11.0-0.15,4,"[""kinome"",""teguda"",""bulego"",""moditu""]",pmf0fhr08dtwloz,uniform,,1.0,0.0,kinome,nodabu,kinome,nodabu,nodabu,,,,,0,1,79
segmentation_trial,294312,0.0-11.0-0.0,5,"[""matolu"",""nubola"",""mogude"",""kediba""]",n75xslyz4wy4r25,zipfian,"[""matolu"",""nubola"",""kediba"",""mogude""]",0.0,1.0,kediba,delubo,kediba,delubo,kediba,matolu,nubola,kediba,mogude,3,2,72
segmentation_trial,301040,0.0-11.0-0.1,5,"[""matolu"",""nubola"",""mogude"",""kediba""]",n75xslyz4wy4r25,zipfian,"[""matolu"",""nubola"",""kediba"",""mogude""]",0.0,1.0,matolu,tobanu,matolu,tobanu,matolu,matolu,nubola,kediba,mogude,1,2,119
segmentation_trial,307205,0.0-11.0-0.2,5,"[""matolu"",""nubola"",""mogude"",""kediba""]",n75xslyz4wy4r25,zipfian,"[""matolu"",""nubola"",""kediba"",""mogude""]",1.0,1.0,kediba,gukema,gukema,kediba,kediba,matolu,nubola,kediba,mogude,3,2,73
segmentation_trial,314600,0.0-11.0-0.3,5,"[""matolu"",""nubola"",""mogude"",""kediba""]",n75xslyz4wy4r25,zipfian,"[""matolu"",""nubola"",""kediba"",""mogude""]",1.0,0.0,mogude,tobanu,mogude,tobanu,tobanu,matolu,nubola,kediba,mogude,4,2,139
segmentation_trial,321102,0.0-11.0-0.4,5,"[""matolu"",""nubola"",""mogude"",""kediba""]",n75xslyz4wy4r25,zipfian,"[""matolu"",""nubola"",""kediba"",""mogude""]",0.0,0.0,nubola,gukema,gukema,nubola,gukema,matolu,nubola,kediba,mogude,2,2,165
segmentation_trial,330726,0.0-11.0-0.5,5,"[""matolu"",""nubola"",""mogude"",""kediba""]",n75xslyz4wy4r25,zipfian,"[""matolu"",""nubola"",""kediba"",""mogude""]",1.0,1.0,matolu,lamodi,lamodi,matolu,matolu,matolu,nubola,kediba,mogude,1,2,118
segmentation_trial,341600,0.0-11.0-0.6,5,"[""matolu"",""nubola"",""mogude"",""kediba""]",n75xslyz4wy4r25,zipfian,"[""matolu"",""nubola"",""kediba"",""mogude""]",0.0,1.0,mogude,delubo,mogude,delubo,mogude,matolu,nubola,kediba,mogude,4,2,136
segmentation_trial,348327,0.0-11.0-0.7,5,"[""matolu"",""nubola"",""mogude"",""kediba""]",n75xslyz4wy4r25,zipfian,"[""matolu"",""nubola"",""kediba"",""mogude""]",0.0,0.0,nubola,lamodi,lamodi,nubola,lamodi,matolu,nubola,kediba,mogude,2,2,166
segmentation_trial,356216,0.0-11.0-0.8,5,"[""matolu"",""nubola"",""mogude"",""kediba""]",n75xslyz4wy4r25,zipfian,"[""matolu"",""nubola"",""kediba"",""mogude""]",0.0,1.0,matolu,delubo,matolu,delubo,matolu,matolu,nubola,kediba,mogude,1,2,116
segmentation_trial,363626,0.0-11.0-0.9,5,"[""matolu"",""nubola"",""mogude"",""kediba""]",n75xslyz4wy4r25,zipfian,"[""matolu"",""nubola"",""kediba"",""mogude""]",0.0,1.0,kediba,tobanu,kediba,tobanu,kediba,matolu,nubola,kediba,mogude,3,2,75
segmentation_trial,370713,0.0-11.0-0.10,5,"[""matolu"",""nubola"",""mogude"",""kediba""]",n75xslyz4wy4r25,zipfian,"[""matolu"",""nubola"",""kediba"",""mogude""]",1.0,1.0,mogude,gukema,gukema,mogude,mogude,matolu,nubola,kediba,mogude,4,2,137
segmentation_trial,377225,0.0-11.0-0.11,5,"[""matolu"",""nubola"",""mogude"",""kediba""]",n75xslyz4wy4r25,zipfian,"[""matolu"",""nubola"",""kediba"",""mogude""]",1.0,0.0,nubola,delubo,nubola,delubo,delubo,matolu,nubola,kediba,mogude,2,2,164
segmentation_trial,383802,0.0-11.0-0.12,5,"[""matolu"",""nubola"",""mogude"",""kediba""]",n75xslyz4wy4r25,zipfian,"[""matolu"",""nubola"",""kediba"",""mogude""]",1.0,1.0,kediba,lamodi,lamodi,kediba,kediba,matolu,nubola,kediba,mogude,3,2,74
segmentation_trial,390940,0.0-11.0-0.13,5,"[""matolu"",""nubola"",""mogude"",""kediba""]",n75xslyz4wy4r25,zipfian,"[""matolu"",""nubola"",""kediba"",""mogude""]",1.0,1.0,matolu,gukema,gukema,matolu,matolu,matolu,nubola,kediba,mogude,1,2,117
segmentation_trial,397669,0.0-11.0-0.14,5,"[""matolu"",""nubola"",""mogude"",""kediba""]",n75xslyz4wy4r25,zipfian,"[""matolu"",""nubola"",""kediba"",""mogude""]",0.0,0.0,mogude,lamodi,lamodi,mogude,lamodi,matolu,nubola,kediba,mogude,4,2,138
segmentation_trial,403819,0.0-11.0-0.15,5,"[""matolu"",""nubola"",""mogude"",""kediba""]",n75xslyz4wy4r25,zipfian,"[""matolu"",""nubola"",""kediba"",""mogude""]",1.0,0.0,nubola,tobanu,nubola,tobanu,tobanu,matolu,nubola,kediba,mogude,2,2,167
segmentation_trial,294681,0.0-11.0-0.0,6,"[""bimegu"",""tegoma"",""kudino"",""labude""]",ehfcadn47464q2t,zipfian,"[""labude"",""tegoma"",""kudino"",""bimegu""]",0.0,1.0,labude,mekugo,labude,mekugo,labude,labude,tegoma,kudino,bimegu,1,2,94
segmentation_trial,301376,0.0-11.0-0.1,6,"[""bimegu"",""tegoma"",""kudino"",""labude""]",ehfcadn47464q2t,zipfian,"[""labude"",""tegoma"",""kudino"",""bimegu""]",1.0,1.0,tegoma,gubila,gubila,tegoma,tegoma,labude,tegoma,kudino,bimegu,2,2,173
segmentation_trial,307776,0.0-11.0-0.2,6,"[""bimegu"",""tegoma"",""kudino"",""labude""]",ehfcadn47464q2t,zipfian,"[""labude"",""tegoma"",""kudino"",""bimegu""]",0.0,0.0,bimegu,dimate,dimate,bimegu,dimate,labude,tegoma,kudino,bimegu,4,2,0
segmentation_trial,314217,0.0-11.0-0.3,6,"[""bimegu"",""tegoma"",""kudino"",""labude""]",ehfcadn47464q2t,zipfian,"[""labude"",""tegoma"",""kudino"",""bimegu""]",1.0,1.0,labude,gubila,gubila,labude,labude,labude,tegoma,kudino,bimegu,1,2,93
segmentation_trial,321624,0.0-11.0-0.4,6,"[""bimegu"",""tegoma"",""kudino"",""labude""]",ehfcadn47464q2t,zipfian,"[""labude"",""tegoma"",""kudino"",""bimegu""]",0.0,1.0,kudino,nodebu,kudino,nodebu,kudino,labude,tegoma,kudino,bimegu,3,2,87
segmentation_trial,328321,0.0-11.0-0.5,6,"[""bimegu"",""tegoma"",""kudino"",""labude""]",ehfcadn47464q2t,zipfian,"[""labude"",""tegoma"",""kudino"",""bimegu""]",0.0,1.0,tegoma,mekugo,tegoma,mekugo,tegoma,labude,tegoma,kudino,bimegu,2,2,174
segmentation_trial,334840,0.0-11.0-0.6,6,"[""bimegu"",""tegoma"",""kudino"",""labude""]",ehfcadn47464q2t,zipfian,"[""labude"",""tegoma"",""kudino"",""bimegu""]",0.0,0.0,bimegu,gubila,gubila,bimegu,gubila,labude,tegoma,kudino,bimegu,4,2,1
segmentation_trial,343737,0.0-11.0-0.7,6,"[""bimegu"",""tegoma"",""kudino"",""labude""]",ehfcadn47464q2t,zipfian,"[""labude"",""tegoma"",""kudino"",""bimegu""]",1.0,1.0,kudino,dimate,dimate,kudino,kudino,labude,tegoma,kudino,bimegu,3,2,84
segmentation_trial,349672,0.0-11.0-0.8,6,"[""bimegu"",""tegoma"",""kudino"",""labude""]",ehfcadn47464q2t,zipfian,"[""labude"",""tegoma"",""kudino"",""bimegu""]",0.0,1.0,labude,nodebu,labude,nodebu,labude,labude,tegoma,kudino,bimegu,1,2,95
segmentation_trial,358080,0.0-11.0-0.9,6,"[""bimegu"",""tegoma"",""kudino"",""labude""]",ehfcadn47464q2t,zipfian,"[""labude"",""tegoma"",""kudino"",""bimegu""]",0.0,1.0,bimegu,mekugo,bimegu,mekugo,bimegu,labude,tegoma,kudino,bimegu,4,2,2
segmentation_trial,365224,0.0-11.0-0.10,6,"[""bimegu"",""tegoma"",""kudino"",""labude""]",ehfcadn47464q2t,zipfian,"[""labude"",""tegoma"",""kudino"",""bimegu""]",1.0,1.0,labude,dimate,dimate,labude,labude,labude,tegoma,kudino,bimegu,1,2,92
segmentation_trial,371304,0.0-11.0-0.11,6,"[""bimegu"",""tegoma"",""kudino"",""labude""]",ehfcadn47464q2t,zipfian,"[""labude"",""tegoma"",""kudino"",""bimegu""]",0.0,1.0,tegoma,nodebu,tegoma,nodebu,tegoma,labude,tegoma,kudino,bimegu,2,2,175
segmentation_trial,377568,0.0-11.0-0.12,6,"[""bimegu"",""tegoma"",""kudino"",""labude""]",ehfcadn47464q2t,zipfian,"[""labude"",""tegoma"",""kudino"",""bimegu""]",0.0,1.0,kudino,mekugo,kudino,mekugo,kudino,labude,tegoma,kudino,bimegu,3,2,86
segmentation_trial,384160,0.0-11.0-0.13,6,"[""bimegu"",""tegoma"",""kudino"",""labude""]",ehfcadn47464q2t,zipfian,"[""labude"",""tegoma"",""kudino"",""bimegu""]",0.0,1.0,bimegu,nodebu,bimegu,nodebu,bimegu,labude,tegoma,kudino,bimegu,4,2,3
segmentation_trial,390231,0.0-11.0-0.14,6,"[""bimegu"",""tegoma"",""kudino"",""labude""]",ehfcadn47464q2t,zipfian,"[""labude"",""tegoma"",""kudino"",""bimegu""]",0.0,0.0,tegoma,dimate,dimate,tegoma,dimate,labude,tegoma,kudino,bimegu,2,2,172
segmentation_trial,398824,0.0-11.0-0.15,6,"[""bimegu"",""tegoma"",""kudino"",""labude""]",ehfcadn47464q2t,zipfian,"[""labude"",""tegoma"",""kudino"",""bimegu""]",0.0,0.0,kudino,gubila,gubila,kudino,gubila,labude,tegoma,kudino,bimegu,3,2,85
segmentation_trial,387533,0.0-11.0-0.0,4,"[""gumeki"",""letumo"",""nodabu"",""digote""]",6cflo0hg28yyoz7,uniform,,0.0,0.0,digote,moditu,moditu,digote,moditu,,,,,0,2,26
segmentation_trial,397498,0.0-11.0-0.1,4,"[""gumeki"",""letumo"",""nodabu"",""digote""]",6cflo0hg28yyoz7,uniform,,0.0,1.0,nodabu,kinome,nodabu,kinome,nodabu,,,,,0,2,157
segmentation_trial,405175,0.0-11.0-0.2,4,"[""gumeki"",""letumo"",""nodabu"",""digote""]",6cflo0hg28yyoz7,uniform,,0.0,1.0,digote,bulego,digote,bulego,digote,,,,,0,2,24
segmentation_trial,412596,0.0-11.0-0.3,4,"[""gumeki"",""letumo"",""nodabu"",""digote""]",6cflo0hg28yyoz7,uniform,,1.0,1.0,nodabu,teguda,teguda,nodabu,nodabu,,,,,0,2,159
segmentation_trial,419520,0.0-11.0-0.4,4,"[""gumeki"",""letumo"",""nodabu"",""digote""]",6cflo0hg28yyoz7,uniform,,0.0,1.0,letumo,kinome,letumo,kinome,letumo,,,,,0,2,113
segmentation_trial,426616,0.0-11.0-0.5,4,"[""gumeki"",""letumo"",""nodabu"",""digote""]",6cflo0hg28yyoz7,uniform,,1.0,1.0,nodabu,moditu,moditu,nodabu,nodabu,,,,,0,2,158
segmentation_trial,433345,0.0-11.0-0.6,4,"[""gumeki"",""letumo"",""nodabu"",""digote""]",6cflo0hg28yyoz7,uniform,,1.0,1.0,digote,teguda,teguda,digote,digote,,,,,0,2,27
segmentation_trial,442052,0.0-11.0-0.7,4,"[""gumeki"",""letumo"",""nodabu"",""digote""]",6cflo0hg28yyoz7,uniform,,1.0,1.0,gumeki,moditu,moditu,gumeki,gumeki,,,,,0,2,66
segmentation_trial,450769,0.0-11.0-0.8,4,"[""gumeki"",""letumo"",""nodabu"",""digote""]",6cflo0hg28yyoz7,uniform,,0.0,1.0,digote,kinome,digote,kinome,digote,,,,,0,2,25
segmentation_trial,459886,0.0-11.0-0.9,4,"[""gumeki"",""letumo"",""nodabu"",""digote""]",6cflo0hg28yyoz7,uniform,,1.0,0.0,nodabu,bulego,nodabu,bulego,bulego,,,,,0,2,156
segmentation_trial,467485,0.0-11.0-0.10,4,"[""gumeki"",""letumo"",""nodabu"",""digote""]",6cflo0hg28yyoz7,uniform,,0.0,0.0,letumo,moditu,moditu,letumo,moditu,,,,,0,2,114
segmentation_trial,482162,0.0-11.0-0.11,4,"[""gumeki"",""letumo"",""nodabu"",""digote""]",6cflo0hg28yyoz7,uniform,,0.0,1.0,gumeki,kinome,gumeki,kinome,gumeki,,,,,0,2,65
segmentation_trial,489738,0.0-11.0-0.12,4,"[""gumeki"",""letumo"",""nodabu"",""digote""]",6cflo0hg28yyoz7,uniform,,1.0,1.0,letumo,teguda,teguda,letumo,letumo,,,,,0,2,115
segmentation_trial,497315,0.0-11.0-0.13,4,"[""gumeki"",""letumo"",""nodabu"",""digote""]",6cflo0hg28yyoz7,uniform,,1.0,0.0,gumeki,bulego,gumeki,bulego,bulego,,,,,0,2,64
segmentation_trial,505334,0.0-11.0-0.14,4,"[""gumeki"",""letumo"",""nodabu"",""digote""]",6cflo0hg28yyoz7,uniform,,1.0,1.0,gumeki,teguda,teguda,gumeki,gumeki,,,,,0,2,67
segmentation_trial,512357,0.0-11.0-0.15,4,"[""gumeki"",""letumo"",""nodabu"",""digote""]",6cflo0hg28yyoz7,uniform,,1.0,0.0,letumo,bulego,letumo,bulego,bulego,,,,,0,2,112
segmentation_trial,245133,0.0-11.0-0.0,5,"[""matolu"",""nubola"",""mogude"",""kediba""]",3ho1teqocdpdtew,zipfian,"[""mogude"",""nubola"",""kediba"",""matolu""]",1.0,1.0,kediba,lamodi,lamodi,kediba,kediba,mogude,nubola,kediba,matolu,3,2,74
segmentation_trial,252433,0.0-11.0-0.1,5,"[""matolu"",""nubola"",""mogude"",""kediba""]",3ho1teqocdpdtew,zipfian,"[""mogude"",""nubola"",""kediba"",""matolu""]",0.0,1.0,matolu,tobanu,matolu,tobanu,matolu,mogude,nubola,kediba,matolu,4,2,119
segmentation_trial,261907,0.0-11.0-0.2,5,"[""matolu"",""nubola"",""mogude"",""kediba""]",3ho1teqocdpdtew,zipfian,"[""mogude"",""nubola"",""kediba"",""matolu""]",0.0,1.0,kediba,delubo,kediba,delubo,kediba,mogude,nubola,kediba,matolu,3,2,72
segmentation_trial,272013,0.0-11.0-0.3,5,"[""matolu"",""nubola"",""mogude"",""kediba""]",3ho1teqocdpdtew,zipfian,"[""mogude"",""nubola"",""kediba"",""matolu""]",0.0,0.0,matolu,lamodi,lamodi,matolu,lamodi,mogude,nubola,kediba,matolu,4,2,118
segmentation_trial,283137,0.0-11.0-0.4,5,"[""matolu"",""nubola"",""mogude"",""kediba""]",3ho1teqocdpdtew,zipfian,"[""mogude"",""nubola"",""kediba"",""matolu""]",1.0,1.0,nubola,gukema,gukema,nubola,nubola,mogude,nubola,kediba,matolu,2,2,165
segmentation_trial,290261,0.0-11.0-0.5,5,"[""matolu"",""nubola"",""mogude"",""kediba""]",3ho1teqocdpdtew,zipfian,"[""mogude"",""nubola"",""kediba"",""matolu""]",0.0,1.0,kediba,tobanu,kediba,tobanu,kediba,mogude,nubola,kediba,matolu,3,2,75
segmentation_trial,298561,0.0-11.0-0.6,5,"[""matolu"",""nubola"",""mogude"",""kediba""]",3ho1teqocdpdtew,zipfian,"[""mogude"",""nubola"",""kediba"",""matolu""]",0.0,1.0,mogude,delubo,mogude,delubo,mogude,mogude,nubola,kediba,matolu,1,2,136
segmentation_trial,310629,0.0-11.0-0.7,5,"[""matolu"",""nubola"",""mogude"",""kediba""]",3ho1teqocdpdtew,zipfian,"[""mogude"",""nubola"",""kediba"",""matolu""]",0.0,0.0,matolu,gukema,gukema,matolu,gukema,mogude,nubola,kediba,matolu,4,2,117
segmentation_trial,318933,0.0-11.0-0.8,5,"[""matolu"",""nubola"",""mogude"",""kediba""]",3ho1teqocdpdtew,zipfian,"[""mogude"",""nubola"",""kediba"",""matolu""]",0.0,0.0,nubola,lamodi,lamodi,nubola,lamodi,mogude,nubola,kediba,matolu,2,2,166
segmentation_trial,328341,0.0-11.0-0.9,5,"[""matolu"",""nubola"",""mogude"",""kediba""]",3ho1teqocdpdtew,zipfian,"[""mogude"",""nubola"",""kediba"",""matolu""]",1.0,0.0,matolu,delubo,matolu,delubo,delubo,mogude,nubola,kediba,matolu,4,2,116
segmentation_trial,336299,0.0-11.0-0.10,5,"[""matolu"",""nubola"",""mogude"",""kediba""]",3ho1teqocdpdtew,zipfian,"[""mogude"",""nubola"",""kediba"",""matolu""]",1.0,1.0,kediba,gukema,gukema,kediba,kediba,mogude,nubola,kediba,matolu,3,2,73
segmentation_trial,344537,0.0-11.0-0.11,5,"[""matolu"",""nubola"",""mogude"",""kediba""]",3ho1teqocdpdtew,zipfian,"[""mogude"",""nubola"",""kediba"",""matolu""]",1.0,1.0,mogude,lamodi,lamodi,mogude,mogude,mogude,nubola,kediba,matolu,1,2,138
segmentation_trial,354863,0.0-11.0-0.12,5,"[""matolu"",""nubola"",""mogude"",""kediba""]",3ho1teqocdpdtew,zipfian,"[""mogude"",""nubola"",""kediba"",""matolu""]",1.0,0.0,nubola,delubo,nubola,delubo,delubo,mogude,nubola,kediba,matolu,2,2,164
segmentation_trial,367592,0.0-11.0-0.13,5,"[""matolu"",""nubola"",""mogude"",""kediba""]",3ho1teqocdpdtew,zipfian,"[""mogude"",""nubola"",""kediba"",""matolu""]",1.0,1.0,mogude,gukema,gukema,mogude,mogude,mogude,nubola,kediba,matolu,1,2,137
segmentation_trial,374127,0.0-11.0-0.14,5,"[""matolu"",""nubola"",""mogude"",""kediba""]",3ho1teqocdpdtew,zipfian,"[""mogude"",""nubola"",""kediba"",""matolu""]",0.0,1.0,nubola,tobanu,nubola,tobanu,nubola,mogude,nubola,kediba,matolu,2,2,167
segmentation_trial,381385,0.0-11.0-0.15,5,"[""matolu"",""nubola"",""mogude"",""kediba""]",3ho1teqocdpdtew,zipfian,"[""mogude"",""nubola"",""kediba"",""matolu""]",0.0,1.0,mogude,tobanu,mogude,tobanu,mogude,mogude,nubola,kediba,matolu,1,2,139
segmentation_trial,345137,0.0-11.0-0.0,6,"[""nodebu"",""dimate"",""mekugo"",""gubila""]",t1a6z377tu9seqm,zipfian,"[""dimate"",""mekugo"",""nodebu"",""gubila""]",0.0,1.0,gubila,bimegu,gubila,bimegu,gubila,dimate,mekugo,nodebu,gubila,4,1,56
segmentation_trial,351949,0.0-11.0-0.1,6,"[""nodebu"",""dimate"",""mekugo"",""gubila""]",t1a6z377tu9seqm,zipfian,"[""dimate"",""mekugo"",""nodebu"",""gubila""]",0.0,0.0,nodebu,tegoma,tegoma,nodebu,tegoma,dimate,mekugo,nodebu,gubila,3,1,163
segmentation_trial,358113,0.0-11.0-0.2,6,"[""nodebu"",""dimate"",""mekugo"",""gubila""]",t1a6z377tu9seqm,zipfian,"[""dimate"",""mekugo"",""nodebu"",""gubila""]",1.0,0.0,gubila,kudino,gubila,kudino,kudino,dimate,mekugo,nodebu,gubila,4,1,57
segmentation_trial,365833,0.0-11.0-0.3,6,"[""nodebu"",""dimate"",""mekugo"",""gubila""]",t1a6z377tu9seqm,zipfian,"[""dimate"",""mekugo"",""nodebu"",""gubila""]",0.0,0.0,dimate,labude,labude,dimate,labude,dimate,mekugo,nodebu,gubila,1,1,30
segmentation_trial,372226,0.0-11.0-0.4,6,"[""nodebu"",""dimate"",""mekugo"",""gubila""]",t1a6z377tu9seqm,zipfian,"[""dimate"",""mekugo"",""nodebu"",""gubila""]",0.0,1.0,nodebu,kudino,nodebu,kudino,nodebu,dimate,mekugo,nodebu,gubila,3,1,161
segmentation_trial,378633,0.0-11.0-0.5,6,"[""nodebu"",""dimate"",""mekugo"",""gubila""]",t1a6z377tu9seqm,zipfian,"[""dimate"",""mekugo"",""nodebu"",""gubila""]",1.0,1.0,gubila,labude,labude,gubila,gubila,dimate,mekugo,nodebu,gubila,4,1,58
segmentation_trial,384910,0.0-11.0-0.6,6,"[""nodebu"",""dimate"",""mekugo"",""gubila""]",t1a6z377tu9seqm,zipfian,"[""dimate"",""mekugo"",""nodebu"",""gubila""]",0.0,1.0,mekugo,kudino,mekugo,kudino,mekugo,dimate,mekugo,nodebu,gubila,2,1,121
segmentation_trial,391441,0.0-11.0-0.7,6,"[""nodebu"",""dimate"",""mekugo"",""gubila""]",t1a6z377tu9seqm,zipfian,"[""dimate"",""mekugo"",""nodebu"",""gubila""]",0.0,0.0,nodebu,labude,labude,nodebu,labude,dimate,mekugo,nodebu,gubila,3,1,162
segmentation_trial,397681,0.0-11.0-0.8,6,"[""nodebu"",""dimate"",""mekugo"",""gubila""]",t1a6z377tu9seqm,zipfian,"[""dimate"",""mekugo"",""nodebu"",""gubila""]",1.0,0.0,dimate,kudino,dimate,kudino,kudino,dimate,mekugo,nodebu,gubila,1,1,29
segmentation_trial,404134,0.0-11.0-0.9,6,"[""nodebu"",""dimate"",""mekugo"",""gubila""]",t1a6z377tu9seqm,zipfian,"[""dimate"",""mekugo"",""nodebu"",""gubila""]",0.0,0.0,gubila,tegoma,tegoma,gubila,tegoma,dimate,mekugo,nodebu,gubila,4,1,59
segmentation_trial,410617,0.0-11.0-0.10,6,"[""nodebu"",""dimate"",""mekugo"",""gubila""]",t1a6z377tu9seqm,zipfian,"[""dimate"",""mekugo"",""nodebu"",""gubila""]",0.0,1.0,nodebu,bimegu,nodebu,bimegu,nodebu,dimate,mekugo,nodebu,gubila,3,1,160
segmentation_trial,419521,0.0-11.0-0.11,6,"[""nodebu"",""dimate"",""mekugo"",""gubila""]",t1a6z377tu9seqm,zipfian,"[""dimate"",""mekugo"",""nodebu"",""gubila""]",0.0,0.0,mekugo,labude,labude,mekugo,labude,dimate,mekugo,nodebu,gubila,2,1,122
segmentation_trial,426157,0.0-11.0-0.12,6,"[""nodebu"",""dimate"",""mekugo"",""gubila""]",t1a6z377tu9seqm,zipfian,"[""dimate"",""mekugo"",""nodebu"",""gubila""]",1.0,0.0,dimate,bimegu,dimate,bimegu,bimegu,dimate,mekugo,nodebu,gubila,1,1,28
segmentation_trial,432505,0.0-11.0-0.13,6,"[""nodebu"",""dimate"",""mekugo"",""gubila""]",t1a6z377tu9seqm,zipfian,"[""dimate"",""mekugo"",""nodebu"",""gubila""]",0.0,0.0,mekugo,tegoma,tegoma,mekugo,tegoma,dimate,mekugo,nodebu,gubila,2,1,123
segmentation_trial,438857,0.0-11.0-0.14,6,"[""nodebu"",""dimate"",""mekugo"",""gubila""]",t1a6z377tu9seqm,zipfian,"[""dimate"",""mekugo"",""nodebu"",""gubila""]",1.0,1.0,dimate,tegoma,tegoma,dimate,dimate,dimate,mekugo,nodebu,gubila,1,1,31
segmentation_trial,445196,0.0-11.0-0.15,6,"[""nodebu"",""dimate"",""mekugo"",""gubila""]",t1a6z377tu9seqm,zipfian,"[""dimate"",""mekugo"",""nodebu"",""gubila""]",0.0,1.0,mekugo,bimegu,mekugo,bimegu,mekugo,dimate,mekugo,nodebu,gubila,2,1,120
segmentation_trial,469978,0.0-11.0-0.0,6,"[""nodebu"",""dimate"",""mekugo"",""gubila""]",heembrmtpdg0jaj,zipfian,"[""nodebu"",""mekugo"",""gubila"",""dimate""]",0.0,0.0,mekugo,labude,labude,mekugo,labude,nodebu,mekugo,gubila,dimate,2,1,122
segmentation_trial,476866,0.0-11.0-0.1,6,"[""nodebu"",""dimate"",""mekugo"",""gubila""]",heembrmtpdg0jaj,zipfian,"[""nodebu"",""mekugo"",""gubila"",""dimate""]",0.0,1.0,gubila,bimegu,gubila,bimegu,gubila,nodebu,mekugo,gubila,dimate,3,1,56
segmentation_trial,482977,0.0-11.0-0.2,6,"[""nodebu"",""dimate"",""mekugo"",""gubila""]",heembrmtpdg0jaj,zipfian,"[""nodebu"",""mekugo"",""gubila"",""dimate""]",0.0,1.0,nodebu,kudino,nodebu,kudino,nodebu,nodebu,mekugo,gubila,dimate,1,1,161
segmentation_trial,488914,0.0-11.0-0.3,6,"[""nodebu"",""dimate"",""mekugo"",""gubila""]",heembrmtpdg0jaj,zipfian,"[""nodebu"",""mekugo"",""gubila"",""dimate""]",1.0,1.0,mekugo,tegoma,tegoma,mekugo,mekugo,nodebu,mekugo,gubila,dimate,2,1,123
segmentation_trial,495130,0.0-11.0-0.4,6,"[""nodebu"",""dimate"",""mekugo"",""gubila""]",heembrmtpdg0jaj,zipfian,"[""nodebu"",""mekugo"",""gubila"",""dimate""]",0.0,0.0,nodebu,labude,labude,nodebu,labude,nodebu,mekugo,gubila,dimate,1,1,162
segmentation_trial,501466,0.0-11.0-0.5,6,"[""nodebu"",""dimate"",""mekugo"",""gubila""]",heembrmtpdg0jaj,zipfian,"[""nodebu"",""mekugo"",""gubila"",""dimate""]",0.0,0.0,dimate,tegoma,tegoma,dimate,tegoma,nodebu,mekugo,gubila,dimate,4,1,31
segmentation_trial,507490,0.0-11.0-0.6,6,"[""nodebu"",""dimate"",""mekugo"",""gubila""]",heembrmtpdg0jaj,zipfian,"[""nodebu"",""mekugo"",""gubila"",""dimate""]",1.0,0.0,gubila,kudino,gubila,kudino,kudino,nodebu,mekugo,gubila,dimate,3,1,57
segmentation_trial,513322,0.0-11.0-0.7,6,"[""nodebu"",""dimate"",""mekugo"",""gubila""]",heembrmtpdg0jaj,zipfian,"[""nodebu"",""mekugo"",""gubila"",""dimate""]",0.0,1.0,mekugo,bimegu,mekugo,bimegu,mekugo,nodebu,mekugo,gubila,dimate,2,1,120
segmentation_trial,519164,0.0-11.0-0.8,6,"[""nodebu"",""dimate"",""mekugo"",""gubila""]",heembrmtpdg0jaj,zipfian,"[""nodebu"",""mekugo"",""gubila"",""dimate""]",1.0,0.0,dimate,kudino,dimate,kudino,kudino,nodebu,mekugo,gubila,dimate,4,1,29
segmentation_trial,524970,0.0-11.0-0.9,6,"[""nodebu"",""dimate"",""mekugo"",""gubila""]",heembrmtpdg0jaj,zipfian,"[""nodebu"",""mekugo"",""gubila"",""dimate""]",0.0,0.0,gubila,labude,labude,gubila,labude,nodebu,mekugo,gubila,dimate,3,1,58
segmentation_trial,530857,0.0-11.0-0.10,6,"[""nodebu"",""dimate"",""mekugo"",""gubila""]",heembrmtpdg0jaj,zipfian,"[""nodebu"",""mekugo"",""gubila"",""dimate""]",0.0,1.0,mekugo,kudino,mekugo,kudino,mekugo,nodebu,mekugo,gubila,dimate,2,1,121
segmentation_trial,538297,0.0-11.0-0.11,6,"[""nodebu"",""dimate"",""mekugo"",""gubila""]",heembrmtpdg0jaj,zipfian,"[""nodebu"",""mekugo"",""gubila"",""dimate""]",0.0,1.0,nodebu,bimegu,nodebu,bimegu,nodebu,nodebu,mekugo,gubila,dimate,1,1,160
segmentation_trial,544293,0.0-11.0-0.12,6,"[""nodebu"",""dimate"",""mekugo"",""gubila""]",heembrmtpdg0jaj,zipfian,"[""nodebu"",""mekugo"",""gubila"",""dimate""]",1.0,1.0,gubila,tegoma,tegoma,gubila,gubila,nodebu,mekugo,gubila,dimate,3,1,59
segmentation_trial,550978,0.0-11.0-0.13,6,"[""nodebu"",""dimate"",""mekugo"",""gubila""]",heembrmtpdg0jaj,zipfian,"[""nodebu"",""mekugo"",""gubila"",""dimate""]",0.0,1.0,dimate,bimegu,dimate,bimegu,dimate,nodebu,mekugo,gubila,dimate,4,1,28
segmentation_trial,556683,0.0-11.0-0.14,6,"[""nodebu"",""dimate"",""mekugo"",""gubila""]",heembrmtpdg0jaj,zipfian,"[""nodebu"",""mekugo"",""gubila"",""dimate""]",1.0,1.0,nodebu,tegoma,tegoma,nodebu,nodebu,nodebu,mekugo,gubila,dimate,1,1,163
segmentation_trial,562506,0.0-11.0-0.15,6,"[""nodebu"",""dimate"",""mekugo"",""gubila""]",heembrmtpdg0jaj,zipfian,"[""nodebu"",""mekugo"",""gubila"",""dimate""]",0.0,0.0,dimate,labude,labude,dimate,labude,nodebu,mekugo,gubila,dimate,4,1,30
segmentation_trial,558335,0.0-11.0-0.0,2,"[""binaku"",""temula"",""dokine"",""galedi""]",8e48ptzttjtk2jy,zipfian,"[""binaku"",""galedi"",""temula"",""dokine""]",1.0,1.0,galedi,negado,negado,galedi,galedi,binaku,galedi,temula,dokine,2,2,47
segmentation_trial,567835,0.0-11.0-0.1,2,"[""binaku"",""temula"",""dokine"",""galedi""]",8e48ptzttjtk2jy,zipfian,"[""binaku"",""galedi"",""temula"",""dokine""]",0.0,1.0,temula,lakubi,temula,lakubi,temula,binaku,galedi,temula,dokine,3,2,181
segmentation_trial,574406,0.0-11.0-0.2,2,"[""binaku"",""temula"",""dokine"",""galedi""]",8e48ptzttjtk2jy,zipfian,"[""binaku"",""galedi"",""temula"",""dokine""]",1.0,1.0,galedi,kitena,kitena,galedi,galedi,binaku,galedi,temula,dokine,2,2,44
segmentation_trial,580813,0.0-11.0-0.3,2,"[""binaku"",""temula"",""dokine"",""galedi""]",8e48ptzttjtk2jy,zipfian,"[""binaku"",""galedi"",""temula"",""dokine""]",0.0,1.0,temula,mudile,temula,mudile,temula,binaku,galedi,temula,dokine,3,2,182
segmentation_trial,586932,0.0-11.0-0.4,2,"[""binaku"",""temula"",""dokine"",""galedi""]",8e48ptzttjtk2jy,zipfian,"[""binaku"",""galedi"",""temula"",""dokine""]",0.0,1.0,binaku,lakubi,binaku,lakubi,binaku,binaku,galedi,temula,dokine,1,2,5
segmentation_trial,593988,0.0-11.0-0.5,2,"[""binaku"",""temula"",""dokine"",""galedi""]",8e48ptzttjtk2jy,zipfian,"[""binaku"",""galedi"",""temula"",""dokine""]",0.0,0.0,dokine,negado,negado,dokine,negado,binaku,galedi,temula,dokine,4,2,39
segmentation_trial,600102,0.0-11.0-0.6,2,"[""binaku"",""temula"",""dokine"",""galedi""]",8e48ptzttjtk2jy,zipfian,"[""binaku"",""galedi"",""temula"",""dokine""]",0.0,1.0,galedi,mudile,galedi,mudile,galedi,binaku,galedi,temula,dokine,2,2,46
segmentation_trial,606263,0.0-11.0-0.7,2,"[""binaku"",""temula"",""dokine"",""galedi""]",8e48ptzttjtk2jy,zipfian,"[""binaku"",""galedi"",""temula"",""dokine""]",1.0,1.0,dokine,kitena,kitena,dokine,dokine,binaku,galedi,temula,dokine,4,2,36
segmentation_trial,612491,0.0-11.0-0.8,2,"[""binaku"",""temula"",""dokine"",""galedi""]",8e48ptzttjtk2jy,zipfian,"[""binaku"",""galedi"",""temula"",""dokine""]",0.0,0.0,binaku,negado,negado,binaku,negado,binaku,galedi,temula,dokine,1,2,7
segmentation_trial,618797,0.0-11.0-0.9,2,"[""binaku"",""temula"",""dokine"",""galedi""]",8e48ptzttjtk2jy,zipfian,"[""binaku"",""galedi"",""temula"",""dokine""]",0.0,1.0,dokine,lakubi,dokine,lakubi,dokine,binaku,galedi,temula,dokine,4,2,37
segmentation_trial,626341,0.0-11.0-0.10,2,"[""binaku"",""temula"",""dokine"",""galedi""]",8e48ptzttjtk2jy,zipfian,"[""binaku"",""galedi"",""temula"",""dokine""]",1.0,1.0,temula,negado,negado,temula,temula,binaku,galedi,temula,dokine,3,2,183
segmentation_trial,632363,0.0-11.0-0.11,2,"[""binaku"",""temula"",""dokine"",""galedi""]",8e48ptzttjtk2jy,zipfian,"[""binaku"",""galedi"",""temula"",""dokine""]",0.0,1.0,galedi,lakubi,galedi,lakubi,galedi,binaku,galedi,temula,dokine,2,2,45
segmentation_trial,639298,0.0-11.0-0.12,2,"[""binaku"",""temula"",""dokine"",""galedi""]",8e48ptzttjtk2jy,zipfian,"[""binaku"",""galedi"",""temula"",""dokine""]",1.0,1.0,temula,kitena,kitena,temula,temula,binaku,galedi,temula,dokine,3,2,180
segmentation_trial,645372,0.0-11.0-0.13,2,"[""binaku"",""temula"",""dokine"",""galedi""]",8e48ptzttjtk2jy,zipfian,"[""binaku"",""galedi"",""temula"",""dokine""]",1.0,0.0,dokine,mudile,dokine,mudile,mudile,binaku,galedi,temula,dokine,4,2,38
segmentation_trial,652248,0.0-11.0-0.14,2,"[""binaku"",""temula"",""dokine"",""galedi""]",8e48ptzttjtk2jy,zipfian,"[""binaku"",""galedi"",""temula"",""dokine""]",0.0,0.0,binaku,kitena,kitena,binaku,kitena,binaku,galedi,temula,dokine,1,2,4
segmentation_trial,658031,0.0-11.0-0.15,2,"[""binaku"",""temula"",""dokine"",""galedi""]",8e48ptzttjtk2jy,zipfian,"[""binaku"",""galedi"",""temula"",""dokine""]",1.0,0.0,binaku,mudile,binaku,mudile,mudile,binaku,galedi,temula,dokine,1,2,6
segmentation_trial,243801,0.0-11.0-0.0,1,"[""lemaku"",""gibeto"",""bugona"",""dotumi""]",4khxrgyv4gzq2eq,uniform,,0.0,1.0,dotumi,kulego,dotumi,kulego,dotumi,,,,,0,2,40
segmentation_trial,255121,0.0-11.0-0.1,1,"[""lemaku"",""gibeto"",""bugona"",""dotumi""]",4khxrgyv4gzq2eq,uniform,,0.0,1.0,lemaku,tobuma,lemaku,tobuma,lemaku,,,,,0,2,111
segmentation_trial,261007,0.0-11.0-0.2,1,"[""lemaku"",""gibeto"",""bugona"",""dotumi""]",4khxrgyv4gzq2eq,uniform,,0.0,1.0,gibeto,kulego,gibeto,kulego,gibeto,,,,,0,2,48
segmentation_trial,266865,0.0-11.0-0.3,1,"[""lemaku"",""gibeto"",""bugona"",""dotumi""]",4khxrgyv4gzq2eq,uniform,,1.0,1.0,lemaku,midobe,midobe,lemaku,lemaku,,,,,0,2,109
segmentation_trial,273129,0.0-11.0-0.4,1,"[""lemaku"",""gibeto"",""bugona"",""dotumi""]",4khxrgyv4gzq2eq,uniform,,1.0,1.0,gibeto,nagitu,nagitu,gibeto,gibeto,,,,,0,2,50
segmentation_trial,278882,0.0-11.0-0.5,1,"[""lemaku"",""gibeto"",""bugona"",""dotumi""]",4khxrgyv4gzq2eq,uniform,,0.0,1.0,bugona,tobuma,bugona,tobuma,bugona,,,,,0,2,15
segmentation_trial,284683,0.0-11.0-0.6,1,"[""lemaku"",""gibeto"",""bugona"",""dotumi""]",4khxrgyv4gzq2eq,uniform,,0.0,1.0,lemaku,kulego,lemaku,kulego,lemaku,,,,,0,2,108
segmentation_trial,290547,0.0-11.0-0.7,1,"[""lemaku"",""gibeto"",""bugona"",""dotumi""]",4khxrgyv4gzq2eq,uniform,,1.0,1.0,bugona,nagitu,nagitu,bugona,bugona,,,,,0,2,14
segmentation_trial,302084,0.0-11.0-0.8,1,"[""lemaku"",""gibeto"",""bugona"",""dotumi""]",4khxrgyv4gzq2eq,uniform,,1.0,1.0,dotumi,midobe,midobe,dotumi,dotumi,,,,,0,2,41
segmentation_trial,308427,0.0-11.0-0.9,1,"[""lemaku"",""gibeto"",""bugona"",""dotumi""]",4khxrgyv4gzq2eq,uniform,,1.0,1.0,lemaku,nagitu,nagitu,lemaku,lemaku,,,,,0,2,110
segmentation_trial,314527,0.0-11.0-0.10,1,"[""lemaku"",""gibeto"",""bugona"",""dotumi""]",4khxrgyv4gzq2eq,uniform,,1.0,1.0,gibeto,midobe,midobe,gibeto,gibeto,,,,,0,2,49
segmentation_trial,325443,0.0-11.0-0.11,1,"[""lemaku"",""gibeto"",""bugona"",""dotumi""]",4khxrgyv4gzq2eq,uniform,,1.0,0.0,dotumi,tobuma,dotumi,tobuma,tobuma,,,,,0,2,43
segmentation_trial,331459,0.0-11.0-0.12,1,"[""lemaku"",""gibeto"",""bugona"",""dotumi""]",4khxrgyv4gzq2eq,uniform,,1.0,1.0,bugona,midobe,midobe,bugona,bugona,,,,,0,2,13
segmentation_trial,340229,0.0-11.0-0.13,1,"[""lemaku"",""gibeto"",""bugona"",""dotumi""]",4khxrgyv4gzq2eq,uniform,,0.0,1.0,gibeto,tobuma,gibeto,tobuma,gibeto,,,,,0,2,51
segmentation_trial,351395,0.0-11.0-0.14,1,"[""lemaku"",""gibeto"",""bugona"",""dotumi""]",4khxrgyv4gzq2eq,uniform,,0.0,1.0,bugona,kulego,bugona,kulego,bugona,,,,,0,2,12
segmentation_trial,358532,0.0-11.0-0.15,1,"[""lemaku"",""gibeto"",""bugona"",""dotumi""]",4khxrgyv4gzq2eq,uniform,,1.0,1.0,dotumi,nagitu,nagitu,dotumi,dotumi,,,,,0,2,42
segmentation_trial,360755,0.0-11.0-0.0,5,"[""tobanu"",""gukema"",""delubo"",""lamodi""]",v5d2rx6h93f2wp4,zipfian,"[""tobanu"",""delubo"",""lamodi"",""gukema""]",0.0,1.0,lamodi,matolu,lamodi,matolu,lamodi,tobanu,delubo,lamodi,gukema,3,1,101
segmentation_trial,395559,0.0-11.0-0.1,5,"[""tobanu"",""gukema"",""delubo"",""lamodi""]",v5d2rx6h93f2wp4,zipfian,"[""tobanu"",""delubo"",""lamodi"",""gukema""]",0.0,0.0,gukema,kediba,kediba,gukema,kediba,tobanu,delubo,lamodi,gukema,4,1,60
segmentation_trial,402599,0.0-11.0-0.2,5,"[""tobanu"",""gukema"",""delubo"",""lamodi""]",v5d2rx6h93f2wp4,zipfian,"[""tobanu"",""delubo"",""lamodi"",""gukema""]",0.0,1.0,lamodi,mogude,lamodi,mogude,lamodi,tobanu,delubo,lamodi,gukema,3,1,102
segmentation_trial,410431,0.0-11.0-0.3,5,"[""tobanu"",""gukema"",""delubo"",""lamodi""]",v5d2rx6h93f2wp4,zipfian,"[""tobanu"",""delubo"",""lamodi"",""gukema""]",1.0,1.0,delubo,kediba,kediba,delubo,delubo,tobanu,delubo,lamodi,gukema,2,1,20
segmentation_trial,439641,0.0-11.0-0.4,5,"[""tobanu"",""gukema"",""delubo"",""lamodi""]",v5d2rx6h93f2wp4,zipfian,"[""tobanu"",""delubo"",""lamodi"",""gukema""]",1.0,0.0,tobanu,mogude,tobanu,mogude,mogude,tobanu,delubo,lamodi,gukema,1,1,186
segmentation_trial,446668,0.0-11.0-0.5,5,"[""tobanu"",""gukema"",""delubo"",""lamodi""]",v5d2rx6h93f2wp4,zipfian,"[""tobanu"",""delubo"",""lamodi"",""gukema""]",1.0,1.0,lamodi,kediba,kediba,lamodi,lamodi,tobanu,delubo,lamodi,gukema,3,1,100
segmentation_trial,467189,0.0-11.0-0.6,5,"[""tobanu"",""gukema"",""delubo"",""lamodi""]",v5d2rx6h93f2wp4,zipfian,"[""tobanu"",""delubo"",""lamodi"",""gukema""]",0.0,1.0,delubo,matolu,delubo,matolu,delubo,tobanu,delubo,lamodi,gukema,2,1,21
segmentation_trial,474227,0.0-11.0-0.7,5,"[""tobanu"",""gukema"",""delubo"",""lamodi""]",v5d2rx6h93f2wp4,zipfian,"[""tobanu"",""delubo"",""lamodi"",""gukema""]",1.0,1.0,lamodi,nubola,nubola,lamodi,lamodi,tobanu,delubo,lamodi,gukema,3,1,103
segmentation_trial,481388,0.0-11.0-0.8,5,"[""tobanu"",""gukema"",""delubo"",""lamodi""]",v5d2rx6h93f2wp4,zipfian,"[""tobanu"",""delubo"",""lamodi"",""gukema""]",1.0,0.0,tobanu,matolu,tobanu,matolu,matolu,tobanu,delubo,lamodi,gukema,1,1,185
segmentation_trial,488313,0.0-11.0-0.9,5,"[""tobanu"",""gukema"",""delubo"",""lamodi""]",v5d2rx6h93f2wp4,zipfian,"[""tobanu"",""delubo"",""lamodi"",""gukema""]",0.0,1.0,gukema,mogude,gukema,mogude,gukema,tobanu,delubo,lamodi,gukema,4,1,62
segmentation_trial,496788,0.0-11.0-0.10,5,"[""tobanu"",""gukema"",""delubo"",""lamodi""]",v5d2rx6h93f2wp4,zipfian,"[""tobanu"",""delubo"",""lamodi"",""gukema""]",1.0,1.0,tobanu,kediba,kediba,tobanu,tobanu,tobanu,delubo,lamodi,gukema,1,1,184
segmentation_trial,503261,0.0-11.0-0.11,5,"[""tobanu"",""gukema"",""delubo"",""lamodi""]",v5d2rx6h93f2wp4,zipfian,"[""tobanu"",""delubo"",""lamodi"",""gukema""]",0.0,1.0,gukema,matolu,gukema,matolu,gukema,tobanu,delubo,lamodi,gukema,4,1,61
segmentation_trial,511770,0.0-11.0-0.12,5,"[""tobanu"",""gukema"",""delubo"",""lamodi""]",v5d2rx6h93f2wp4,zipfian,"[""tobanu"",""delubo"",""lamodi"",""gukema""]",0.0,0.0,delubo,nubola,nubola,delubo,nubola,tobanu,delubo,lamodi,gukema,2,1,23
segmentation_trial,519428,0.0-11.0-0.13,5,"[""tobanu"",""gukema"",""delubo"",""lamodi""]",v5d2rx6h93f2wp4,zipfian,"[""tobanu"",""delubo"",""lamodi"",""gukema""]",1.0,1.0,tobanu,nubola,nubola,tobanu,tobanu,tobanu,delubo,lamodi,gukema,1,1,187
segmentation_trial,525902,0.0-11.0-0.14,5,"[""tobanu"",""gukema"",""delubo"",""lamodi""]",v5d2rx6h93f2wp4,zipfian,"[""tobanu"",""delubo"",""lamodi"",""gukema""]",0.0,1.0,delubo,mogude,delubo,mogude,delubo,tobanu,delubo,lamodi,gukema,2,1,22
segmentation_trial,532810,0.0-11.0-0.15,5,"[""tobanu"",""gukema"",""delubo"",""lamodi""]",v5d2rx6h93f2wp4,zipfian,"[""tobanu"",""delubo"",""lamodi"",""gukema""]",0.0,0.0,gukema,nubola,nubola,gukema,nubola,tobanu,delubo,lamodi,gukema,4,1,63
segmentation_trial,258389,0.0-11.0-0.0,5,"[""tobanu"",""gukema"",""delubo"",""lamodi""]",wp2470kr8al69hz,uniform,,0.0,0.0,gukema,kediba,kediba,gukema,kediba,,,,,0,1,60
segmentation_trial,268473,0.0-11.0-0.1,5,"[""tobanu"",""gukema"",""delubo"",""lamodi""]",wp2470kr8al69hz,uniform,,1.0,0.0,delubo,mogude,delubo,mogude,mogude,,,,,0,1,22
segmentation_trial,274304,0.0-11.0-0.2,5,"[""tobanu"",""gukema"",""delubo"",""lamodi""]",wp2470kr8al69hz,uniform,,1.0,1.0,tobanu,nubola,nubola,tobanu,tobanu,,,,,0,1,187
segmentation_trial,280937,0.0-11.0-0.3,5,"[""tobanu"",""gukema"",""delubo"",""lamodi""]",wp2470kr8al69hz,uniform,,0.0,0.0,delubo,kediba,kediba,delubo,kediba,,,,,0,1,20
segmentation_trial,288629,0.0-11.0-0.4,5,"[""tobanu"",""gukema"",""delubo"",""lamodi""]",wp2470kr8al69hz,uniform,,1.0,0.0,gukema,matolu,gukema,matolu,matolu,,,,,0,1,61
segmentation_trial,295077,0.0-11.0-0.5,5,"[""tobanu"",""gukema"",""delubo"",""lamodi""]",wp2470kr8al69hz,uniform,,1.0,0.0,lamodi,mogude,lamodi,mogude,mogude,,,,,0,1,102
segmentation_trial,301792,0.0-11.0-0.6,5,"[""tobanu"",""gukema"",""delubo"",""lamodi""]",wp2470kr8al69hz,uniform,,1.0,0.0,tobanu,matolu,tobanu,matolu,matolu,,,,,0,1,185
segmentation_trial,307297,0.0-11.0-0.7,5,"[""tobanu"",""gukema"",""delubo"",""lamodi""]",wp2470kr8al69hz,uniform,,1.0,1.0,gukema,nubola,nubola,gukema,gukema,,,,,0,1,63
segmentation_trial,312922,0.0-11.0-0.8,5,"[""tobanu"",""gukema"",""delubo"",""lamodi""]",wp2470kr8al69hz,uniform,,0.0,1.0,tobanu,mogude,tobanu,mogude,tobanu,,,,,0,1,186
segmentation_trial,320094,0.0-11.0-0.9,5,"[""tobanu"",""gukema"",""delubo"",""lamodi""]",wp2470kr8al69hz,uniform,,1.0,0.0,delubo,matolu,delubo,matolu,matolu,,,,,0,1,21
segmentation_trial,326970,0.0-11.0-0.10,5,"[""tobanu"",""gukema"",""delubo"",""lamodi""]",wp2470kr8al69hz,uniform,,0.0,0.0,lamodi,nubola,nubola,lamodi,nubola,,,,,0,1,103
segmentation_trial,333592,0.0-11.0-0.11,5,"[""tobanu"",""gukema"",""delubo"",""lamodi""]",wp2470kr8al69hz,uniform,,1.0,0.0,gukema,mogude,gukema,mogude,mogude,,,,,0,1,62
segmentation_trial,340666,0.0-11.0-0.12,5,"[""tobanu"",""gukema"",""delubo"",""lamodi""]",wp2470kr8al69hz,uniform,,1.0,1.0,delubo,nubola,nubola,delubo,delubo,,,,,0,1,23
segmentation_trial,347271,0.0-11.0-0.13,5,"[""tobanu"",""gukema"",""delubo"",""lamodi""]",wp2470kr8al69hz,uniform,,1.0,0.0,lamodi,matolu,lamodi,matolu,matolu,,,,,0,1,101
segmentation_trial,353894,0.0-11.0-0.14,5,"[""tobanu"",""gukema"",""delubo"",""lamodi""]",wp2470kr8al69hz,uniform,,1.0,1.0,tobanu,kediba,kediba,tobanu,tobanu,,,,,0,1,184
segmentation_trial,360987,0.0-11.0-0.15,5,"[""tobanu"",""gukema"",""delubo"",""lamodi""]",wp2470kr8al69hz,uniform,,1.0,1.0,lamodi,kediba,kediba,lamodi,lamodi,,,,,0,1,100
segmentation_trial,279368,0.0-11.0-0.0,2,"[""binaku"",""temula"",""dokine"",""galedi""]",8jjv9ya4h4tua84,uniform,,1.0,1.0,galedi,kitena,kitena,galedi,galedi,,,,,0,2,44
segmentation_trial,285535,0.0-11.0-0.1,2,"[""binaku"",""temula"",""dokine"",""galedi""]",8jjv9ya4h4tua84,uniform,,0.0,1.0,temula,lakubi,temula,lakubi,temula,,,,,0,2,181
segmentation_trial,297447,0.0-11.0-0.2,2,"[""binaku"",""temula"",""dokine"",""galedi""]",8jjv9ya4h4tua84,uniform,,1.0,0.0,binaku,mudile,binaku,mudile,mudile,,,,,0,2,6
segmentation_trial,304007,0.0-11.0-0.3,2,"[""binaku"",""temula"",""dokine"",""galedi""]",8jjv9ya4h4tua84,uniform,,1.0,1.0,dokine,negado,negado,dokine,dokine,,,,,0,2,39
segmentation_trial,310015,0.0-11.0-0.4,2,"[""binaku"",""temula"",""dokine"",""galedi""]",8jjv9ya4h4tua84,uniform,,0.0,1.0,binaku,lakubi,binaku,lakubi,binaku,,,,,0,2,5
segmentation_trial,316439,0.0-11.0-0.5,2,"[""binaku"",""temula"",""dokine"",""galedi""]",8jjv9ya4h4tua84,uniform,,0.0,0.0,dokine,kitena,kitena,dokine,kitena,,,,,0,2,36
segmentation_trial,322303,0.0-11.0-0.6,2,"[""binaku"",""temula"",""dokine"",""galedi""]",8jjv9ya4h4tua84,uniform,,0.0,1.0,galedi,mudile,galedi,mudile,galedi,,,,,0,2,46
segmentation_trial,328583,0.0-11.0-0.7,2,"[""binaku"",""temula"",""dokine"",""galedi""]",8jjv9ya4h4tua84,uniform,,1.0,0.0,dokine,lakubi,dokine,lakubi,lakubi,,,,,0,2,37
segmentation_trial,334823,0.0-11.0-0.8,2,"[""binaku"",""temula"",""dokine"",""galedi""]",8jjv9ya4h4tua84,uniform,,0.0,0.0,temula,kitena,kitena,temula,kitena,,,,,0,2,180
segmentation_trial,340767,0.0-11.0-0.9,2,"[""binaku"",""temula"",""dokine"",""galedi""]",8jjv9ya4h4tua84,uniform,,1.0,1.0,galedi,negado,negado,galedi,galedi,,,,,0,2,47
segmentation_trial,346943,0.0-11.0-0.10,2,"[""binaku"",""temula"",""dokine"",""galedi""]",8jjv9ya4h4tua84,uniform,,0.0,0.0,binaku,kitena,kitena,binaku,kitena,,,,,0,2,4
segmentation_trial,353031,0.0-11.0-0.11,2,"[""binaku"",""temula"",""dokine"",""galedi""]",8jjv9ya4h4tua84,uniform,,0.0,1.0,galedi,lakubi,galedi,lakubi,galedi,,,,,0,2,45
segmentation_trial,359247,0.0-11.0-0.12,2,"[""binaku"",""temula"",""dokine"",""galedi""]",8jjv9ya4h4tua84,uniform,,1.0,1.0,binaku,negado,negado,binaku,binaku,,,,,0,2,7
segmentation_trial,365647,0.0-11.0-0.13,2,"[""binaku"",""temula"",""dokine"",""galedi""]",8jjv9ya4h4tua84,uniform,,0.0,1.0,temula,mudile,temula,mudile,temula,,,,,0,2,182
segmentation_trial,371743,0.0-11.0-0.14,2,"[""binaku"",""temula"",""dokine"",""galedi""]",8jjv9ya4h4tua84,uniform,,0.0,1.0,dokine,mudile,dokine,mudile,dokine,,,,,0,2,38
segmentation_trial,377839,0.0-11.0-0.15,2,"[""binaku"",""temula"",""dokine"",""galedi""]",8jjv9ya4h4tua84,uniform,,0.0,0.0,temula,negado,negado,temula,negado,,,,,0,2,183
segmentation_trial,276954,0.0-11.0-0.0,5,"[""matolu"",""nubola"",""mogude"",""kediba""]",rfjxr075fnoerbz,uniform,,0.0,1.0,kediba,delubo,kediba,delubo,kediba,,,,,0,2,72
segmentation_trial,287052,0.0-11.0-0.1,5,"[""matolu"",""nubola"",""mogude"",""kediba""]",rfjxr075fnoerbz,uniform,,0.0,0.0,nubola,lamodi,lamodi,nubola,lamodi,,,,,0,2,166
segmentation_trial,295618,0.0-11.0-0.2,5,"[""matolu"",""nubola"",""mogude"",""kediba""]",rfjxr075fnoerbz,uniform,,1.0,0.0,mogude,delubo,mogude,delubo,delubo,,,,,0,2,136
segmentation_trial,302299,0.0-11.0-0.3,5,"[""matolu"",""nubola"",""mogude"",""kediba""]",rfjxr075fnoerbz,uniform,,0.0,1.0,nubola,tobanu,nubola,tobanu,nubola,,,,,0,2,167
segmentation_trial,308550,0.0-11.0-0.4,5,"[""matolu"",""nubola"",""mogude"",""kediba""]",rfjxr075fnoerbz,uniform,,0.0,0.0,kediba,lamodi,lamodi,kediba,lamodi,,,,,0,2,74
segmentation_trial,314733,0.0-11.0-0.5,5,"[""matolu"",""nubola"",""mogude"",""kediba""]",rfjxr075fnoerbz,uniform,,0.0,1.0,nubola,delubo,nubola,delubo,nubola,,,,,0,2,164
segmentation_trial,325415,0.0-11.0-0.6,5,"[""matolu"",""nubola"",""mogude"",""kediba""]",rfjxr075fnoerbz,uniform,,0.0,1.0,mogude,tobanu,mogude,tobanu,mogude,,,,,0,2,139
segmentation_trial,333421,0.0-11.0-0.7,5,"[""matolu"",""nubola"",""mogude"",""kediba""]",rfjxr075fnoerbz,uniform,,1.0,1.0,kediba,gukema,gukema,kediba,kediba,,,,,0,2,73
segmentation_trial,345468,0.0-11.0-0.8,5,"[""matolu"",""nubola"",""mogude"",""kediba""]",rfjxr075fnoerbz,uniform,,1.0,1.0,matolu,lamodi,lamodi,matolu,matolu,,,,,0,2,118
segmentation_trial,356199,0.0-11.0-0.9,5,"[""matolu"",""nubola"",""mogude"",""kediba""]",rfjxr075fnoerbz,uniform,,1.0,1.0,mogude,gukema,gukema,mogude,mogude,,,,,0,2,137
segmentation_trial,363998,0.0-11.0-0.10,5,"[""matolu"",""nubola"",""mogude"",""kediba""]",rfjxr075fnoerbz,uniform,,0.0,1.0,matolu,tobanu,matolu,tobanu,matolu,,,,,0,2,119
segmentation_trial,371233,0.0-11.0-0.11,5,"[""matolu"",""nubola"",""mogude"",""kediba""]",rfjxr075fnoerbz,uniform,,0.0,0.0,mogude,lamodi,lamodi,mogude,lamodi,,,,,0,2,138
segmentation_trial,382770,0.0-11.0-0.12,5,"[""matolu"",""nubola"",""mogude"",""kediba""]",rfjxr075fnoerbz,uniform,,0.0,0.0,nubola,gukema,gukema,nubola,gukema,,,,,0,2,165
segmentation_trial,389397,0.0-11.0-0.13,5,"[""matolu"",""nubola"",""mogude"",""kediba""]",rfjxr075fnoerbz,uniform,,0.0,1.0,matolu,delubo,matolu,delubo,matolu,,,,,0,2,116
segmentation_trial,396216,0.0-11.0-0.14,5,"[""matolu"",""nubola"",""mogude"",""kediba""]",rfjxr075fnoerbz,uniform,,0.0,1.0,kediba,tobanu,kediba,tobanu,kediba,,,,,0,2,75
segmentation_trial,405880,0.0-11.0-0.15,5,"[""matolu"",""nubola"",""mogude"",""kediba""]",rfjxr075fnoerbz,uniform,,1.0,1.0,matolu,gukema,gukema,matolu,matolu,,,,,0,2,117
segmentation_trial,333594,0.0-11.0-0.0,3,"[""nadite"",""lebado"",""bogumi"",""gitoka""]",uabgukzp1dvdw1f,zipfian,"[""gitoka"",""bogumi"",""lebado"",""nadite""]",0.0,1.0,bogumi,tebodi,bogumi,tebodi,bogumi,gitoka,bogumi,lebado,nadite,2,2,11
segmentation_trial,341351,0.0-11.0-0.1,3,"[""nadite"",""lebado"",""bogumi"",""gitoka""]",uabgukzp1dvdw1f,zipfian,"[""gitoka"",""bogumi"",""lebado"",""nadite""]",1.0,1.0,gitoka,minato,minato,gitoka,gitoka,gitoka,bogumi,lebado,nadite,1,2,54
segmentation_trial,348784,0.0-11.0-0.2,3,"[""nadite"",""lebado"",""bogumi"",""gitoka""]",uabgukzp1dvdw1f,zipfian,"[""gitoka"",""bogumi"",""lebado"",""nadite""]",1.0,1.0,lebado,kalegu,kalegu,lebado,lebado,gitoka,bogumi,lebado,nadite,3,2,105
segmentation_trial,355682,0.0-11.0-0.3,3,"[""nadite"",""lebado"",""bogumi"",""gitoka""]",uabgukzp1dvdw1f,zipfian,"[""gitoka"",""bogumi"",""lebado"",""nadite""]",0.0,1.0,gitoka,dogiba,gitoka,dogiba,gitoka,gitoka,bogumi,lebado,nadite,1,2,52
segmentation_trial,373137,0.0-11.0-0.4,3,"[""nadite"",""lebado"",""bogumi"",""gitoka""]",uabgukzp1dvdw1f,zipfian,"[""gitoka"",""bogumi"",""lebado"",""nadite""]",0.0,0.0,nadite,minato,minato,nadite,minato,gitoka,bogumi,lebado,nadite,4,2,146
segmentation_trial,380583,0.0-11.0-0.5,3,"[""nadite"",""lebado"",""bogumi"",""gitoka""]",uabgukzp1dvdw1f,zipfian,"[""gitoka"",""bogumi"",""lebado"",""nadite""]",1.0,1.0,gitoka,kalegu,kalegu,gitoka,gitoka,gitoka,bogumi,lebado,nadite,1,2,53
segmentation_trial,387609,0.0-11.0-0.6,3,"[""nadite"",""lebado"",""bogumi"",""gitoka""]",uabgukzp1dvdw1f,zipfian,"[""gitoka"",""bogumi"",""lebado"",""nadite""]",0.0,1.0,lebado,dogiba,lebado,dogiba,lebado,gitoka,bogumi,lebado,nadite,3,2,104
segmentation_trial,402489,0.0-11.0-0.7,3,"[""nadite"",""lebado"",""bogumi"",""gitoka""]",uabgukzp1dvdw1f,zipfian,"[""gitoka"",""bogumi"",""lebado"",""nadite""]",0.0,0.0,nadite,kalegu,kalegu,nadite,kalegu,gitoka,bogumi,lebado,nadite,4,2,145
segmentation_trial,410168,0.0-11.0-0.8,3,"[""nadite"",""lebado"",""bogumi"",""gitoka""]",uabgukzp1dvdw1f,zipfian,"[""gitoka"",""bogumi"",""lebado"",""nadite""]",0.0,0.0,bogumi,minato,minato,bogumi,minato,gitoka,bogumi,lebado,nadite,2,2,10
segmentation_trial,417349,0.0-11.0-0.9,3,"[""nadite"",""lebado"",""bogumi"",""gitoka""]",uabgukzp1dvdw1f,zipfian,"[""gitoka"",""bogumi"",""lebado"",""nadite""]",0.0,1.0,gitoka,tebodi,gitoka,tebodi,gitoka,gitoka,bogumi,lebado,nadite,1,2,55
segmentation_trial,426740,0.0-11.0-0.10,3,"[""nadite"",""lebado"",""bogumi"",""gitoka""]",uabgukzp1dvdw1f,zipfian,"[""gitoka"",""bogumi"",""lebado"",""nadite""]",0.0,0.0,bogumi,kalegu,kalegu,bogumi,kalegu,gitoka,bogumi,lebado,nadite,2,2,9
segmentation_trial,446449,0.0-11.0-0.11,3,"[""nadite"",""lebado"",""bogumi"",""gitoka""]",uabgukzp1dvdw1f,zipfian,"[""gitoka"",""bogumi"",""lebado"",""nadite""]",1.0,1.0,lebado,minato,minato,lebado,lebado,gitoka,bogumi,lebado,nadite,3,2,106
segmentation_trial,465751,0.0-11.0-0.12,3,"[""nadite"",""lebado"",""bogumi"",""gitoka""]",uabgukzp1dvdw1f,zipfian,"[""gitoka"",""bogumi"",""lebado"",""nadite""]",1.0,0.0,nadite,dogiba,nadite,dogiba,dogiba,gitoka,bogumi,lebado,nadite,4,2,144
segmentation_trial,481280,0.0-11.0-0.13,3,"[""nadite"",""lebado"",""bogumi"",""gitoka""]",uabgukzp1dvdw1f,zipfian,"[""gitoka"",""bogumi"",""lebado"",""nadite""]",0.0,1.0,lebado,tebodi,lebado,tebodi,lebado,gitoka,bogumi,lebado,nadite,3,2,107
segmentation_trial,490777,0.0-11.0-0.14,3,"[""nadite"",""lebado"",""bogumi"",""gitoka""]",uabgukzp1dvdw1f,zipfian,"[""gitoka"",""bogumi"",""lebado"",""nadite""]",1.0,0.0,bogumi,dogiba,bogumi,dogiba,dogiba,gitoka,bogumi,lebado,nadite,2,2,8
segmentation_trial,503657,0.0-11.0-0.15,3,"[""nadite"",""lebado"",""bogumi"",""gitoka""]",uabgukzp1dvdw1f,zipfian,"[""gitoka"",""bogumi"",""lebado"",""nadite""]",0.0,1.0,nadite,tebodi,nadite,tebodi,nadite,gitoka,bogumi,lebado,nadite,4,2,147
segmentation_trial,442175,0.0-11.0-0.0,1,"[""lemaku"",""gibeto"",""bugona"",""dotumi""]",kqy4wdw9kcqe8sa,uniform,,0.0,1.0,gibeto,tobuma,gibeto,tobuma,gibeto,,,,,0,2,51
segmentation_trial,450750,0.0-11.0-0.1,1,"[""lemaku"",""gibeto"",""bugona"",""dotumi""]",kqy4wdw9kcqe8sa,uniform,,1.0,1.0,dotumi,midobe,midobe,dotumi,dotumi,,,,,0,2,41
segmentation_trial,457309,0.0-11.0-0.2,1,"[""lemaku"",""gibeto"",""bugona"",""dotumi""]",kqy4wdw9kcqe8sa,uniform,,1.0,1.0,lemaku,nagitu,nagitu,lemaku,lemaku,,,,,0,2,110
segmentation_trial,463423,0.0-11.0-0.3,1,"[""lemaku"",""gibeto"",""bugona"",""dotumi""]",kqy4wdw9kcqe8sa,uniform,,0.0,1.0,dotumi,kulego,dotumi,kulego,dotumi,,,,,0,2,40
segmentation_trial,470078,0.0-11.0-0.4,1,"[""lemaku"",""gibeto"",""bugona"",""dotumi""]",kqy4wdw9kcqe8sa,uniform,,1.0,1.0,lemaku,midobe,midobe,lemaku,lemaku,,,,,0,2,109
segmentation_trial,476095,0.0-11.0-0.5,1,"[""lemaku"",""gibeto"",""bugona"",""dotumi""]",kqy4wdw9kcqe8sa,uniform,,0.0,1.0,gibeto,kulego,gibeto,kulego,gibeto,,,,,0,2,48
segmentation_trial,483031,0.0-11.0-0.6,1,"[""lemaku"",""gibeto"",""bugona"",""dotumi""]",kqy4wdw9kcqe8sa,uniform,,1.0,0.0,lemaku,tobuma,lemaku,tobuma,tobuma,,,,,0,2,111
segmentation_trial,489226,0.0-11.0-0.7,1,"[""lemaku"",""gibeto"",""bugona"",""dotumi""]",kqy4wdw9kcqe8sa,uniform,,1.0,1.0,dotumi,nagitu,nagitu,dotumi,dotumi,,,,,0,2,42
segmentation_trial,495737,0.0-11.0-0.8,1,"[""lemaku"",""gibeto"",""bugona"",""dotumi""]",kqy4wdw9kcqe8sa,uniform,,0.0,1.0,bugona,tobuma,bugona,tobuma,bugona,,,,,0,2,15
segmentation_trial,504013,0.0-11.0-0.9,1,"[""lemaku"",""gibeto"",""bugona"",""dotumi""]",kqy4wdw9kcqe8sa,uniform,,1.0,0.0,lemaku,kulego,lemaku,kulego,kulego,,,,,0,2,108
segmentation_trial,512274,0.0-11.0-0.10,1,"[""lemaku"",""gibeto"",""bugona"",""dotumi""]",kqy4wdw9kcqe8sa,uniform,,1.0,1.0,bugona,nagitu,nagitu,bugona,bugona,,,,,0,2,14
segmentation_trial,518785,0.0-11.0-0.11,1,"[""lemaku"",""gibeto"",""bugona"",""dotumi""]",kqy4wdw9kcqe8sa,uniform,,1.0,1.0,gibeto,midobe,midobe,gibeto,gibeto,,,,,0,2,49
segmentation_trial,524899,0.0-11.0-0.12,1,"[""lemaku"",""gibeto"",""bugona"",""dotumi""]",kqy4wdw9kcqe8sa,uniform,,0.0,1.0,bugona,kulego,bugona,kulego,bugona,,,,,0,2,12
segmentation_trial,533257,0.0-11.0-0.13,1,"[""lemaku"",""gibeto"",""bugona"",""dotumi""]",kqy4wdw9kcqe8sa,uniform,,1.0,1.0,gibeto,nagitu,nagitu,gibeto,gibeto,,,,,0,2,50
segmentation_trial,540145,0.0-11.0-0.14,1,"[""lemaku"",""gibeto"",""bugona"",""dotumi""]",kqy4wdw9kcqe8sa,uniform,,1.0,1.0,bugona,midobe,midobe,bugona,bugona,,,,,0,2,13
segmentation_trial,547838,0.0-11.0-0.15,1,"[""lemaku"",""gibeto"",""bugona"",""dotumi""]",kqy4wdw9kcqe8sa,uniform,,0.0,1.0,dotumi,tobuma,dotumi,tobuma,dotumi,,,,,0,2,43
segmentation_trial,487166,0.0-11.0-0.0,3,"[""dogiba"",""kalegu"",""tebodi"",""minato""]",wovrxuzn3xy17cs,uniform,,0.0,1.0,minato,bogumi,minato,bogumi,minato,,,,,0,1,128
segmentation_trial,496494,0.0-11.0-0.1,3,"[""dogiba"",""kalegu"",""tebodi"",""minato""]",wovrxuzn3xy17cs,uniform,,1.0,1.0,tebodi,lebado,lebado,tebodi,tebodi,,,,,0,1,170
segmentation_trial,504230,0.0-11.0-0.2,3,"[""dogiba"",""kalegu"",""tebodi"",""minato""]",wovrxuzn3xy17cs,uniform,,0.0,1.0,kalegu,bogumi,kalegu,bogumi,kalegu,,,,,0,1,68
segmentation_trial,510698,0.0-11.0-0.3,3,"[""dogiba"",""kalegu"",""tebodi"",""minato""]",wovrxuzn3xy17cs,uniform,,1.0,1.0,dogiba,gitoka,gitoka,dogiba,dogiba,,,,,0,1,33
segmentation_trial,517351,0.0-11.0-0.4,3,"[""dogiba"",""kalegu"",""tebodi"",""minato""]",wovrxuzn3xy17cs,uniform,,0.0,1.0,tebodi,bogumi,tebodi,bogumi,tebodi,,,,,0,1,168
segmentation_trial,523381,0.0-11.0-0.5,3,"[""dogiba"",""kalegu"",""tebodi"",""minato""]",wovrxuzn3xy17cs,uniform,,0.0,1.0,minato,nadite,minato,nadite,minato,,,,,0,1,131
segmentation_trial,529926,0.0-11.0-0.6,3,"[""dogiba"",""kalegu"",""tebodi"",""minato""]",wovrxuzn3xy17cs,uniform,,1.0,1.0,kalegu,lebado,lebado,kalegu,kalegu,,,,,0,1,70
segmentation_trial,536655,0.0-11.0-0.7,3,"[""dogiba"",""kalegu"",""tebodi"",""minato""]",wovrxuzn3xy17cs,uniform,,0.0,1.0,dogiba,nadite,dogiba,nadite,dogiba,,,,,0,1,35
segmentation_trial,543445,0.0-11.0-0.8,3,"[""dogiba"",""kalegu"",""tebodi"",""minato""]",wovrxuzn3xy17cs,uniform,,1.0,1.0,tebodi,gitoka,gitoka,tebodi,tebodi,,,,,0,1,169
segmentation_trial,550367,0.0-11.0-0.9,3,"[""dogiba"",""kalegu"",""tebodi"",""minato""]",wovrxuzn3xy17cs,uniform,,1.0,1.0,minato,lebado,lebado,minato,minato,,,,,0,1,130
segmentation_trial,557099,0.0-11.0-0.10,3,"[""dogiba"",""kalegu"",""tebodi"",""minato""]",wovrxuzn3xy17cs,uniform,,0.0,1.0,dogiba,bogumi,dogiba,bogumi,dogiba,,,,,0,1,32
segmentation_trial,563999,0.0-11.0-0.11,3,"[""dogiba"",""kalegu"",""tebodi"",""minato""]",wovrxuzn3xy17cs,uniform,,0.0,1.0,tebodi,nadite,tebodi,nadite,tebodi,,,,,0,1,171
segmentation_trial,576558,0.0-11.0-0.12,3,"[""dogiba"",""kalegu"",""tebodi"",""minato""]",wovrxuzn3xy17cs,uniform,,0.0,0.0,kalegu,gitoka,gitoka,kalegu,gitoka,,,,,0,1,69
segmentation_trial,588103,0.0-11.0-0.13,3,"[""dogiba"",""kalegu"",""tebodi"",""minato""]",wovrxuzn3xy17cs,uniform,,0.0,0.0,dogiba,lebado,lebado,dogiba,lebado,,,,,0,1,34
segmentation_trial,594506,0.0-11.0-0.14,3,"[""dogiba"",""kalegu"",""tebodi"",""minato""]",wovrxuzn3xy17cs,uniform,,1.0,1.0,minato,gitoka,gitoka,minato,minato,,,,,0,1,129
segmentation_trial,602638,0.0-11.0-0.15,3,"[""dogiba"",""kalegu"",""tebodi"",""minato""]",wovrxuzn3xy17cs,uniform,,0.0,1.0,kalegu,nadite,kalegu,nadite,kalegu,,,,,0,1,71
segmentation_trial,334123,0.0-11.0-0.0,1,"[""lemaku"",""gibeto"",""bugona"",""dotumi""]",j7skrh4t2y2p5dd,uniform,,0.0,1.0,dotumi,tobuma,dotumi,tobuma,dotumi,,,,,0,2,43
segmentation_trial,341580,0.0-11.0-0.1,1,"[""lemaku"",""gibeto"",""bugona"",""dotumi""]",j7skrh4t2y2p5dd,uniform,,1.0,1.0,gibeto,midobe,midobe,gibeto,gibeto,,,,,0,2,49
segmentation_trial,351568,0.0-11.0-0.2,1,"[""lemaku"",""gibeto"",""bugona"",""dotumi""]",j7skrh4t2y2p5dd,uniform,,0.0,1.0,lemaku,tobuma,lemaku,tobuma,lemaku,,,,,0,2,111
segmentation_trial,358552,0.0-11.0-0.3,1,"[""lemaku"",""gibeto"",""bugona"",""dotumi""]",j7skrh4t2y2p5dd,uniform,,1.0,1.0,dotumi,nagitu,nagitu,dotumi,dotumi,,,,,0,2,42
segmentation_trial,367297,0.0-11.0-0.4,1,"[""lemaku"",""gibeto"",""bugona"",""dotumi""]",j7skrh4t2y2p5dd,uniform,,1.0,1.0,bugona,midobe,midobe,bugona,bugona,,,,,0,2,13
segmentation_trial,375750,0.0-11.0-0.5,1,"[""lemaku"",""gibeto"",""bugona"",""dotumi""]",j7skrh4t2y2p5dd,uniform,,0.0,1.0,gibeto,kulego,gibeto,kulego,gibeto,,,,,0,2,48
segmentation_trial,383374,0.0-11.0-0.6,1,"[""lemaku"",""gibeto"",""bugona"",""dotumi""]",j7skrh4t2y2p5dd,uniform,,1.0,1.0,dotumi,midobe,midobe,dotumi,dotumi,,,,,0,2,41
segmentation_trial,391706,0.0-11.0-0.7,1,"[""lemaku"",""gibeto"",""bugona"",""dotumi""]",j7skrh4t2y2p5dd,uniform,,1.0,1.0,bugona,nagitu,nagitu,bugona,bugona,,,,,0,2,14
segmentation_trial,398389,0.0-11.0-0.8,1,"[""lemaku"",""gibeto"",""bugona"",""dotumi""]",j7skrh4t2y2p5dd,uniform,,0.0,1.0,gibeto,tobuma,gibeto,tobuma,gibeto,,,,,0,2,51
segmentation_trial,416463,0.0-11.0-0.9,1,"[""lemaku"",""gibeto"",""bugona"",""dotumi""]",j7skrh4t2y2p5dd,uniform,,0.0,1.0,lemaku,kulego,lemaku,kulego,lemaku,,,,,0,2,108
segmentation_trial,424094,0.0-11.0-0.10,1,"[""lemaku"",""gibeto"",""bugona"",""dotumi""]",j7skrh4t2y2p5dd,uniform,,1.0,1.0,gibeto,nagitu,nagitu,gibeto,gibeto,,,,,0,2,50
segmentation_trial,432975,0.0-11.0-0.11,1,"[""lemaku"",""gibeto"",""bugona"",""dotumi""]",j7skrh4t2y2p5dd,uniform,,0.0,1.0,dotumi,kulego,dotumi,kulego,dotumi,,,,,0,2,40
segmentation_trial,444806,0.0-11.0-0.12,1,"[""lemaku"",""gibeto"",""bugona"",""dotumi""]",j7skrh4t2y2p5dd,uniform,,1.0,1.0,lemaku,nagitu,nagitu,lemaku,lemaku,,,,,0,2,110
segmentation_trial,455737,0.0-11.0-0.13,1,"[""lemaku"",""gibeto"",""bugona"",""dotumi""]",j7skrh4t2y2p5dd,uniform,,0.0,1.0,bugona,kulego,bugona,kulego,bugona,,,,,0,2,12
segmentation_trial,464837,0.0-11.0-0.14,1,"[""lemaku"",""gibeto"",""bugona"",""dotumi""]",j7skrh4t2y2p5dd,uniform,,1.0,1.0,lemaku,midobe,midobe,lemaku,lemaku,,,,,0,2,109
segmentation_trial,474547,0.0-11.0-0.15,1,"[""lemaku"",""gibeto"",""bugona"",""dotumi""]",j7skrh4t2y2p5dd,uniform,,0.0,1.0,bugona,tobuma,bugona,tobuma,bugona,,,,,0,2,15
segmentation_trial,232166,0.0-11.0-0.0,1,"[""lemaku"",""gibeto"",""bugona"",""dotumi""]",u0p2mlnaka0nskb,zipfian,"[""lemaku"",""dotumi"",""gibeto"",""bugona""]",1.0,1.0,dotumi,nagitu,nagitu,dotumi,dotumi,lemaku,dotumi,gibeto,bugona,2,2,42
segmentation_trial,239645,0.0-11.0-0.1,1,"[""lemaku"",""gibeto"",""bugona"",""dotumi""]",u0p2mlnaka0nskb,zipfian,"[""lemaku"",""dotumi"",""gibeto"",""bugona""]",0.0,1.0,gibeto,kulego,gibeto,kulego,gibeto,lemaku,dotumi,gibeto,bugona,3,2,48
segmentation_trial,246324,0.0-11.0-0.2,1,"[""lemaku"",""gibeto"",""bugona"",""dotumi""]",u0p2mlnaka0nskb,zipfian,"[""lemaku"",""dotumi"",""gibeto"",""bugona""]",1.0,1.0,bugona,nagitu,nagitu,bugona,bugona,lemaku,dotumi,gibeto,bugona,4,2,14
segmentation_trial,252365,0.0-11.0-0.3,1,"[""lemaku"",""gibeto"",""bugona"",""dotumi""]",u0p2mlnaka0nskb,zipfian,"[""lemaku"",""dotumi"",""gibeto"",""bugona""]",0.0,1.0,lemaku,kulego,lemaku,kulego,lemaku,lemaku,dotumi,gibeto,bugona,1,2,108
segmentation_trial,259549,0.0-11.0-0.4,1,"[""lemaku"",""gibeto"",""bugona"",""dotumi""]",u0p2mlnaka0nskb,zipfian,"[""lemaku"",""dotumi"",""gibeto"",""bugona""]",0.0,1.0,bugona,tobuma,bugona,tobuma,bugona,lemaku,dotumi,gibeto,bugona,4,2,15
segmentation_trial,266292,0.0-11.0-0.5,1,"[""lemaku"",""gibeto"",""bugona"",""dotumi""]",u0p2mlnaka0nskb,zipfian,"[""lemaku"",""dotumi"",""gibeto"",""bugona""]",1.0,1.0,gibeto,midobe,midobe,gibeto,gibeto,lemaku,dotumi,gibeto,bugona,3,2,49
segmentation_trial,273237,0.0-11.0-0.6,1,"[""lemaku"",""gibeto"",""bugona"",""dotumi""]",u0p2mlnaka0nskb,zipfian,"[""lemaku"",""dotumi"",""gibeto"",""bugona""]",0.0,1.0,bugona,kulego,bugona,kulego,bugona,lemaku,dotumi,gibeto,bugona,4,2,12
segmentation_trial,279333,0.0-11.0-0.7,1,"[""lemaku"",""gibeto"",""bugona"",""dotumi""]",u0p2mlnaka0nskb,zipfian,"[""lemaku"",""dotumi"",""gibeto"",""bugona""]",0.0,1.0,dotumi,tobuma,dotumi,tobuma,dotumi,lemaku,dotumi,gibeto,bugona,2,2,43
segmentation_trial,285484,0.0-11.0-0.8,1,"[""lemaku"",""gibeto"",""bugona"",""dotumi""]",u0p2mlnaka0nskb,zipfian,"[""lemaku"",""dotumi"",""gibeto"",""bugona""]",1.0,1.0,bugona,midobe,midobe,bugona,bugona,lemaku,dotumi,gibeto,bugona,4,2,13
segmentation_trial,291598,0.0-11.0-0.9,1,"[""lemaku"",""gibeto"",""bugona"",""dotumi""]",u0p2mlnaka0nskb,zipfian,"[""lemaku"",""dotumi"",""gibeto"",""bugona""]",1.0,0.0,dotumi,kulego,dotumi,kulego,kulego,lemaku,dotumi,gibeto,bugona,2,2,40
segmentation_trial,297710,0.0-11.0-0.10,1,"[""lemaku"",""gibeto"",""bugona"",""dotumi""]",u0p2mlnaka0nskb,zipfian,"[""lemaku"",""dotumi"",""gibeto"",""bugona""]",1.0,1.0,lemaku,midobe,midobe,lemaku,lemaku,lemaku,dotumi,gibeto,bugona,1,2,109
segmentation_trial,305118,0.0-11.0-0.11,1,"[""lemaku"",""gibeto"",""bugona"",""dotumi""]",u0p2mlnaka0nskb,zipfian,"[""lemaku"",""dotumi"",""gibeto"",""bugona""]",0.0,0.0,gibeto,nagitu,nagitu,gibeto,nagitu,lemaku,dotumi,gibeto,bugona,3,2,50
segmentation_trial,312654,0.0-11.0-0.12,1,"[""lemaku"",""gibeto"",""bugona"",""dotumi""]",u0p2mlnaka0nskb,zipfian,"[""lemaku"",""dotumi"",""gibeto"",""bugona""]",0.0,1.0,lemaku,tobuma,lemaku,tobuma,lemaku,lemaku,dotumi,gibeto,bugona,1,2,111
segmentation_trial,320118,0.0-11.0-0.13,1,"[""lemaku"",""gibeto"",""bugona"",""dotumi""]",u0p2mlnaka0nskb,zipfian,"[""lemaku"",""dotumi"",""gibeto"",""bugona""]",1.0,1.0,dotumi,midobe,midobe,dotumi,dotumi,lemaku,dotumi,gibeto,bugona,2,2,41
segmentation_trial,326351,0.0-11.0-0.14,1,"[""lemaku"",""gibeto"",""bugona"",""dotumi""]",u0p2mlnaka0nskb,zipfian,"[""lemaku"",""dotumi"",""gibeto"",""bugona""]",1.0,1.0,lemaku,nagitu,nagitu,lemaku,lemaku,lemaku,dotumi,gibeto,bugona,1,2,110
segmentation_trial,332790,0.0-11.0-0.15,1,"[""lemaku"",""gibeto"",""bugona"",""dotumi""]",u0p2mlnaka0nskb,zipfian,"[""lemaku"",""dotumi"",""gibeto"",""bugona""]",0.0,1.0,gibeto,tobuma,gibeto,tobuma,gibeto,lemaku,dotumi,gibeto,bugona,3,2,51
segmentation_trial,228333,0.0-11.0-0.0,1,"[""lemaku"",""gibeto"",""bugona"",""dotumi""]",cxvslq883fzwmpp,zipfian,"[""lemaku"",""bugona"",""gibeto"",""dotumi""]",1.0,0.0,gibeto,kulego,gibeto,kulego,kulego,lemaku,bugona,gibeto,dotumi,3,2,48
segmentation_trial,234598,0.0-11.0-0.1,1,"[""lemaku"",""gibeto"",""bugona"",""dotumi""]",cxvslq883fzwmpp,zipfian,"[""lemaku"",""bugona"",""gibeto"",""dotumi""]",0.0,0.0,bugona,nagitu,nagitu,bugona,nagitu,lemaku,bugona,gibeto,dotumi,2,2,14
segmentation_trial,241550,0.0-11.0-0.2,1,"[""lemaku"",""gibeto"",""bugona"",""dotumi""]",cxvslq883fzwmpp,zipfian,"[""lemaku"",""bugona"",""gibeto"",""dotumi""]",1.0,0.0,dotumi,tobuma,dotumi,tobuma,tobuma,lemaku,bugona,gibeto,dotumi,4,2,43
segmentation_trial,247631,0.0-11.0-0.3,1,"[""lemaku"",""gibeto"",""bugona"",""dotumi""]",cxvslq883fzwmpp,zipfian,"[""lemaku"",""bugona"",""gibeto"",""dotumi""]",1.0,0.0,bugona,kulego,bugona,kulego,kulego,lemaku,bugona,gibeto,dotumi,2,2,12
segmentation_trial,256249,0.0-11.0-0.4,1,"[""lemaku"",""gibeto"",""bugona"",""dotumi""]",cxvslq883fzwmpp,zipfian,"[""lemaku"",""bugona"",""gibeto"",""dotumi""]",1.0,1.0,lemaku,midobe,midobe,lemaku,lemaku,lemaku,bugona,gibeto,dotumi,1,2,109
segmentation_trial,262665,0.0-11.0-0.5,1,"[""lemaku"",""gibeto"",""bugona"",""dotumi""]",cxvslq883fzwmpp,zipfian,"[""lemaku"",""bugona"",""gibeto"",""dotumi""]",0.0,0.0,dotumi,nagitu,nagitu,dotumi,nagitu,lemaku,bugona,gibeto,dotumi,4,2,42
segmentation_trial,269233,0.0-11.0-0.6,1,"[""lemaku"",""gibeto"",""bugona"",""dotumi""]",cxvslq883fzwmpp,zipfian,"[""lemaku"",""bugona"",""gibeto"",""dotumi""]",0.0,0.0,bugona,midobe,midobe,bugona,midobe,lemaku,bugona,gibeto,dotumi,2,2,13
segmentation_trial,276364,0.0-11.0-0.7,1,"[""lemaku"",""gibeto"",""bugona"",""dotumi""]",cxvslq883fzwmpp,zipfian,"[""lemaku"",""bugona"",""gibeto"",""dotumi""]",0.0,0.0,lemaku,nagitu,nagitu,lemaku,nagitu,lemaku,bugona,gibeto,dotumi,1,2,110
segmentation_trial,291166,0.0-11.0-0.8,1,"[""lemaku"",""gibeto"",""bugona"",""dotumi""]",cxvslq883fzwmpp,zipfian,"[""lemaku"",""bugona"",""gibeto"",""dotumi""]",0.0,1.0,bugona,tobuma,bugona,tobuma,bugona,lemaku,bugona,gibeto,dotumi,2,2,15
segmentation_trial,300117,0.0-11.0-0.9,1,"[""lemaku"",""gibeto"",""bugona"",""dotumi""]",cxvslq883fzwmpp,zipfian,"[""lemaku"",""bugona"",""gibeto"",""dotumi""]",1.0,0.0,dotumi,kulego,dotumi,kulego,kulego,lemaku,bugona,gibeto,dotumi,4,2,40
segmentation_trial,308115,0.0-11.0-0.10,1,"[""lemaku"",""gibeto"",""bugona"",""dotumi""]",cxvslq883fzwmpp,zipfian,"[""lemaku"",""bugona"",""gibeto"",""dotumi""]",0.0,0.0,gibeto,nagitu,nagitu,gibeto,nagitu,lemaku,bugona,gibeto,dotumi,3,2,50
segmentation_trial,314949,0.0-11.0-0.11,1,"[""lemaku"",""gibeto"",""bugona"",""dotumi""]",cxvslq883fzwmpp,zipfian,"[""lemaku"",""bugona"",""gibeto"",""dotumi""]",1.0,0.0,lemaku,kulego,lemaku,kulego,kulego,lemaku,bugona,gibeto,dotumi,1,2,108
segmentation_trial,321365,0.0-11.0-0.12,1,"[""lemaku"",""gibeto"",""bugona"",""dotumi""]",cxvslq883fzwmpp,zipfian,"[""lemaku"",""bugona"",""gibeto"",""dotumi""]",0.0,1.0,gibeto,tobuma,gibeto,tobuma,gibeto,lemaku,bugona,gibeto,dotumi,3,2,51
segmentation_trial,327798,0.0-11.0-0.13,1,"[""lemaku"",""gibeto"",""bugona"",""dotumi""]",cxvslq883fzwmpp,zipfian,"[""lemaku"",""bugona"",""gibeto"",""dotumi""]",1.0,1.0,dotumi,midobe,midobe,dotumi,dotumi,lemaku,bugona,gibeto,dotumi,4,2,41
segmentation_trial,334082,0.0-11.0-0.14,1,"[""lemaku"",""gibeto"",""bugona"",""dotumi""]",cxvslq883fzwmpp,zipfian,"[""lemaku"",""bugona"",""gibeto"",""dotumi""]",0.0,1.0,lemaku,tobuma,lemaku,tobuma,lemaku,lemaku,bugona,gibeto,dotumi,1,2,111
segmentation_trial,342048,0.0-11.0-0.15,1,"[""lemaku"",""gibeto"",""bugona"",""dotumi""]",cxvslq883fzwmpp,zipfian,"[""lemaku"",""bugona"",""gibeto"",""dotumi""]",0.0,0.0,gibeto,midobe,midobe,gibeto,midobe,lemaku,bugona,gibeto,dotumi,3,2,49
segmentation_trial,248457,0.0-11.0-0.0,4,"[""kinome"",""teguda"",""bulego"",""moditu""]",yxvkp7suf2nwvtb,zipfian,"[""kinome"",""teguda"",""bulego"",""moditu""]",0.0,1.0,teguda,gumeki,teguda,gumeki,teguda,kinome,teguda,bulego,moditu,2,1,177
segmentation_trial,254332,0.0-11.0-0.1,4,"[""kinome"",""teguda"",""bulego"",""moditu""]",yxvkp7suf2nwvtb,zipfian,"[""kinome"",""teguda"",""bulego"",""moditu""]",0.0,1.0,bulego,nodabu,bulego,nodabu,bulego,kinome,teguda,bulego,moditu,3,1,19
segmentation_trial,260192,0.0-11.0-0.2,4,"[""kinome"",""teguda"",""bulego"",""moditu""]",yxvkp7suf2nwvtb,zipfian,"[""kinome"",""teguda"",""bulego"",""moditu""]",0.0,1.0,kinome,gumeki,kinome,gumeki,kinome,kinome,teguda,bulego,moditu,1,1,77
segmentation_trial,266991,0.0-11.0-0.3,4,"[""kinome"",""teguda"",""bulego"",""moditu""]",yxvkp7suf2nwvtb,zipfian,"[""kinome"",""teguda"",""bulego"",""moditu""]",1.0,1.0,moditu,letumo,letumo,moditu,moditu,kinome,teguda,bulego,moditu,4,1,134
segmentation_trial,273943,0.0-11.0-0.4,4,"[""kinome"",""teguda"",""bulego"",""moditu""]",yxvkp7suf2nwvtb,zipfian,"[""kinome"",""teguda"",""bulego"",""moditu""]",0.0,1.0,bulego,gumeki,bulego,gumeki,bulego,kinome,teguda,bulego,moditu,3,1,17
segmentation_trial,280086,0.0-11.0-0.5,4,"[""kinome"",""teguda"",""bulego"",""moditu""]",yxvkp7suf2nwvtb,zipfian,"[""kinome"",""teguda"",""bulego"",""moditu""]",0.0,0.0,teguda,digote,digote,teguda,digote,kinome,teguda,bulego,moditu,2,1,176
segmentation_trial,290776,0.0-11.0-0.6,4,"[""kinome"",""teguda"",""bulego"",""moditu""]",yxvkp7suf2nwvtb,zipfian,"[""kinome"",""teguda"",""bulego"",""moditu""]",1.0,1.0,kinome,letumo,letumo,kinome,kinome,kinome,teguda,bulego,moditu,1,1,78
segmentation_trial,304386,0.0-11.0-0.7,4,"[""kinome"",""teguda"",""bulego"",""moditu""]",yxvkp7suf2nwvtb,zipfian,"[""kinome"",""teguda"",""bulego"",""moditu""]",1.0,1.0,bulego,digote,digote,bulego,bulego,kinome,teguda,bulego,moditu,3,1,16
segmentation_trial,311502,0.0-11.0-0.8,4,"[""kinome"",""teguda"",""bulego"",""moditu""]",yxvkp7suf2nwvtb,zipfian,"[""kinome"",""teguda"",""bulego"",""moditu""]",1.0,0.0,kinome,nodabu,kinome,nodabu,nodabu,kinome,teguda,bulego,moditu,1,1,79
segmentation_trial,324595,0.0-11.0-0.9,4,"[""kinome"",""teguda"",""bulego"",""moditu""]",yxvkp7suf2nwvtb,zipfian,"[""kinome"",""teguda"",""bulego"",""moditu""]",1.0,1.0,bulego,letumo,letumo,bulego,bulego,kinome,teguda,bulego,moditu,3,1,18
segmentation_trial,330953,0.0-11.0-0.10,4,"[""kinome"",""teguda"",""bulego"",""moditu""]",yxvkp7suf2nwvtb,zipfian,"[""kinome"",""teguda"",""bulego"",""moditu""]",0.0,0.0,moditu,digote,digote,moditu,digote,kinome,teguda,bulego,moditu,4,1,132
segmentation_trial,336898,0.0-11.0-0.11,4,"[""kinome"",""teguda"",""bulego"",""moditu""]",yxvkp7suf2nwvtb,zipfian,"[""kinome"",""teguda"",""bulego"",""moditu""]",1.0,1.0,teguda,letumo,letumo,teguda,teguda,kinome,teguda,bulego,moditu,2,1,178
segmentation_trial,342621,0.0-11.0-0.12,4,"[""kinome"",""teguda"",""bulego"",""moditu""]",yxvkp7suf2nwvtb,zipfian,"[""kinome"",""teguda"",""bulego"",""moditu""]",1.0,1.0,kinome,digote,digote,kinome,kinome,kinome,teguda,bulego,moditu,1,1,76
segmentation_trial,348497,0.0-11.0-0.13,4,"[""kinome"",""teguda"",""bulego"",""moditu""]",yxvkp7suf2nwvtb,zipfian,"[""kinome"",""teguda"",""bulego"",""moditu""]",0.0,1.0,moditu,nodabu,moditu,nodabu,moditu,kinome,teguda,bulego,moditu,4,1,135
segmentation_trial,354909,0.0-11.0-0.14,4,"[""kinome"",""teguda"",""bulego"",""moditu""]",yxvkp7suf2nwvtb,zipfian,"[""kinome"",""teguda"",""bulego"",""moditu""]",1.0,0.0,moditu,gumeki,moditu,gumeki,gumeki,kinome,teguda,bulego,moditu,4,1,133
segmentation_trial,360945,0.0-11.0-0.15,4,"[""kinome"",""teguda"",""bulego"",""moditu""]",yxvkp7suf2nwvtb,zipfian,"[""kinome"",""teguda"",""bulego"",""moditu""]",0.0,1.0,teguda,nodabu,teguda,nodabu,teguda,kinome,teguda,bulego,moditu,2,1,179
segmentation_trial,225126,0.0-11.0-0.0,2,"[""lakubi"",""negado"",""mudile"",""kitena""]",rv28hcujwoy7art,uniform,,0.0,1.0,mudile,dokine,mudile,dokine,mudile,,,,,0,1,141
segmentation_trial,231753,0.0-11.0-0.1,2,"[""lakubi"",""negado"",""mudile"",""kitena""]",rv28hcujwoy7art,uniform,,0.0,1.0,kitena,binaku,kitena,binaku,kitena,,,,,0,1,80
segmentation_trial,238590,0.0-11.0-0.2,2,"[""lakubi"",""negado"",""mudile"",""kitena""]",rv28hcujwoy7art,uniform,,0.0,1.0,negado,dokine,negado,dokine,negado,,,,,0,1,153
segmentation_trial,245970,0.0-11.0-0.3,2,"[""lakubi"",""negado"",""mudile"",""kitena""]",rv28hcujwoy7art,uniform,,0.0,0.0,mudile,temula,temula,mudile,temula,,,,,0,1,143
segmentation_trial,252733,0.0-11.0-0.4,2,"[""lakubi"",""negado"",""mudile"",""kitena""]",rv28hcujwoy7art,uniform,,1.0,1.0,kitena,galedi,galedi,kitena,kitena,,,,,0,1,82
segmentation_trial,259043,0.0-11.0-0.5,2,"[""lakubi"",""negado"",""mudile"",""kitena""]",rv28hcujwoy7art,uniform,,0.0,1.0,mudile,binaku,mudile,binaku,mudile,,,,,0,1,140
segmentation_trial,267771,0.0-11.0-0.6,2,"[""lakubi"",""negado"",""mudile"",""kitena""]",rv28hcujwoy7art,uniform,,1.0,1.0,negado,temula,temula,negado,negado,,,,,0,1,155
segmentation_trial,273944,0.0-11.0-0.7,2,"[""lakubi"",""negado"",""mudile"",""kitena""]",rv28hcujwoy7art,uniform,,0.0,1.0,kitena,dokine,kitena,dokine,kitena,,,,,0,1,81
segmentation_trial,280626,0.0-11.0-0.8,2,"[""lakubi"",""negado"",""mudile"",""kitena""]",rv28hcujwoy7art,uniform,,1.0,1.0,lakubi,temula,temula,lakubi,lakubi,,,,,0,1,99
segmentation_trial,287183,0.0-11.0-0.9,2,"[""lakubi"",""negado"",""mudile"",""kitena""]",rv28hcujwoy7art,uniform,,1.0,1.0,negado,galedi,galedi,negado,negado,,,,,0,1,154
segmentation_trial,293892,0.0-11.0-0.10,2,"[""lakubi"",""negado"",""mudile"",""kitena""]",rv28hcujwoy7art,uniform,,1.0,0.0,lakubi,dokine,lakubi,dokine,dokine,,,,,0,1,97
segmentation_trial,300365,0.0-11.0-0.11,2,"[""lakubi"",""negado"",""mudile"",""kitena""]",rv28hcujwoy7art,uniform,,0.0,1.0,negado,binaku,negado,binaku,negado,,,,,0,1,152
segmentation_trial,307613,0.0-11.0-0.12,2,"[""lakubi"",""negado"",""mudile"",""kitena""]",rv28hcujwoy7art,uniform,,1.0,1.0,lakubi,galedi,galedi,lakubi,lakubi,,,,,0,1,98
segmentation_trial,314294,0.0-11.0-0.13,2,"[""lakubi"",""negado"",""mudile"",""kitena""]",rv28hcujwoy7art,uniform,,1.0,1.0,kitena,temula,temula,kitena,kitena,,,,,0,1,83
segmentation_trial,320930,0.0-11.0-0.14,2,"[""lakubi"",""negado"",""mudile"",""kitena""]",rv28hcujwoy7art,uniform,,0.0,1.0,lakubi,binaku,lakubi,binaku,lakubi,,,,,0,1,96
segmentation_trial,328102,0.0-11.0-0.15,2,"[""lakubi"",""negado"",""mudile"",""kitena""]",rv28hcujwoy7art,uniform,,1.0,1.0,mudile,galedi,galedi,mudile,mudile,,,,,0,1,142
segmentation_trial,378802,0.0-11.0-0.0,5,"[""matolu"",""nubola"",""mogude"",""kediba""]",cvadlc99rln8rws,zipfian,"[""mogude"",""kediba"",""nubola"",""matolu""]",0.0,1.0,kediba,delubo,kediba,delubo,kediba,mogude,kediba,nubola,matolu,2,2,72
segmentation_trial,391677,0.0-11.0-0.1,5,"[""matolu"",""nubola"",""mogude"",""kediba""]",cvadlc99rln8rws,zipfian,"[""mogude"",""kediba"",""nubola"",""matolu""]",1.0,1.0,mogude,lamodi,lamodi,mogude,mogude,mogude,kediba,nubola,matolu,1,2,138
segmentation_trial,398870,0.0-11.0-0.2,5,"[""matolu"",""nubola"",""mogude"",""kediba""]",cvadlc99rln8rws,zipfian,"[""mogude"",""kediba"",""nubola"",""matolu""]",0.0,1.0,nubola,tobanu,nubola,tobanu,nubola,mogude,kediba,nubola,matolu,3,2,167
segmentation_trial,406266,0.0-11.0-0.3,5,"[""matolu"",""nubola"",""mogude"",""kediba""]",cvadlc99rln8rws,zipfian,"[""mogude"",""kediba"",""nubola"",""matolu""]",1.0,1.0,kediba,lamodi,lamodi,kediba,kediba,mogude,kediba,nubola,matolu,2,2,74
segmentation_trial,418717,0.0-11.0-0.4,5,"[""matolu"",""nubola"",""mogude"",""kediba""]",cvadlc99rln8rws,zipfian,"[""mogude"",""kediba"",""nubola"",""matolu""]",1.0,1.0,mogude,gukema,gukema,mogude,mogude,mogude,kediba,nubola,matolu,1,2,137
segmentation_trial,426234,0.0-11.0-0.5,5,"[""matolu"",""nubola"",""mogude"",""kediba""]",cvadlc99rln8rws,zipfian,"[""mogude"",""kediba"",""nubola"",""matolu""]",1.0,1.0,nubola,lamodi,lamodi,nubola,nubola,mogude,kediba,nubola,matolu,3,2,166
segmentation_trial,434657,0.0-11.0-0.6,5,"[""matolu"",""nubola"",""mogude"",""kediba""]",cvadlc99rln8rws,zipfian,"[""mogude"",""kediba"",""nubola"",""matolu""]",0.0,1.0,matolu,tobanu,matolu,tobanu,matolu,mogude,kediba,nubola,matolu,4,2,119
segmentation_trial,441846,0.0-11.0-0.7,5,"[""matolu"",""nubola"",""mogude"",""kediba""]",cvadlc99rln8rws,zipfian,"[""mogude"",""kediba"",""nubola"",""matolu""]",1.0,1.0,nubola,gukema,gukema,nubola,nubola,mogude,kediba,nubola,matolu,3,2,165
segmentation_trial,449300,0.0-11.0-0.8,5,"[""matolu"",""nubola"",""mogude"",""kediba""]",cvadlc99rln8rws,zipfian,"[""mogude"",""kediba"",""nubola"",""matolu""]",0.0,1.0,mogude,tobanu,mogude,tobanu,mogude,mogude,kediba,nubola,matolu,1,2,139
segmentation_trial,456148,0.0-11.0-0.9,5,"[""matolu"",""nubola"",""mogude"",""kediba""]",cvadlc99rln8rws,zipfian,"[""mogude"",""kediba"",""nubola"",""matolu""]",0.0,0.0,matolu,lamodi,lamodi,matolu,lamodi,mogude,kediba,nubola,matolu,4,2,118
segmentation_trial,462946,0.0-11.0-0.10,5,"[""matolu"",""nubola"",""mogude"",""kediba""]",cvadlc99rln8rws,zipfian,"[""mogude"",""kediba"",""nubola"",""matolu""]",0.0,1.0,nubola,delubo,nubola,delubo,nubola,mogude,kediba,nubola,matolu,3,2,164
segmentation_trial,470160,0.0-11.0-0.11,5,"[""matolu"",""nubola"",""mogude"",""kediba""]",cvadlc99rln8rws,zipfian,"[""mogude"",""kediba"",""nubola"",""matolu""]",0.0,0.0,matolu,gukema,gukema,matolu,gukema,mogude,kediba,nubola,matolu,4,2,117
segmentation_trial,477007,0.0-11.0-0.12,5,"[""matolu"",""nubola"",""mogude"",""kediba""]",cvadlc99rln8rws,zipfian,"[""mogude"",""kediba"",""nubola"",""matolu""]",0.0,1.0,mogude,delubo,mogude,delubo,mogude,mogude,kediba,nubola,matolu,1,2,136
segmentation_trial,488342,0.0-11.0-0.13,5,"[""matolu"",""nubola"",""mogude"",""kediba""]",cvadlc99rln8rws,zipfian,"[""mogude"",""kediba"",""nubola"",""matolu""]",0.0,1.0,kediba,tobanu,kediba,tobanu,kediba,mogude,kediba,nubola,matolu,2,2,75
segmentation_trial,495382,0.0-11.0-0.14,5,"[""matolu"",""nubola"",""mogude"",""kediba""]",cvadlc99rln8rws,zipfian,"[""mogude"",""kediba"",""nubola"",""matolu""]",1.0,0.0,matolu,delubo,matolu,delubo,delubo,mogude,kediba,nubola,matolu,4,2,116
segmentation_trial,504784,0.0-11.0-0.15,5,"[""matolu"",""nubola"",""mogude"",""kediba""]",cvadlc99rln8rws,zipfian,"[""mogude"",""kediba"",""nubola"",""matolu""]",1.0,1.0,kediba,gukema,gukema,kediba,kediba,mogude,kediba,nubola,matolu,2,2,73
segmentation_trial,212106,0.0-11.0-0.0,3,"[""dogiba"",""kalegu"",""tebodi"",""minato""]",76tqwvh204rpazh,zipfian,"[""kalegu"",""minato"",""dogiba"",""tebodi""]",0.0,1.0,minato,nadite,minato,nadite,minato,kalegu,minato,dogiba,tebodi,2,1,131
segmentation_trial,218251,0.0-11.0-0.1,3,"[""dogiba"",""kalegu"",""tebodi"",""minato""]",76tqwvh204rpazh,zipfian,"[""kalegu"",""minato"",""dogiba"",""tebodi""]",0.0,0.0,dogiba,gitoka,gitoka,dogiba,gitoka,kalegu,minato,dogiba,tebodi,3,1,33
segmentation_trial,224354,0.0-11.0-0.2,3,"[""dogiba"",""kalegu"",""tebodi"",""minato""]",76tqwvh204rpazh,zipfian,"[""kalegu"",""minato"",""dogiba"",""tebodi""]",1.0,1.0,tebodi,lebado,lebado,tebodi,tebodi,kalegu,minato,dogiba,tebodi,4,1,170
segmentation_trial,231561,0.0-11.0-0.3,3,"[""dogiba"",""kalegu"",""tebodi"",""minato""]",76tqwvh204rpazh,zipfian,"[""kalegu"",""minato"",""dogiba"",""tebodi""]",1.0,1.0,kalegu,gitoka,gitoka,kalegu,kalegu,kalegu,minato,dogiba,tebodi,1,1,69
segmentation_trial,238650,0.0-11.0-0.4,3,"[""dogiba"",""kalegu"",""tebodi"",""minato""]",76tqwvh204rpazh,zipfian,"[""kalegu"",""minato"",""dogiba"",""tebodi""]",0.0,1.0,dogiba,bogumi,dogiba,bogumi,dogiba,kalegu,minato,dogiba,tebodi,3,1,32
segmentation_trial,245026,0.0-11.0-0.5,3,"[""dogiba"",""kalegu"",""tebodi"",""minato""]",76tqwvh204rpazh,zipfian,"[""kalegu"",""minato"",""dogiba"",""tebodi""]",1.0,1.0,tebodi,gitoka,gitoka,tebodi,tebodi,kalegu,minato,dogiba,tebodi,4,1,169
segmentation_trial,251546,0.0-11.0-0.6,3,"[""dogiba"",""kalegu"",""tebodi"",""minato""]",76tqwvh204rpazh,zipfian,"[""kalegu"",""minato"",""dogiba"",""tebodi""]",1.0,1.0,dogiba,lebado,lebado,dogiba,dogiba,kalegu,minato,dogiba,tebodi,3,1,34
segmentation_trial,257778,0.0-11.0-0.7,3,"[""dogiba"",""kalegu"",""tebodi"",""minato""]",76tqwvh204rpazh,zipfian,"[""kalegu"",""minato"",""dogiba"",""tebodi""]",0.0,1.0,tebodi,nadite,tebodi,nadite,tebodi,kalegu,minato,dogiba,tebodi,4,1,171
segmentation_trial,266010,0.0-11.0-0.8,3,"[""dogiba"",""kalegu"",""tebodi"",""minato""]",76tqwvh204rpazh,zipfian,"[""kalegu"",""minato"",""dogiba"",""tebodi""]",1.0,0.0,kalegu,bogumi,kalegu,bogumi,bogumi,kalegu,minato,dogiba,tebodi,1,1,68
segmentation_trial,273075,0.0-11.0-0.9,3,"[""dogiba"",""kalegu"",""tebodi"",""minato""]",76tqwvh204rpazh,zipfian,"[""kalegu"",""minato"",""dogiba"",""tebodi""]",1.0,1.0,minato,gitoka,gitoka,minato,minato,kalegu,minato,dogiba,tebodi,2,1,129
segmentation_trial,279803,0.0-11.0-0.10,3,"[""dogiba"",""kalegu"",""tebodi"",""minato""]",76tqwvh204rpazh,zipfian,"[""kalegu"",""minato"",""dogiba"",""tebodi""]",0.0,0.0,kalegu,lebado,lebado,kalegu,lebado,kalegu,minato,dogiba,tebodi,1,1,70
segmentation_trial,287883,0.0-11.0-0.11,3,"[""dogiba"",""kalegu"",""tebodi"",""minato""]",76tqwvh204rpazh,zipfian,"[""kalegu"",""minato"",""dogiba"",""tebodi""]",0.0,1.0,tebodi,bogumi,tebodi,bogumi,tebodi,kalegu,minato,dogiba,tebodi,4,1,168
segmentation_trial,293915,0.0-11.0-0.12,3,"[""dogiba"",""kalegu"",""tebodi"",""minato""]",76tqwvh204rpazh,zipfian,"[""kalegu"",""minato"",""dogiba"",""tebodi""]",1.0,0.0,dogiba,nadite,dogiba,nadite,nadite,kalegu,minato,dogiba,tebodi,3,1,35
segmentation_trial,299916,0.0-11.0-0.13,3,"[""dogiba"",""kalegu"",""tebodi"",""minato""]",76tqwvh204rpazh,zipfian,"[""kalegu"",""minato"",""dogiba"",""tebodi""]",0.0,1.0,minato,bogumi,minato,bogumi,minato,kalegu,minato,dogiba,tebodi,2,1,128
segmentation_trial,306371,0.0-11.0-0.14,3,"[""dogiba"",""kalegu"",""tebodi"",""minato""]",76tqwvh204rpazh,zipfian,"[""kalegu"",""minato"",""dogiba"",""tebodi""]",1.0,0.0,kalegu,nadite,kalegu,nadite,nadite,kalegu,minato,dogiba,tebodi,1,1,71
segmentation_trial,312451,0.0-11.0-0.15,3,"[""dogiba"",""kalegu"",""tebodi"",""minato""]",76tqwvh204rpazh,zipfian,"[""kalegu"",""minato"",""dogiba"",""tebodi""]",1.0,1.0,minato,lebado,lebado,minato,minato,kalegu,minato,dogiba,tebodi,2,1,130
segmentation_trial,439353,0.0-11.0-0.0,5,"[""matolu"",""nubola"",""mogude"",""kediba""]",b26p188w2fycgb9,zipfian,"[""matolu"",""mogude"",""nubola"",""kediba""]",0.0,1.0,kediba,tobanu,kediba,tobanu,kediba,matolu,mogude,nubola,kediba,4,2,75
segmentation_trial,445795,0.0-11.0-0.1,5,"[""matolu"",""nubola"",""mogude"",""kediba""]",b26p188w2fycgb9,zipfian,"[""matolu"",""mogude"",""nubola"",""kediba""]",0.0,1.0,mogude,delubo,mogude,delubo,mogude,matolu,mogude,nubola,kediba,2,2,136
segmentation_trial,452206,0.0-11.0-0.2,5,"[""matolu"",""nubola"",""mogude"",""kediba""]",b26p188w2fycgb9,zipfian,"[""matolu"",""mogude"",""nubola"",""kediba""]",1.0,1.0,matolu,gukema,gukema,matolu,matolu,matolu,mogude,nubola,kediba,1,2,117
segmentation_trial,458531,0.0-11.0-0.3,5,"[""matolu"",""nubola"",""mogude"",""kediba""]",b26p188w2fycgb9,zipfian,"[""matolu"",""mogude"",""nubola"",""kediba""]",0.0,1.0,mogude,tobanu,mogude,tobanu,mogude,matolu,mogude,nubola,kediba,2,2,139
segmentation_trial,464692,0.0-11.0-0.4,5,"[""matolu"",""nubola"",""mogude"",""kediba""]",b26p188w2fycgb9,zipfian,"[""matolu"",""mogude"",""nubola"",""kediba""]",1.0,1.0,matolu,lamodi,lamodi,matolu,matolu,matolu,mogude,nubola,kediba,1,2,118
segmentation_trial,470774,0.0-11.0-0.5,5,"[""matolu"",""nubola"",""mogude"",""kediba""]",b26p188w2fycgb9,zipfian,"[""matolu"",""mogude"",""nubola"",""kediba""]",1.0,1.0,nubola,gukema,gukema,nubola,nubola,matolu,mogude,nubola,kediba,3,2,165
segmentation_trial,476827,0.0-11.0-0.6,5,"[""matolu"",""nubola"",""mogude"",""kediba""]",b26p188w2fycgb9,zipfian,"[""matolu"",""mogude"",""nubola"",""kediba""]",1.0,1.0,kediba,lamodi,lamodi,kediba,kediba,matolu,mogude,nubola,kediba,4,2,74
segmentation_trial,482722,0.0-11.0-0.7,5,"[""matolu"",""nubola"",""mogude"",""kediba""]",b26p188w2fycgb9,zipfian,"[""matolu"",""mogude"",""nubola"",""kediba""]",1.0,1.0,mogude,gukema,gukema,mogude,mogude,matolu,mogude,nubola,kediba,2,2,137
segmentation_trial,488857,0.0-11.0-0.8,5,"[""matolu"",""nubola"",""mogude"",""kediba""]",b26p188w2fycgb9,zipfian,"[""matolu"",""mogude"",""nubola"",""kediba""]",0.0,1.0,nubola,delubo,nubola,delubo,nubola,matolu,mogude,nubola,kediba,3,2,164
segmentation_trial,495036,0.0-11.0-0.9,5,"[""matolu"",""nubola"",""mogude"",""kediba""]",b26p188w2fycgb9,zipfian,"[""matolu"",""mogude"",""nubola"",""kediba""]",1.0,1.0,mogude,lamodi,lamodi,mogude,mogude,matolu,mogude,nubola,kediba,2,2,138
segmentation_trial,501172,0.0-11.0-0.10,5,"[""matolu"",""nubola"",""mogude"",""kediba""]",b26p188w2fycgb9,zipfian,"[""matolu"",""mogude"",""nubola"",""kediba""]",0.0,1.0,matolu,delubo,matolu,delubo,matolu,matolu,mogude,nubola,kediba,1,2,116
segmentation_trial,507230,0.0-11.0-0.11,5,"[""matolu"",""nubola"",""mogude"",""kediba""]",b26p188w2fycgb9,zipfian,"[""matolu"",""mogude"",""nubola"",""kediba""]",1.0,1.0,nubola,lamodi,lamodi,nubola,nubola,matolu,mogude,nubola,kediba,3,2,166
segmentation_trial,513320,0.0-11.0-0.12,5,"[""matolu"",""nubola"",""mogude"",""kediba""]",b26p188w2fycgb9,zipfian,"[""matolu"",""mogude"",""nubola"",""kediba""]",0.0,1.0,kediba,delubo,kediba,delubo,kediba,matolu,mogude,nubola,kediba,4,2,72
segmentation_trial,519253,0.0-11.0-0.13,5,"[""matolu"",""nubola"",""mogude"",""kediba""]",b26p188w2fycgb9,zipfian,"[""matolu"",""mogude"",""nubola"",""kediba""]",0.0,1.0,matolu,tobanu,matolu,tobanu,matolu,matolu,mogude,nubola,kediba,1,2,119
segmentation_trial,525313,0.0-11.0-0.14,5,"[""matolu"",""nubola"",""mogude"",""kediba""]",b26p188w2fycgb9,zipfian,"[""matolu"",""mogude"",""nubola"",""kediba""]",1.0,1.0,kediba,gukema,gukema,kediba,kediba,matolu,mogude,nubola,kediba,4,2,73
segmentation_trial,532863,0.0-11.0-0.15,5,"[""matolu"",""nubola"",""mogude"",""kediba""]",b26p188w2fycgb9,zipfian,"[""matolu"",""mogude"",""nubola"",""kediba""]",1.0,0.0,nubola,tobanu,nubola,tobanu,tobanu,matolu,mogude,nubola,kediba,3,2,167
segmentation_trial,481565,0.0-11.0-0.0,6,"[""bimegu"",""tegoma"",""kudino"",""labude""]",hppneue6wvdrlx1,uniform,,0.0,1.0,tegoma,mekugo,tegoma,mekugo,tegoma,,,,,0,2,174
segmentation_trial,490560,0.0-11.0-0.1,6,"[""bimegu"",""tegoma"",""kudino"",""labude""]",hppneue6wvdrlx1,uniform,,0.0,1.0,bimegu,nodebu,bimegu,nodebu,bimegu,,,,,0,2,3
segmentation_trial,497259,0.0-11.0-0.2,6,"[""bimegu"",""tegoma"",""kudino"",""labude""]",hppneue6wvdrlx1,uniform,,1.0,1.0,labude,gubila,gubila,labude,labude,,,,,0,2,93
segmentation_trial,504758,0.0-11.0-0.3,6,"[""bimegu"",""tegoma"",""kudino"",""labude""]",hppneue6wvdrlx1,uniform,,0.0,1.0,bimegu,mekugo,bimegu,mekugo,bimegu,,,,,0,2,2
segmentation_trial,511978,0.0-11.0-0.4,6,"[""bimegu"",""tegoma"",""kudino"",""labude""]",hppneue6wvdrlx1,uniform,,1.0,1.0,kudino,dimate,dimate,kudino,kudino,,,,,0,2,84
segmentation_trial,518914,0.0-11.0-0.5,6,"[""bimegu"",""tegoma"",""kudino"",""labude""]",hppneue6wvdrlx1,uniform,,0.0,1.0,labude,nodebu,labude,nodebu,labude,,,,,0,2,95
segmentation_trial,525927,0.0-11.0-0.6,6,"[""bimegu"",""tegoma"",""kudino"",""labude""]",hppneue6wvdrlx1,uniform,,1.0,1.0,tegoma,gubila,gubila,tegoma,tegoma,,,,,0,2,173
segmentation_trial,536657,0.0-11.0-0.7,6,"[""bimegu"",""tegoma"",""kudino"",""labude""]",hppneue6wvdrlx1,uniform,,1.0,1.0,labude,dimate,dimate,labude,labude,,,,,0,2,92
segmentation_trial,544438,0.0-11.0-0.8,6,"[""bimegu"",""tegoma"",""kudino"",""labude""]",hppneue6wvdrlx1,uniform,,0.0,1.0,kudino,mekugo,kudino,mekugo,kudino,,,,,0,2,86
segmentation_trial,555775,0.0-11.0-0.9,6,"[""bimegu"",""tegoma"",""kudino"",""labude""]",hppneue6wvdrlx1,uniform,,1.0,1.0,bimegu,gubila,gubila,bimegu,bimegu,,,,,0,2,1
segmentation_trial,563707,0.0-11.0-0.10,6,"[""bimegu"",""tegoma"",""kudino"",""labude""]",hppneue6wvdrlx1,uniform,,1.0,1.0,tegoma,dimate,dimate,tegoma,tegoma,,,,,0,2,172
segmentation_trial,569981,0.0-11.0-0.11,6,"[""bimegu"",""tegoma"",""kudino"",""labude""]",hppneue6wvdrlx1,uniform,,1.0,1.0,kudino,gubila,gubila,kudino,kudino,,,,,0,2,85
segmentation_trial,577478,0.0-11.0-0.12,6,"[""bimegu"",""tegoma"",""kudino"",""labude""]",hppneue6wvdrlx1,uniform,,0.0,1.0,labude,mekugo,labude,mekugo,labude,,,,,0,2,94
segmentation_trial,585619,0.0-11.0-0.13,6,"[""bimegu"",""tegoma"",""kudino"",""labude""]",hppneue6wvdrlx1,uniform,,0.0,1.0,tegoma,nodebu,tegoma,nodebu,tegoma,,,,,0,2,175
segmentation_trial,592589,0.0-11.0-0.14,6,"[""bimegu"",""tegoma"",""kudino"",""labude""]",hppneue6wvdrlx1,uniform,,0.0,0.0,bimegu,dimate,dimate,bimegu,dimate,,,,,0,2,0
segmentation_trial,601723,0.0-11.0-0.15,6,"[""bimegu"",""tegoma"",""kudino"",""labude""]",hppneue6wvdrlx1,uniform,,0.0,1.0,kudino,nodebu,kudino,nodebu,kudino,,,,,0,2,87
segmentation_trial,241325,0.0-11.0-0.0,3,"[""dogiba"",""kalegu"",""tebodi"",""minato""]",bpxl2313td3tog9,uniform,,1.0,0.0,kalegu,bogumi,kalegu,bogumi,bogumi,,,,,0,1,68
segmentation_trial,250261,0.0-11.0-0.1,3,"[""dogiba"",""kalegu"",""tebodi"",""minato""]",bpxl2313td3tog9,uniform,,0.0,0.0,dogiba,lebado,lebado,dogiba,lebado,,,,,0,1,34
segmentation_trial,256140,0.0-11.0-0.2,3,"[""dogiba"",""kalegu"",""tebodi"",""minato""]",bpxl2313td3tog9,uniform,,1.0,1.0,kalegu,gitoka,gitoka,kalegu,kalegu,,,,,0,1,69
segmentation_trial,261828,0.0-11.0-0.3,3,"[""dogiba"",""kalegu"",""tebodi"",""minato""]",bpxl2313td3tog9,uniform,,1.0,1.0,minato,lebado,lebado,minato,minato,,,,,0,1,130
segmentation_trial,267275,0.0-11.0-0.4,3,"[""dogiba"",""kalegu"",""tebodi"",""minato""]",bpxl2313td3tog9,uniform,,1.0,1.0,dogiba,gitoka,gitoka,dogiba,dogiba,,,,,0,1,33
segmentation_trial,272917,0.0-11.0-0.5,3,"[""dogiba"",""kalegu"",""tebodi"",""minato""]",bpxl2313td3tog9,uniform,,1.0,0.0,minato,bogumi,minato,bogumi,bogumi,,,,,0,1,128
segmentation_trial,278455,0.0-11.0-0.6,3,"[""dogiba"",""kalegu"",""tebodi"",""minato""]",bpxl2313td3tog9,uniform,,0.0,0.0,tebodi,gitoka,gitoka,tebodi,gitoka,,,,,0,1,169
segmentation_trial,284078,0.0-11.0-0.7,3,"[""dogiba"",""kalegu"",""tebodi"",""minato""]",bpxl2313td3tog9,uniform,,0.0,1.0,kalegu,nadite,kalegu,nadite,kalegu,,,,,0,1,71
segmentation_trial,289622,0.0-11.0-0.8,3,"[""dogiba"",""kalegu"",""tebodi"",""minato""]",bpxl2313td3tog9,uniform,,1.0,1.0,minato,gitoka,gitoka,minato,minato,,,,,0,1,129
segmentation_trial,295368,0.0-11.0-0.9,3,"[""dogiba"",""kalegu"",""tebodi"",""minato""]",bpxl2313td3tog9,uniform,,1.0,0.0,tebodi,nadite,tebodi,nadite,nadite,,,,,0,1,171
segmentation_trial,300823,0.0-11.0-0.10,3,"[""dogiba"",""kalegu"",""tebodi"",""minato""]",bpxl2313td3tog9,uniform,,0.0,1.0,dogiba,bogumi,dogiba,bogumi,dogiba,,,,,0,1,32
segmentation_trial,306372,0.0-11.0-0.11,3,"[""dogiba"",""kalegu"",""tebodi"",""minato""]",bpxl2313td3tog9,uniform,,0.0,0.0,kalegu,lebado,lebado,kalegu,lebado,,,,,0,1,70
segmentation_trial,312013,0.0-11.0-0.12,3,"[""dogiba"",""kalegu"",""tebodi"",""minato""]",bpxl2313td3tog9,uniform,,1.0,0.0,tebodi,bogumi,tebodi,bogumi,bogumi,,,,,0,1,168
segmentation_trial,317522,0.0-11.0-0.13,3,"[""dogiba"",""kalegu"",""tebodi"",""minato""]",bpxl2313td3tog9,uniform,,0.0,1.0,dogiba,nadite,dogiba,nadite,dogiba,,,,,0,1,35
segmentation_trial,323131,0.0-11.0-0.14,3,"[""dogiba"",""kalegu"",""tebodi"",""minato""]",bpxl2313td3tog9,uniform,,0.0,0.0,tebodi,lebado,lebado,tebodi,lebado,,,,,0,1,170
segmentation_trial,328607,0.0-11.0-0.15,3,"[""dogiba"",""kalegu"",""tebodi"",""minato""]",bpxl2313td3tog9,uniform,,0.0,1.0,minato,nadite,minato,nadite,minato,,,,,0,1,131
segmentation_trial,222896,0.0-11.0-0.0,2,"[""lakubi"",""negado"",""mudile"",""kitena""]",xr4b3wnuqvqzb9b,uniform,,0.0,1.0,kitena,binaku,kitena,binaku,kitena,,,,,0,1,80
segmentation_trial,229218,0.0-11.0-0.1,2,"[""lakubi"",""negado"",""mudile"",""kitena""]",xr4b3wnuqvqzb9b,uniform,,1.0,1.0,negado,temula,temula,negado,negado,,,,,0,1,155
segmentation_trial,235520,0.0-11.0-0.2,2,"[""lakubi"",""negado"",""mudile"",""kitena""]",xr4b3wnuqvqzb9b,uniform,,1.0,0.0,lakubi,dokine,lakubi,dokine,dokine,,,,,0,1,97
segmentation_trial,242388,0.0-11.0-0.3,2,"[""lakubi"",""negado"",""mudile"",""kitena""]",xr4b3wnuqvqzb9b,uniform,,1.0,1.0,mudile,temula,temula,mudile,mudile,,,,,0,1,143
segmentation_trial,248676,0.0-11.0-0.4,2,"[""lakubi"",""negado"",""mudile"",""kitena""]",xr4b3wnuqvqzb9b,uniform,,0.0,0.0,kitena,galedi,galedi,kitena,galedi,,,,,0,1,82
segmentation_trial,256295,0.0-11.0-0.5,2,"[""lakubi"",""negado"",""mudile"",""kitena""]",xr4b3wnuqvqzb9b,uniform,,0.0,1.0,negado,dokine,negado,dokine,negado,,,,,0,1,153
segmentation_trial,263047,0.0-11.0-0.6,2,"[""lakubi"",""negado"",""mudile"",""kitena""]",xr4b3wnuqvqzb9b,uniform,,0.0,0.0,kitena,temula,temula,kitena,temula,,,,,0,1,83
segmentation_trial,269308,0.0-11.0-0.7,2,"[""lakubi"",""negado"",""mudile"",""kitena""]",xr4b3wnuqvqzb9b,uniform,,1.0,1.0,lakubi,galedi,galedi,lakubi,lakubi,,,,,0,1,98
segmentation_trial,275590,0.0-11.0-0.8,2,"[""lakubi"",""negado"",""mudile"",""kitena""]",xr4b3wnuqvqzb9b,uniform,,0.0,1.0,negado,binaku,negado,binaku,negado,,,,,0,1,152
segmentation_trial,281933,0.0-11.0-0.9,2,"[""lakubi"",""negado"",""mudile"",""kitena""]",xr4b3wnuqvqzb9b,uniform,,0.0,0.0,mudile,galedi,galedi,mudile,galedi,,,,,0,1,142
segmentation_trial,288134,0.0-11.0-0.10,2,"[""lakubi"",""negado"",""mudile"",""kitena""]",xr4b3wnuqvqzb9b,uniform,,1.0,0.0,lakubi,binaku,lakubi,binaku,binaku,,,,,0,1,96
segmentation_trial,296816,0.0-11.0-0.11,2,"[""lakubi"",""negado"",""mudile"",""kitena""]",xr4b3wnuqvqzb9b,uniform,,1.0,0.0,kitena,dokine,kitena,dokine,dokine,,,,,0,1,81
segmentation_trial,315366,0.0-11.0-0.12,2,"[""lakubi"",""negado"",""mudile"",""kitena""]",xr4b3wnuqvqzb9b,uniform,,1.0,0.0,mudile,binaku,mudile,binaku,binaku,,,,,0,1,140
segmentation_trial,325674,0.0-11.0-0.13,2,"[""lakubi"",""negado"",""mudile"",""kitena""]",xr4b3wnuqvqzb9b,uniform,,1.0,1.0,negado,galedi,galedi,negado,negado,,,,,0,1,154
segmentation_trial,332589,0.0-11.0-0.14,2,"[""lakubi"",""negado"",""mudile"",""kitena""]",xr4b3wnuqvqzb9b,uniform,,1.0,0.0,mudile,dokine,mudile,dokine,dokine,,,,,0,1,141
segmentation_trial,339269,0.0-11.0-0.15,2,"[""lakubi"",""negado"",""mudile"",""kitena""]",xr4b3wnuqvqzb9b,uniform,,1.0,1.0,lakubi,temula,temula,lakubi,lakubi,,,,,0,1,99
segmentation_trial,279966,0.0-11.0-0.0,5,"[""matolu"",""nubola"",""mogude"",""kediba""]",mgrbjekj0a681v2,uniform,,1.0,1.0,kediba,gukema,gukema,kediba,kediba,,,,,0,2,73
segmentation_trial,286143,0.0-11.0-0.1,5,"[""matolu"",""nubola"",""mogude"",""kediba""]",mgrbjekj0a681v2,uniform,,0.0,1.0,nubola,tobanu,nubola,tobanu,nubola,,,,,0,2,167
segmentation_trial,292681,0.0-11.0-0.2,5,"[""matolu"",""nubola"",""mogude"",""kediba""]",mgrbjekj0a681v2,uniform,,0.0,0.0,mogude,lamodi,lamodi,mogude,lamodi,,,,,0,2,138
segmentation_trial,298623,0.0-11.0-0.3,5,"[""matolu"",""nubola"",""mogude"",""kediba""]",mgrbjekj0a681v2,uniform,,0.0,1.0,nubola,delubo,nubola,delubo,nubola,,,,,0,2,164
segmentation_trial,304625,0.0-11.0-0.4,5,"[""matolu"",""nubola"",""mogude"",""kediba""]",mgrbjekj0a681v2,uniform,,0.0,1.0,matolu,tobanu,matolu,tobanu,matolu,,,,,0,2,119
segmentation_trial,310783,0.0-11.0-0.5,5,"[""matolu"",""nubola"",""mogude"",""kediba""]",mgrbjekj0a681v2,uniform,,1.0,1.0,nubola,lamodi,lamodi,nubola,nubola,,,,,0,2,166
segmentation_trial,317184,0.0-11.0-0.6,5,"[""matolu"",""nubola"",""mogude"",""kediba""]",mgrbjekj0a681v2,uniform,,0.0,1.0,kediba,delubo,kediba,delubo,kediba,,,,,0,2,72
segmentation_trial,327443,0.0-11.0-0.7,5,"[""matolu"",""nubola"",""mogude"",""kediba""]",mgrbjekj0a681v2,uniform,,0.0,0.0,nubola,gukema,gukema,nubola,gukema,,,,,0,2,165
segmentation_trial,334411,0.0-11.0-0.8,5,"[""matolu"",""nubola"",""mogude"",""kediba""]",mgrbjekj0a681v2,uniform,,0.0,1.0,kediba,tobanu,kediba,tobanu,kediba,,,,,0,2,75
segmentation_trial,340826,0.0-11.0-0.9,5,"[""matolu"",""nubola"",""mogude"",""kediba""]",mgrbjekj0a681v2,uniform,,1.0,1.0,matolu,lamodi,lamodi,matolu,matolu,,,,,0,2,118
segmentation_trial,346781,0.0-11.0-0.10,5,"[""matolu"",""nubola"",""mogude"",""kediba""]",mgrbjekj0a681v2,uniform,,1.0,0.0,mogude,tobanu,mogude,tobanu,tobanu,,,,,0,2,139
segmentation_trial,352813,0.0-11.0-0.11,5,"[""matolu"",""nubola"",""mogude"",""kediba""]",mgrbjekj0a681v2,uniform,,0.0,0.0,matolu,gukema,gukema,matolu,gukema,,,,,0,2,117
segmentation_trial,358717,0.0-11.0-0.12,5,"[""matolu"",""nubola"",""mogude"",""kediba""]",mgrbjekj0a681v2,uniform,,1.0,1.0,kediba,lamodi,lamodi,kediba,kediba,,,,,0,2,74
segmentation_trial,365307,0.0-11.0-0.13,5,"[""matolu"",""nubola"",""mogude"",""kediba""]",mgrbjekj0a681v2,uniform,,0.0,1.0,mogude,delubo,mogude,delubo,mogude,,,,,0,2,136
segmentation_trial,371455,0.0-11.0-0.14,5,"[""matolu"",""nubola"",""mogude"",""kediba""]",mgrbjekj0a681v2,uniform,,1.0,1.0,mogude,gukema,gukema,mogude,mogude,,,,,0,2,137
segmentation_trial,402447,0.0-11.0-0.15,5,"[""matolu"",""nubola"",""mogude"",""kediba""]",mgrbjekj0a681v2,uniform,,0.0,1.0,matolu,delubo,matolu,delubo,matolu,,,,,0,2,116
segmentation_trial,303550,0.0-11.0-0.0,5,"[""tobanu"",""gukema"",""delubo"",""lamodi""]",hlpzh7ponmq7kox,zipfian,"[""delubo"",""gukema"",""tobanu"",""lamodi""]",1.0,1.0,delubo,nubola,nubola,delubo,delubo,delubo,gukema,tobanu,lamodi,1,1,23
segmentation_trial,309983,0.0-11.0-0.1,5,"[""tobanu"",""gukema"",""delubo"",""lamodi""]",hlpzh7ponmq7kox,zipfian,"[""delubo"",""gukema"",""tobanu"",""lamodi""]",0.0,1.0,gukema,matolu,gukema,matolu,gukema,delubo,gukema,tobanu,lamodi,2,1,61
segmentation_trial,318966,0.0-11.0-0.2,5,"[""tobanu"",""gukema"",""delubo"",""lamodi""]",hlpzh7ponmq7kox,zipfian,"[""delubo"",""gukema"",""tobanu"",""lamodi""]",1.0,0.0,tobanu,mogude,tobanu,mogude,mogude,delubo,gukema,tobanu,lamodi,3,1,186
segmentation_trial,325807,0.0-11.0-0.3,5,"[""tobanu"",""gukema"",""delubo"",""lamodi""]",hlpzh7ponmq7kox,zipfian,"[""delubo"",""gukema"",""tobanu"",""lamodi""]",1.0,1.0,lamodi,nubola,nubola,lamodi,lamodi,delubo,gukema,tobanu,lamodi,4,1,103
segmentation_trial,334279,0.0-11.0-0.4,5,"[""tobanu"",""gukema"",""delubo"",""lamodi""]",hlpzh7ponmq7kox,zipfian,"[""delubo"",""gukema"",""tobanu"",""lamodi""]",0.0,1.0,tobanu,matolu,tobanu,matolu,tobanu,delubo,gukema,tobanu,lamodi,3,1,185
segmentation_trial,340374,0.0-11.0-0.5,5,"[""tobanu"",""gukema"",""delubo"",""lamodi""]",hlpzh7ponmq7kox,zipfian,"[""delubo"",""gukema"",""tobanu"",""lamodi""]",1.0,1.0,gukema,kediba,kediba,gukema,gukema,delubo,gukema,tobanu,lamodi,2,1,60
segmentation_trial,346974,0.0-11.0-0.6,5,"[""tobanu"",""gukema"",""delubo"",""lamodi""]",hlpzh7ponmq7kox,zipfian,"[""delubo"",""gukema"",""tobanu"",""lamodi""]",0.0,0.0,tobanu,nubola,nubola,tobanu,nubola,delubo,gukema,tobanu,lamodi,3,1,187
segmentation_trial,353038,0.0-11.0-0.7,5,"[""tobanu"",""gukema"",""delubo"",""lamodi""]",hlpzh7ponmq7kox,zipfian,"[""delubo"",""gukema"",""tobanu"",""lamodi""]",0.0,1.0,delubo,matolu,delubo,matolu,delubo,delubo,gukema,tobanu,lamodi,1,1,21
segmentation_trial,360990,0.0-11.0-0.8,5,"[""tobanu"",""gukema"",""delubo"",""lamodi""]",hlpzh7ponmq7kox,zipfian,"[""delubo"",""gukema"",""tobanu"",""lamodi""]",1.0,1.0,tobanu,kediba,kediba,tobanu,tobanu,delubo,gukema,tobanu,lamodi,3,1,184
segmentation_trial,367167,0.0-11.0-0.9,5,"[""tobanu"",""gukema"",""delubo"",""lamodi""]",hlpzh7ponmq7kox,zipfian,"[""delubo"",""gukema"",""tobanu"",""lamodi""]",0.0,1.0,lamodi,mogude,lamodi,mogude,lamodi,delubo,gukema,tobanu,lamodi,4,1,102
segmentation_trial,373374,0.0-11.0-0.10,5,"[""tobanu"",""gukema"",""delubo"",""lamodi""]",hlpzh7ponmq7kox,zipfian,"[""delubo"",""gukema"",""tobanu"",""lamodi""]",1.0,1.0,delubo,kediba,kediba,delubo,delubo,delubo,gukema,tobanu,lamodi,1,1,20
segmentation_trial,379502,0.0-11.0-0.11,5,"[""tobanu"",""gukema"",""delubo"",""lamodi""]",hlpzh7ponmq7kox,zipfian,"[""delubo"",""gukema"",""tobanu"",""lamodi""]",0.0,1.0,lamodi,matolu,lamodi,matolu,lamodi,delubo,gukema,tobanu,lamodi,4,1,101
segmentation_trial,385641,0.0-11.0-0.12,5,"[""tobanu"",""gukema"",""delubo"",""lamodi""]",hlpzh7ponmq7kox,zipfian,"[""delubo"",""gukema"",""tobanu"",""lamodi""]",0.0,1.0,delubo,mogude,delubo,mogude,delubo,delubo,gukema,tobanu,lamodi,1,1,22
segmentation_trial,391902,0.0-11.0-0.13,5,"[""tobanu"",""gukema"",""delubo"",""lamodi""]",hlpzh7ponmq7kox,zipfian,"[""delubo"",""gukema"",""tobanu"",""lamodi""]",1.0,1.0,gukema,nubola,nubola,gukema,gukema,delubo,gukema,tobanu,lamodi,2,1,63
segmentation_trial,398566,0.0-11.0-0.14,5,"[""tobanu"",""gukema"",""delubo"",""lamodi""]",hlpzh7ponmq7kox,zipfian,"[""delubo"",""gukema"",""tobanu"",""lamodi""]",1.0,1.0,lamodi,kediba,kediba,lamodi,lamodi,delubo,gukema,tobanu,lamodi,4,1,100
segmentation_trial,404758,0.0-11.0-0.15,5,"[""tobanu"",""gukema"",""delubo"",""lamodi""]",hlpzh7ponmq7kox,zipfian,"[""delubo"",""gukema"",""tobanu"",""lamodi""]",0.0,1.0,gukema,mogude,gukema,mogude,gukema,delubo,gukema,tobanu,lamodi,2,1,62
segmentation_trial,326807,0.0-11.0-0.0,4,"[""kinome"",""teguda"",""bulego"",""moditu""]",b7lyrh8y3s7zrv1,zipfian,"[""kinome"",""moditu"",""bulego"",""teguda""]",0.0,1.0,kinome,gumeki,kinome,gumeki,kinome,kinome,moditu,bulego,teguda,1,1,77
segmentation_trial,333958,0.0-11.0-0.1,4,"[""kinome"",""teguda"",""bulego"",""moditu""]",b7lyrh8y3s7zrv1,zipfian,"[""kinome"",""moditu"",""bulego"",""teguda""]",1.0,1.0,bulego,letumo,letumo,bulego,bulego,kinome,moditu,bulego,teguda,3,1,18
segmentation_trial,340070,0.0-11.0-0.2,4,"[""kinome"",""teguda"",""bulego"",""moditu""]",b7lyrh8y3s7zrv1,zipfian,"[""kinome"",""moditu"",""bulego"",""teguda""]",0.0,1.0,moditu,nodabu,moditu,nodabu,moditu,kinome,moditu,bulego,teguda,2,1,135
segmentation_trial,346188,0.0-11.0-0.3,4,"[""kinome"",""teguda"",""bulego"",""moditu""]",b7lyrh8y3s7zrv1,zipfian,"[""kinome"",""moditu"",""bulego"",""teguda""]",1.0,1.0,kinome,digote,digote,kinome,kinome,kinome,moditu,bulego,teguda,1,1,76
segmentation_trial,354088,0.0-11.0-0.4,4,"[""kinome"",""teguda"",""bulego"",""moditu""]",b7lyrh8y3s7zrv1,zipfian,"[""kinome"",""moditu"",""bulego"",""teguda""]",0.0,0.0,moditu,letumo,letumo,moditu,letumo,kinome,moditu,bulego,teguda,2,1,134
segmentation_trial,364115,0.0-11.0-0.5,4,"[""kinome"",""teguda"",""bulego"",""moditu""]",b7lyrh8y3s7zrv1,zipfian,"[""kinome"",""moditu"",""bulego"",""teguda""]",0.0,0.0,teguda,digote,digote,teguda,digote,kinome,moditu,bulego,teguda,4,1,176
segmentation_trial,370961,0.0-11.0-0.6,4,"[""kinome"",""teguda"",""bulego"",""moditu""]",b7lyrh8y3s7zrv1,zipfian,"[""kinome"",""moditu"",""bulego"",""teguda""]",1.0,0.0,bulego,nodabu,bulego,nodabu,nodabu,kinome,moditu,bulego,teguda,3,1,19
segmentation_trial,377308,0.0-11.0-0.7,4,"[""kinome"",""teguda"",""bulego"",""moditu""]",b7lyrh8y3s7zrv1,zipfian,"[""kinome"",""moditu"",""bulego"",""teguda""]",0.0,0.0,moditu,digote,digote,moditu,digote,kinome,moditu,bulego,teguda,2,1,132
segmentation_trial,383417,0.0-11.0-0.8,4,"[""kinome"",""teguda"",""bulego"",""moditu""]",b7lyrh8y3s7zrv1,zipfian,"[""kinome"",""moditu"",""bulego"",""teguda""]",1.0,1.0,kinome,letumo,letumo,kinome,kinome,kinome,moditu,bulego,teguda,1,1,78
segmentation_trial,392696,0.0-11.0-0.9,4,"[""kinome"",""teguda"",""bulego"",""moditu""]",b7lyrh8y3s7zrv1,zipfian,"[""kinome"",""moditu"",""bulego"",""teguda""]",0.0,1.0,moditu,gumeki,moditu,gumeki,moditu,kinome,moditu,bulego,teguda,2,1,133
segmentation_trial,399940,0.0-11.0-0.10,4,"[""kinome"",""teguda"",""bulego"",""moditu""]",b7lyrh8y3s7zrv1,zipfian,"[""kinome"",""moditu"",""bulego"",""teguda""]",1.0,0.0,teguda,nodabu,teguda,nodabu,nodabu,kinome,moditu,bulego,teguda,4,1,179
segmentation_trial,409220,0.0-11.0-0.11,4,"[""kinome"",""teguda"",""bulego"",""moditu""]",b7lyrh8y3s7zrv1,zipfian,"[""kinome"",""moditu"",""bulego"",""teguda""]",1.0,1.0,bulego,digote,digote,bulego,bulego,kinome,moditu,bulego,teguda,3,1,16
segmentation_trial,418792,0.0-11.0-0.12,4,"[""kinome"",""teguda"",""bulego"",""moditu""]",b7lyrh8y3s7zrv1,zipfian,"[""kinome"",""moditu"",""bulego"",""teguda""]",1.0,0.0,kinome,nodabu,kinome,nodabu,nodabu,kinome,moditu,bulego,teguda,1,1,79
segmentation_trial,424806,0.0-11.0-0.13,4,"[""kinome"",""teguda"",""bulego"",""moditu""]",b7lyrh8y3s7zrv1,zipfian,"[""kinome"",""moditu"",""bulego"",""teguda""]",1.0,0.0,bulego,gumeki,bulego,gumeki,gumeki,kinome,moditu,bulego,teguda,3,1,17
segmentation_trial,431268,0.0-11.0-0.14,4,"[""kinome"",""teguda"",""bulego"",""moditu""]",b7lyrh8y3s7zrv1,zipfian,"[""kinome"",""moditu"",""bulego"",""teguda""]",0.0,0.0,teguda,letumo,letumo,teguda,letumo,kinome,moditu,bulego,teguda,4,1,178
segmentation_trial,437471,0.0-11.0-0.15,4,"[""kinome"",""teguda"",""bulego"",""moditu""]",b7lyrh8y3s7zrv1,zipfian,"[""kinome"",""moditu"",""bulego"",""teguda""]",1.0,0.0,teguda,gumeki,teguda,gumeki,gumeki,kinome,moditu,bulego,teguda,4,1,177
segmentation_trial,242337,0.0-11.0-0.0,2,"[""lakubi"",""negado"",""mudile"",""kitena""]",r8b403uksxz7crh,uniform,,0.0,1.0,negado,binaku,negado,binaku,negado,,,,,0,1,152
segmentation_trial,248473,0.0-11.0-0.1,2,"[""lakubi"",""negado"",""mudile"",""kitena""]",r8b403uksxz7crh,uniform,,1.0,1.0,kitena,galedi,galedi,kitena,kitena,,,,,0,1,82
segmentation_trial,254401,0.0-11.0-0.2,2,"[""lakubi"",""negado"",""mudile"",""kitena""]",r8b403uksxz7crh,uniform,,0.0,1.0,lakubi,dokine,lakubi,dokine,lakubi,,,,,0,1,97
segmentation_trial,260473,0.0-11.0-0.3,2,"[""lakubi"",""negado"",""mudile"",""kitena""]",r8b403uksxz7crh,uniform,,0.0,1.0,kitena,binaku,kitena,binaku,kitena,,,,,0,1,80
segmentation_trial,266841,0.0-11.0-0.4,2,"[""lakubi"",""negado"",""mudile"",""kitena""]",r8b403uksxz7crh,uniform,,0.0,1.0,negado,dokine,negado,dokine,negado,,,,,0,1,153
segmentation_trial,273129,0.0-11.0-0.5,2,"[""lakubi"",""negado"",""mudile"",""kitena""]",r8b403uksxz7crh,uniform,,1.0,1.0,kitena,temula,temula,kitena,kitena,,,,,0,1,83
segmentation_trial,279257,0.0-11.0-0.6,2,"[""lakubi"",""negado"",""mudile"",""kitena""]",r8b403uksxz7crh,uniform,,0.0,1.0,lakubi,binaku,lakubi,binaku,lakubi,,,,,0,1,96
segmentation_trial,285481,0.0-11.0-0.7,2,"[""lakubi"",""negado"",""mudile"",""kitena""]",r8b403uksxz7crh,uniform,,0.0,1.0,kitena,dokine,kitena,dokine,kitena,,,,,0,1,81
segmentation_trial,291457,0.0-11.0-0.8,2,"[""lakubi"",""negado"",""mudile"",""kitena""]",r8b403uksxz7crh,uniform,,1.0,1.0,mudile,galedi,galedi,mudile,mudile,,,,,0,1,142
segmentation_trial,297465,0.0-11.0-0.9,2,"[""lakubi"",""negado"",""mudile"",""kitena""]",r8b403uksxz7crh,uniform,,1.0,1.0,lakubi,temula,temula,lakubi,lakubi,,,,,0,1,99
segmentation_trial,303465,0.0-11.0-0.10,2,"[""lakubi"",""negado"",""mudile"",""kitena""]",r8b403uksxz7crh,uniform,,0.0,1.0,mudile,dokine,mudile,dokine,mudile,,,,,0,1,141
segmentation_trial,309601,0.0-11.0-0.11,2,"[""lakubi"",""negado"",""mudile"",""kitena""]",r8b403uksxz7crh,uniform,,1.0,1.0,lakubi,galedi,galedi,lakubi,lakubi,,,,,0,1,98
segmentation_trial,315697,0.0-11.0-0.12,2,"[""lakubi"",""negado"",""mudile"",""kitena""]",r8b403uksxz7crh,uniform,,1.0,1.0,negado,temula,temula,negado,negado,,,,,0,1,155
segmentation_trial,321649,0.0-11.0-0.13,2,"[""lakubi"",""negado"",""mudile"",""kitena""]",r8b403uksxz7crh,uniform,,0.0,1.0,mudile,binaku,mudile,binaku,mudile,,,,,0,1,140
segmentation_trial,327833,0.0-11.0-0.14,2,"[""lakubi"",""negado"",""mudile"",""kitena""]",r8b403uksxz7crh,uniform,,1.0,1.0,negado,galedi,galedi,negado,negado,,,,,0,1,154
segmentation_trial,333729,0.0-11.0-0.15,2,"[""lakubi"",""negado"",""mudile"",""kitena""]",r8b403uksxz7crh,uniform,,1.0,1.0,mudile,temula,temula,mudile,mudile,,,,,0,1,143
segmentation_trial,472593,0.0-11.0-0.0,4,"[""gumeki"",""letumo"",""nodabu"",""digote""]",j143v12g4w4qd8n,uniform,,0.0,1.0,gumeki,kinome,gumeki,kinome,gumeki,,,,,0,2,65
segmentation_trial,482765,0.0-11.0-0.1,4,"[""gumeki"",""letumo"",""nodabu"",""digote""]",j143v12g4w4qd8n,uniform,,1.0,0.0,nodabu,bulego,nodabu,bulego,bulego,,,,,0,2,156
segmentation_trial,489461,0.0-11.0-0.2,4,"[""gumeki"",""letumo"",""nodabu"",""digote""]",j143v12g4w4qd8n,uniform,,0.0,1.0,letumo,kinome,letumo,kinome,letumo,,,,,0,2,113
segmentation_trial,497153,0.0-11.0-0.3,4,"[""gumeki"",""letumo"",""nodabu"",""digote""]",j143v12g4w4qd8n,uniform,,0.0,0.0,digote,moditu,moditu,digote,moditu,,,,,0,2,26
segmentation_trial,505298,0.0-11.0-0.4,4,"[""gumeki"",""letumo"",""nodabu"",""digote""]",j143v12g4w4qd8n,uniform,,0.0,1.0,letumo,bulego,letumo,bulego,letumo,,,,,0,2,112
segmentation_trial,513899,0.0-11.0-0.5,4,"[""gumeki"",""letumo"",""nodabu"",""digote""]",j143v12g4w4qd8n,uniform,,0.0,1.0,digote,kinome,digote,kinome,digote,,,,,0,2,25
segmentation_trial,521870,0.0-11.0-0.6,4,"[""gumeki"",""letumo"",""nodabu"",""digote""]",j143v12g4w4qd8n,uniform,,0.0,0.0,gumeki,teguda,teguda,gumeki,teguda,,,,,0,2,67
segmentation_trial,529120,0.0-11.0-0.7,4,"[""gumeki"",""letumo"",""nodabu"",""digote""]",j143v12g4w4qd8n,uniform,,0.0,0.0,letumo,moditu,moditu,letumo,moditu,,,,,0,2,114
segmentation_trial,538647,0.0-11.0-0.8,4,"[""gumeki"",""letumo"",""nodabu"",""digote""]",j143v12g4w4qd8n,uniform,,1.0,0.0,nodabu,kinome,nodabu,kinome,kinome,,,,,0,2,157
segmentation_trial,545480,0.0-11.0-0.9,4,"[""gumeki"",""letumo"",""nodabu"",""digote""]",j143v12g4w4qd8n,uniform,,0.0,0.0,digote,teguda,teguda,digote,teguda,,,,,0,2,27
segmentation_trial,551986,0.0-11.0-0.10,4,"[""gumeki"",""letumo"",""nodabu"",""digote""]",j143v12g4w4qd8n,uniform,,1.0,0.0,gumeki,bulego,gumeki,bulego,bulego,,,,,0,2,64
segmentation_trial,559966,0.0-11.0-0.11,4,"[""gumeki"",""letumo"",""nodabu"",""digote""]",j143v12g4w4qd8n,uniform,,0.0,0.0,nodabu,moditu,moditu,nodabu,moditu,,,,,0,2,158
segmentation_trial,565918,0.0-11.0-0.12,4,"[""gumeki"",""letumo"",""nodabu"",""digote""]",j143v12g4w4qd8n,uniform,,1.0,0.0,digote,bulego,digote,bulego,bulego,,,,,0,2,24
segmentation_trial,575309,0.0-11.0-0.13,4,"[""gumeki"",""letumo"",""nodabu"",""digote""]",j143v12g4w4qd8n,uniform,,1.0,1.0,nodabu,teguda,teguda,nodabu,nodabu,,,,,0,2,159
segmentation_trial,581418,0.0-11.0-0.14,4,"[""gumeki"",""letumo"",""nodabu"",""digote""]",j143v12g4w4qd8n,uniform,,0.0,0.0,gumeki,moditu,moditu,gumeki,moditu,,,,,0,2,66
segmentation_trial,587484,0.0-11.0-0.15,4,"[""gumeki"",""letumo"",""nodabu"",""digote""]",j143v12g4w4qd8n,uniform,,0.0,0.0,letumo,teguda,teguda,letumo,teguda,,,,,0,2,115
segmentation_trial,219411,0.0-11.0-0.0,6,"[""nodebu"",""dimate"",""mekugo"",""gubila""]",wlyrbpkv8uzqntv,uniform,,1.0,1.0,mekugo,labude,labude,mekugo,mekugo,,,,,0,1,122
segmentation_trial,228444,0.0-11.0-0.1,6,"[""nodebu"",""dimate"",""mekugo"",""gubila""]",wlyrbpkv8uzqntv,uniform,,0.0,1.0,nodebu,kudino,nodebu,kudino,nodebu,,,,,0,1,161
segmentation_trial,235618,0.0-11.0-0.2,6,"[""nodebu"",""dimate"",""mekugo"",""gubila""]",wlyrbpkv8uzqntv,uniform,,1.0,1.0,mekugo,tegoma,tegoma,mekugo,mekugo,,,,,0,1,123
segmentation_trial,241583,0.0-11.0-0.3,6,"[""nodebu"",""dimate"",""mekugo"",""gubila""]",wlyrbpkv8uzqntv,uniform,,0.0,1.0,dimate,kudino,dimate,kudino,dimate,,,,,0,1,29
segmentation_trial,248173,0.0-11.0-0.4,6,"[""nodebu"",""dimate"",""mekugo"",""gubila""]",wlyrbpkv8uzqntv,uniform,,0.0,0.0,gubila,tegoma,tegoma,gubila,tegoma,,,,,0,1,59
segmentation_trial,255177,0.0-11.0-0.5,6,"[""nodebu"",""dimate"",""mekugo"",""gubila""]",wlyrbpkv8uzqntv,uniform,,0.0,0.0,nodebu,labude,labude,nodebu,labude,,,,,0,1,162
segmentation_trial,261104,0.0-11.0-0.6,6,"[""nodebu"",""dimate"",""mekugo"",""gubila""]",wlyrbpkv8uzqntv,uniform,,0.0,1.0,dimate,bimegu,dimate,bimegu,dimate,,,,,0,1,28
segmentation_trial,267520,0.0-11.0-0.7,6,"[""nodebu"",""dimate"",""mekugo"",""gubila""]",wlyrbpkv8uzqntv,uniform,,0.0,1.0,gubila,kudino,gubila,kudino,gubila,,,,,0,1,57
segmentation_trial,274197,0.0-11.0-0.8,6,"[""nodebu"",""dimate"",""mekugo"",""gubila""]",wlyrbpkv8uzqntv,uniform,,1.0,0.0,nodebu,bimegu,nodebu,bimegu,bimegu,,,,,0,1,160
segmentation_trial,280237,0.0-11.0-0.9,6,"[""nodebu"",""dimate"",""mekugo"",""gubila""]",wlyrbpkv8uzqntv,uniform,,0.0,1.0,mekugo,kudino,mekugo,kudino,mekugo,,,,,0,1,121
segmentation_trial,286617,0.0-11.0-0.10,6,"[""nodebu"",""dimate"",""mekugo"",""gubila""]",wlyrbpkv8uzqntv,uniform,,0.0,0.0,nodebu,tegoma,tegoma,nodebu,tegoma,,,,,0,1,163
segmentation_trial,293852,0.0-11.0-0.11,6,"[""nodebu"",""dimate"",""mekugo"",""gubila""]",wlyrbpkv8uzqntv,uniform,,1.0,1.0,gubila,labude,labude,gubila,gubila,,,,,0,1,58
segmentation_trial,299859,0.0-11.0-0.12,6,"[""nodebu"",""dimate"",""mekugo"",""gubila""]",wlyrbpkv8uzqntv,uniform,,0.0,1.0,mekugo,bimegu,mekugo,bimegu,mekugo,,,,,0,1,120
segmentation_trial,306406,0.0-11.0-0.13,6,"[""nodebu"",""dimate"",""mekugo"",""gubila""]",wlyrbpkv8uzqntv,uniform,,1.0,1.0,dimate,labude,labude,dimate,dimate,,,,,0,1,30
segmentation_trial,313346,0.0-11.0-0.14,6,"[""nodebu"",""dimate"",""mekugo"",""gubila""]",wlyrbpkv8uzqntv,uniform,,0.0,1.0,gubila,bimegu,gubila,bimegu,gubila,,,,,0,1,56
segmentation_trial,319770,0.0-11.0-0.15,6,"[""nodebu"",""dimate"",""mekugo"",""gubila""]",wlyrbpkv8uzqntv,uniform,,1.0,1.0,dimate,tegoma,tegoma,dimate,dimate,,,,,0,1,31
segmentation_trial,305311,0.0-11.0-0.0,2,"[""binaku"",""temula"",""dokine"",""galedi""]",ztzyp9rcrpjocya,uniform,,1.0,1.0,dokine,kitena,kitena,dokine,dokine,,,,,0,2,36
segmentation_trial,312157,0.0-11.0-0.1,2,"[""binaku"",""temula"",""dokine"",""galedi""]",ztzyp9rcrpjocya,uniform,,0.0,1.0,binaku,mudile,binaku,mudile,binaku,,,,,0,2,6
segmentation_trial,323584,0.0-11.0-0.2,2,"[""binaku"",""temula"",""dokine"",""galedi""]",ztzyp9rcrpjocya,uniform,,1.0,0.0,temula,lakubi,temula,lakubi,lakubi,,,,,0,2,181
segmentation_trial,330479,0.0-11.0-0.3,2,"[""binaku"",""temula"",""dokine"",""galedi""]",ztzyp9rcrpjocya,uniform,,1.0,1.0,dokine,negado,negado,dokine,dokine,,,,,0,2,39
segmentation_trial,337168,0.0-11.0-0.4,2,"[""binaku"",""temula"",""dokine"",""galedi""]",ztzyp9rcrpjocya,uniform,,0.0,1.0,galedi,lakubi,galedi,lakubi,galedi,,,,,0,2,45
segmentation_trial,343389,0.0-11.0-0.5,2,"[""binaku"",""temula"",""dokine"",""galedi""]",ztzyp9rcrpjocya,uniform,,0.0,0.0,binaku,negado,negado,binaku,negado,,,,,0,2,7
segmentation_trial,349724,0.0-11.0-0.6,2,"[""binaku"",""temula"",""dokine"",""galedi""]",ztzyp9rcrpjocya,uniform,,0.0,1.0,dokine,lakubi,dokine,lakubi,dokine,,,,,0,2,37
segmentation_trial,356889,0.0-11.0-0.7,2,"[""binaku"",""temula"",""dokine"",""galedi""]",ztzyp9rcrpjocya,uniform,,0.0,0.0,binaku,kitena,kitena,binaku,kitena,,,,,0,2,4
segmentation_trial,364316,0.0-11.0-0.8,2,"[""binaku"",""temula"",""dokine"",""galedi""]",ztzyp9rcrpjocya,uniform,,0.0,0.0,temula,negado,negado,temula,negado,,,,,0,2,183
segmentation_trial,372406,0.0-11.0-0.9,2,"[""binaku"",""temula"",""dokine"",""galedi""]",ztzyp9rcrpjocya,uniform,,1.0,0.0,binaku,lakubi,binaku,lakubi,lakubi,,,,,0,2,5
segmentation_trial,384950,0.0-11.0-0.10,2,"[""binaku"",""temula"",""dokine"",""galedi""]",ztzyp9rcrpjocya,uniform,,1.0,1.0,galedi,kitena,kitena,galedi,galedi,,,,,0,2,44
segmentation_trial,391422,0.0-11.0-0.11,2,"[""binaku"",""temula"",""dokine"",""galedi""]",ztzyp9rcrpjocya,uniform,,0.0,1.0,dokine,mudile,dokine,mudile,dokine,,,,,0,2,38
segmentation_trial,400973,0.0-11.0-0.12,2,"[""binaku"",""temula"",""dokine"",""galedi""]",ztzyp9rcrpjocya,uniform,,1.0,1.0,galedi,negado,negado,galedi,galedi,,,,,0,2,47
segmentation_trial,413059,0.0-11.0-0.13,2,"[""binaku"",""temula"",""dokine"",""galedi""]",ztzyp9rcrpjocya,uniform,,1.0,1.0,temula,kitena,kitena,temula,temula,,,,,0,2,180
segmentation_trial,421988,0.0-11.0-0.14,2,"[""binaku"",""temula"",""dokine"",""galedi""]",ztzyp9rcrpjocya,uniform,,0.0,1.0,galedi,mudile,galedi,mudile,galedi,,,,,0,2,46
segmentation_trial,428090,0.0-11.0-0.15,2,"[""binaku"",""temula"",""dokine"",""galedi""]",ztzyp9rcrpjocya,uniform,,0.0,1.0,temula,mudile,temula,mudile,temula,,,,,0,2,182
segmentation_trial,232607,0.0-11.0-0.0,6,"[""nodebu"",""dimate"",""mekugo"",""gubila""]",ec12hvz2zzs5yo5,uniform,,0.0,1.0,dimate,kudino,dimate,kudino,dimate,,,,,0,1,29
segmentation_trial,239662,0.0-11.0-0.1,6,"[""nodebu"",""dimate"",""mekugo"",""gubila""]",ec12hvz2zzs5yo5,uniform,,1.0,1.0,mekugo,tegoma,tegoma,mekugo,mekugo,,,,,0,1,123
segmentation_trial,245720,0.0-11.0-0.2,6,"[""nodebu"",""dimate"",""mekugo"",""gubila""]",ec12hvz2zzs5yo5,uniform,,0.0,1.0,nodebu,bimegu,nodebu,bimegu,nodebu,,,,,0,1,160
segmentation_trial,251646,0.0-11.0-0.3,6,"[""nodebu"",""dimate"",""mekugo"",""gubila""]",ec12hvz2zzs5yo5,uniform,,1.0,1.0,dimate,labude,labude,dimate,dimate,,,,,0,1,30
segmentation_trial,258006,0.0-11.0-0.4,6,"[""nodebu"",""dimate"",""mekugo"",""gubila""]",ec12hvz2zzs5yo5,uniform,,0.0,1.0,nodebu,kudino,nodebu,kudino,nodebu,,,,,0,1,161
segmentation_trial,264018,0.0-11.0-0.5,6,"[""nodebu"",""dimate"",""mekugo"",""gubila""]",ec12hvz2zzs5yo5,uniform,,1.0,1.0,gubila,tegoma,tegoma,gubila,gubila,,,,,0,1,59
segmentation_trial,270122,0.0-11.0-0.6,6,"[""nodebu"",""dimate"",""mekugo"",""gubila""]",ec12hvz2zzs5yo5,uniform,,0.0,1.0,dimate,bimegu,dimate,bimegu,dimate,,,,,0,1,28
segmentation_trial,276120,0.0-11.0-0.7,6,"[""nodebu"",""dimate"",""mekugo"",""gubila""]",ec12hvz2zzs5yo5,uniform,,1.0,1.0,nodebu,tegoma,tegoma,nodebu,nodebu,,,,,0,1,163
segmentation_trial,282100,0.0-11.0-0.8,6,"[""nodebu"",""dimate"",""mekugo"",""gubila""]",ec12hvz2zzs5yo5,uniform,,0.0,0.0,mekugo,labude,labude,mekugo,labude,,,,,0,1,122
segmentation_trial,288150,0.0-11.0-0.9,6,"[""nodebu"",""dimate"",""mekugo"",""gubila""]",ec12hvz2zzs5yo5,uniform,,1.0,1.0,dimate,tegoma,tegoma,dimate,dimate,,,,,0,1,31
segmentation_trial,294350,0.0-11.0-0.10,6,"[""nodebu"",""dimate"",""mekugo"",""gubila""]",ec12hvz2zzs5yo5,uniform,,0.0,1.0,mekugo,kudino,mekugo,kudino,mekugo,,,,,0,1,121
segmentation_trial,300884,0.0-11.0-0.11,6,"[""nodebu"",""dimate"",""mekugo"",""gubila""]",ec12hvz2zzs5yo5,uniform,,0.0,0.0,nodebu,labude,labude,nodebu,labude,,,,,0,1,162
segmentation_trial,307044,0.0-11.0-0.12,6,"[""nodebu"",""dimate"",""mekugo"",""gubila""]",ec12hvz2zzs5yo5,uniform,,0.0,1.0,gubila,kudino,gubila,kudino,gubila,,,,,0,1,57
segmentation_trial,313088,0.0-11.0-0.13,6,"[""nodebu"",""dimate"",""mekugo"",""gubila""]",ec12hvz2zzs5yo5,uniform,,0.0,1.0,mekugo,bimegu,mekugo,bimegu,mekugo,,,,,0,1,120
segmentation_trial,319072,0.0-11.0-0.14,6,"[""nodebu"",""dimate"",""mekugo"",""gubila""]",ec12hvz2zzs5yo5,uniform,,1.0,1.0,gubila,labude,labude,gubila,gubila,,,,,0,1,58
segmentation_trial,325117,0.0-11.0-0.15,6,"[""nodebu"",""dimate"",""mekugo"",""gubila""]",ec12hvz2zzs5yo5,uniform,,0.0,1.0,gubila,bimegu,gubila,bimegu,gubila,,,,,0,1,56
segmentation_trial,308162,0.0-11.0-0.0,4,"[""kinome"",""teguda"",""bulego"",""moditu""]",y6dv23g633oy0pp,uniform,,1.0,1.0,teguda,letumo,letumo,teguda,teguda,,,,,0,1,178
segmentation_trial,314662,0.0-11.0-0.1,4,"[""kinome"",""teguda"",""bulego"",""moditu""]",y6dv23g633oy0pp,uniform,,0.0,1.0,moditu,nodabu,moditu,nodabu,moditu,,,,,0,1,135
segmentation_trial,321112,0.0-11.0-0.2,4,"[""kinome"",""teguda"",""bulego"",""moditu""]",y6dv23g633oy0pp,uniform,,0.0,0.0,bulego,digote,digote,bulego,digote,,,,,0,1,16
segmentation_trial,327467,0.0-11.0-0.3,4,"[""kinome"",""teguda"",""bulego"",""moditu""]",y6dv23g633oy0pp,uniform,,0.0,1.0,kinome,nodabu,kinome,nodabu,kinome,,,,,0,1,79
segmentation_trial,334058,0.0-11.0-0.4,4,"[""kinome"",""teguda"",""bulego"",""moditu""]",y6dv23g633oy0pp,uniform,,0.0,0.0,moditu,letumo,letumo,moditu,letumo,,,,,0,1,134
segmentation_trial,340453,0.0-11.0-0.5,4,"[""kinome"",""teguda"",""bulego"",""moditu""]",y6dv23g633oy0pp,uniform,,1.0,0.0,teguda,nodabu,teguda,nodabu,nodabu,,,,,0,1,179
segmentation_trial,346974,0.0-11.0-0.6,4,"[""kinome"",""teguda"",""bulego"",""moditu""]",y6dv23g633oy0pp,uniform,,0.0,1.0,kinome,gumeki,kinome,gumeki,kinome,,,,,0,1,77
segmentation_trial,353478,0.0-11.0-0.7,4,"[""kinome"",""teguda"",""bulego"",""moditu""]",y6dv23g633oy0pp,uniform,,0.0,0.0,moditu,digote,digote,moditu,digote,,,,,0,1,132
segmentation_trial,359945,0.0-11.0-0.8,4,"[""kinome"",""teguda"",""bulego"",""moditu""]",y6dv23g633oy0pp,uniform,,0.0,0.0,kinome,letumo,letumo,kinome,letumo,,,,,0,1,78
segmentation_trial,367384,0.0-11.0-0.9,4,"[""kinome"",""teguda"",""bulego"",""moditu""]",y6dv23g633oy0pp,uniform,,1.0,0.0,teguda,gumeki,teguda,gumeki,gumeki,,,,,0,1,177
segmentation_trial,373949,0.0-11.0-0.10,4,"[""kinome"",""teguda"",""bulego"",""moditu""]",y6dv23g633oy0pp,uniform,,1.0,0.0,bulego,nodabu,bulego,nodabu,nodabu,,,,,0,1,19
segmentation_trial,380064,0.0-11.0-0.11,4,"[""kinome"",""teguda"",""bulego"",""moditu""]",y6dv23g633oy0pp,uniform,,1.0,1.0,kinome,digote,digote,kinome,kinome,,,,,0,1,76
segmentation_trial,386603,0.0-11.0-0.12,4,"[""kinome"",""teguda"",""bulego"",""moditu""]",y6dv23g633oy0pp,uniform,,1.0,1.0,bulego,letumo,letumo,bulego,bulego,,,,,0,1,18
segmentation_trial,392697,0.0-11.0-0.13,4,"[""kinome"",""teguda"",""bulego"",""moditu""]",y6dv23g633oy0pp,uniform,,1.0,1.0,teguda,digote,digote,teguda,teguda,,,,,0,1,176
segmentation_trial,398494,0.0-11.0-0.14,4,"[""kinome"",""teguda"",""bulego"",""moditu""]",y6dv23g633oy0pp,uniform,,1.0,0.0,bulego,gumeki,bulego,gumeki,gumeki,,,,,0,1,17
segmentation_trial,405739,0.0-11.0-0.15,4,"[""kinome"",""teguda"",""bulego"",""moditu""]",y6dv23g633oy0pp,uniform,,1.0,0.0,moditu,gumeki,moditu,gumeki,gumeki,,,,,0,1,133
segmentation_trial,249135,0.0-11.0-0.0,1,"[""kulego"",""nagitu"",""tobuma"",""midobe""]",o5bgfjus3zcvbth,zipfian,"[""midobe"",""nagitu"",""kulego"",""tobuma""]",0.0,0.0,nagitu,dotumi,dotumi,nagitu,dotumi,midobe,nagitu,kulego,tobuma,2,1,149
segmentation_trial,257443,0.0-11.0-0.1,1,"[""kulego"",""nagitu"",""tobuma"",""midobe""]",o5bgfjus3zcvbth,zipfian,"[""midobe"",""nagitu"",""kulego"",""tobuma""]",1.0,1.0,midobe,gibeto,gibeto,midobe,midobe,midobe,nagitu,kulego,tobuma,1,1,126
segmentation_trial,264136,0.0-11.0-0.2,1,"[""kulego"",""nagitu"",""tobuma"",""midobe""]",o5bgfjus3zcvbth,zipfian,"[""midobe"",""nagitu"",""kulego"",""tobuma""]",0.0,1.0,tobuma,lemaku,tobuma,lemaku,tobuma,midobe,nagitu,kulego,tobuma,4,1,191
segmentation_trial,270788,0.0-11.0-0.3,1,"[""kulego"",""nagitu"",""tobuma"",""midobe""]",o5bgfjus3zcvbth,zipfian,"[""midobe"",""nagitu"",""kulego"",""tobuma""]",1.0,1.0,midobe,dotumi,dotumi,midobe,midobe,midobe,nagitu,kulego,tobuma,1,1,125
segmentation_trial,277287,0.0-11.0-0.4,1,"[""kulego"",""nagitu"",""tobuma"",""midobe""]",o5bgfjus3zcvbth,zipfian,"[""midobe"",""nagitu"",""kulego"",""tobuma""]",0.0,1.0,tobuma,bugona,tobuma,bugona,tobuma,midobe,nagitu,kulego,tobuma,4,1,188
segmentation_trial,284117,0.0-11.0-0.5,1,"[""kulego"",""nagitu"",""tobuma"",""midobe""]",o5bgfjus3zcvbth,zipfian,"[""midobe"",""nagitu"",""kulego"",""tobuma""]",0.0,0.0,kulego,dotumi,dotumi,kulego,dotumi,midobe,nagitu,kulego,tobuma,3,1,89
segmentation_trial,290929,0.0-11.0-0.6,1,"[""kulego"",""nagitu"",""tobuma"",""midobe""]",o5bgfjus3zcvbth,zipfian,"[""midobe"",""nagitu"",""kulego"",""tobuma""]",0.0,1.0,midobe,lemaku,midobe,lemaku,midobe,midobe,nagitu,kulego,tobuma,1,1,127
segmentation_trial,298068,0.0-11.0-0.7,1,"[""kulego"",""nagitu"",""tobuma"",""midobe""]",o5bgfjus3zcvbth,zipfian,"[""midobe"",""nagitu"",""kulego"",""tobuma""]",1.0,1.0,tobuma,gibeto,gibeto,tobuma,tobuma,midobe,nagitu,kulego,tobuma,4,1,190
segmentation_trial,304795,0.0-11.0-0.8,1,"[""kulego"",""nagitu"",""tobuma"",""midobe""]",o5bgfjus3zcvbth,zipfian,"[""midobe"",""nagitu"",""kulego"",""tobuma""]",0.0,1.0,nagitu,bugona,nagitu,bugona,nagitu,midobe,nagitu,kulego,tobuma,2,1,148
segmentation_trial,312452,0.0-11.0-0.9,1,"[""kulego"",""nagitu"",""tobuma"",""midobe""]",o5bgfjus3zcvbth,zipfian,"[""midobe"",""nagitu"",""kulego"",""tobuma""]",1.0,0.0,kulego,lemaku,kulego,lemaku,lemaku,midobe,nagitu,kulego,tobuma,3,1,91
segmentation_trial,319712,0.0-11.0-0.10,1,"[""kulego"",""nagitu"",""tobuma"",""midobe""]",o5bgfjus3zcvbth,zipfian,"[""midobe"",""nagitu"",""kulego"",""tobuma""]",1.0,1.0,nagitu,gibeto,gibeto,nagitu,nagitu,midobe,nagitu,kulego,tobuma,2,1,150
segmentation_trial,326320,0.0-11.0-0.11,1,"[""kulego"",""nagitu"",""tobuma"",""midobe""]",o5bgfjus3zcvbth,zipfian,"[""midobe"",""nagitu"",""kulego"",""tobuma""]",0.0,0.0,tobuma,dotumi,dotumi,tobuma,dotumi,midobe,nagitu,kulego,tobuma,4,1,189
segmentation_trial,333064,0.0-11.0-0.12,1,"[""kulego"",""nagitu"",""tobuma"",""midobe""]",o5bgfjus3zcvbth,zipfian,"[""midobe"",""nagitu"",""kulego"",""tobuma""]",1.0,0.0,kulego,bugona,kulego,bugona,bugona,midobe,nagitu,kulego,tobuma,3,1,88
segmentation_trial,339855,0.0-11.0-0.13,1,"[""kulego"",""nagitu"",""tobuma"",""midobe""]",o5bgfjus3zcvbth,zipfian,"[""midobe"",""nagitu"",""kulego"",""tobuma""]",0.0,1.0,nagitu,lemaku,nagitu,lemaku,nagitu,midobe,nagitu,kulego,tobuma,2,1,151
segmentation_trial,346421,0.0-11.0-0.14,1,"[""kulego"",""nagitu"",""tobuma"",""midobe""]",o5bgfjus3zcvbth,zipfian,"[""midobe"",""nagitu"",""kulego"",""tobuma""]",0.0,1.0,midobe,bugona,midobe,bugona,midobe,midobe,nagitu,kulego,tobuma,1,1,124
segmentation_trial,353304,0.0-11.0-0.15,1,"[""kulego"",""nagitu"",""tobuma"",""midobe""]",o5bgfjus3zcvbth,zipfian,"[""midobe"",""nagitu"",""kulego"",""tobuma""]",0.0,0.0,kulego,gibeto,gibeto,kulego,gibeto,midobe,nagitu,kulego,tobuma,3,1,90
segmentation_trial,386544,0.0-11.0-0.0,3,"[""dogiba"",""kalegu"",""tebodi"",""minato""]",0kqwh780lucofb7,zipfian,"[""dogiba"",""tebodi"",""minato"",""kalegu""]",1.0,1.0,minato,gitoka,gitoka,minato,minato,dogiba,tebodi,minato,kalegu,3,1,129
segmentation_trial,393937,0.0-11.0-0.1,3,"[""dogiba"",""kalegu"",""tebodi"",""minato""]",0kqwh780lucofb7,zipfian,"[""dogiba"",""tebodi"",""minato"",""kalegu""]",1.0,1.0,dogiba,lebado,lebado,dogiba,dogiba,dogiba,tebodi,minato,kalegu,1,1,34
segmentation_trial,400629,0.0-11.0-0.2,3,"[""dogiba"",""kalegu"",""tebodi"",""minato""]",0kqwh780lucofb7,zipfian,"[""dogiba"",""tebodi"",""minato"",""kalegu""]",0.0,1.0,kalegu,bogumi,kalegu,bogumi,kalegu,dogiba,tebodi,minato,kalegu,4,1,68
segmentation_trial,407301,0.0-11.0-0.3,3,"[""dogiba"",""kalegu"",""tebodi"",""minato""]",0kqwh780lucofb7,zipfian,"[""dogiba"",""tebodi"",""minato"",""kalegu""]",0.0,0.0,tebodi,gitoka,gitoka,tebodi,gitoka,dogiba,tebodi,minato,kalegu,2,1,169
segmentation_trial,414106,0.0-11.0-0.4,3,"[""dogiba"",""kalegu"",""tebodi"",""minato""]",0kqwh780lucofb7,zipfian,"[""dogiba"",""tebodi"",""minato"",""kalegu""]",1.0,1.0,minato,lebado,lebado,minato,minato,dogiba,tebodi,minato,kalegu,3,1,130
segmentation_trial,421150,0.0-11.0-0.5,3,"[""dogiba"",""kalegu"",""tebodi"",""minato""]",0kqwh780lucofb7,zipfian,"[""dogiba"",""tebodi"",""minato"",""kalegu""]",0.0,1.0,tebodi,nadite,tebodi,nadite,tebodi,dogiba,tebodi,minato,kalegu,2,1,171
segmentation_trial,428108,0.0-11.0-0.6,3,"[""dogiba"",""kalegu"",""tebodi"",""minato""]",0kqwh780lucofb7,zipfian,"[""dogiba"",""tebodi"",""minato"",""kalegu""]",1.0,1.0,dogiba,gitoka,gitoka,dogiba,dogiba,dogiba,tebodi,minato,kalegu,1,1,33
segmentation_trial,434948,0.0-11.0-0.7,3,"[""dogiba"",""kalegu"",""tebodi"",""minato""]",0kqwh780lucofb7,zipfian,"[""dogiba"",""tebodi"",""minato"",""kalegu""]",1.0,1.0,kalegu,lebado,lebado,kalegu,kalegu,dogiba,tebodi,minato,kalegu,4,1,70
segmentation_trial,444358,0.0-11.0-0.8,3,"[""dogiba"",""kalegu"",""tebodi"",""minato""]",0kqwh780lucofb7,zipfian,"[""dogiba"",""tebodi"",""minato"",""kalegu""]",0.0,1.0,dogiba,bogumi,dogiba,bogumi,dogiba,dogiba,tebodi,minato,kalegu,1,1,32
segmentation_trial,451198,0.0-11.0-0.9,3,"[""dogiba"",""kalegu"",""tebodi"",""minato""]",0kqwh780lucofb7,zipfian,"[""dogiba"",""tebodi"",""minato"",""kalegu""]",0.0,1.0,kalegu,nadite,kalegu,nadite,kalegu,dogiba,tebodi,minato,kalegu,4,1,71
segmentation_trial,458085,0.0-11.0-0.10,3,"[""dogiba"",""kalegu"",""tebodi"",""minato""]",0kqwh780lucofb7,zipfian,"[""dogiba"",""tebodi"",""minato"",""kalegu""]",0.0,1.0,tebodi,bogumi,tebodi,bogumi,tebodi,dogiba,tebodi,minato,kalegu,2,1,168
segmentation_trial,464825,0.0-11.0-0.11,3,"[""dogiba"",""kalegu"",""tebodi"",""minato""]",0kqwh780lucofb7,zipfian,"[""dogiba"",""tebodi"",""minato"",""kalegu""]",1.0,1.0,kalegu,gitoka,gitoka,kalegu,kalegu,dogiba,tebodi,minato,kalegu,4,1,69
segmentation_trial,471464,0.0-11.0-0.12,3,"[""dogiba"",""kalegu"",""tebodi"",""minato""]",0kqwh780lucofb7,zipfian,"[""dogiba"",""tebodi"",""minato"",""kalegu""]",0.0,1.0,dogiba,nadite,dogiba,nadite,dogiba,dogiba,tebodi,minato,kalegu,1,1,35
segmentation_trial,477750,0.0-11.0-0.13,3,"[""dogiba"",""kalegu"",""tebodi"",""minato""]",0kqwh780lucofb7,zipfian,"[""dogiba"",""tebodi"",""minato"",""kalegu""]",0.0,1.0,minato,bogumi,minato,bogumi,minato,dogiba,tebodi,minato,kalegu,3,1,128
segmentation_trial,484356,0.0-11.0-0.14,3,"[""dogiba"",""kalegu"",""tebodi"",""minato""]",0kqwh780lucofb7,zipfian,"[""dogiba"",""tebodi"",""minato"",""kalegu""]",0.0,0.0,tebodi,lebado,lebado,tebodi,lebado,dogiba,tebodi,minato,kalegu,2,1,170
segmentation_trial,490553,0.0-11.0-0.15,3,"[""dogiba"",""kalegu"",""tebodi"",""minato""]",0kqwh780lucofb7,zipfian,"[""dogiba"",""tebodi"",""minato"",""kalegu""]",0.0,1.0,minato,nadite,minato,nadite,minato,dogiba,tebodi,minato,kalegu,3,1,131
segmentation_trial,258065,0.0-11.0-0.0,3,"[""dogiba"",""kalegu"",""tebodi"",""minato""]",65xng5ym766vszn,zipfian,"[""tebodi"",""kalegu"",""minato"",""dogiba""]",0.0,1.0,dogiba,bogumi,dogiba,bogumi,dogiba,tebodi,kalegu,minato,dogiba,4,1,32
segmentation_trial,264706,0.0-11.0-0.1,3,"[""dogiba"",""kalegu"",""tebodi"",""minato""]",65xng5ym766vszn,zipfian,"[""tebodi"",""kalegu"",""minato"",""dogiba""]",1.0,1.0,minato,gitoka,gitoka,minato,minato,tebodi,kalegu,minato,dogiba,3,1,129
segmentation_trial,271075,0.0-11.0-0.2,3,"[""dogiba"",""kalegu"",""tebodi"",""minato""]",65xng5ym766vszn,zipfian,"[""tebodi"",""kalegu"",""minato"",""dogiba""]",0.0,1.0,tebodi,bogumi,tebodi,bogumi,tebodi,tebodi,kalegu,minato,dogiba,1,1,168
segmentation_trial,277349,0.0-11.0-0.3,3,"[""dogiba"",""kalegu"",""tebodi"",""minato""]",65xng5ym766vszn,zipfian,"[""tebodi"",""kalegu"",""minato"",""dogiba""]",0.0,1.0,dogiba,nadite,dogiba,nadite,dogiba,tebodi,kalegu,minato,dogiba,4,1,35
segmentation_trial,283733,0.0-11.0-0.4,3,"[""dogiba"",""kalegu"",""tebodi"",""minato""]",65xng5ym766vszn,zipfian,"[""tebodi"",""kalegu"",""minato"",""dogiba""]",0.0,0.0,tebodi,lebado,lebado,tebodi,lebado,tebodi,kalegu,minato,dogiba,1,1,170
segmentation_trial,290511,0.0-11.0-0.5,3,"[""dogiba"",""kalegu"",""tebodi"",""minato""]",65xng5ym766vszn,zipfian,"[""tebodi"",""kalegu"",""minato"",""dogiba""]",0.0,1.0,kalegu,nadite,kalegu,nadite,kalegu,tebodi,kalegu,minato,dogiba,2,1,71
segmentation_trial,297007,0.0-11.0-0.6,3,"[""dogiba"",""kalegu"",""tebodi"",""minato""]",65xng5ym766vszn,zipfian,"[""tebodi"",""kalegu"",""minato"",""dogiba""]",0.0,0.0,dogiba,gitoka,gitoka,dogiba,gitoka,tebodi,kalegu,minato,dogiba,4,1,33
segmentation_trial,303152,0.0-11.0-0.7,3,"[""dogiba"",""kalegu"",""tebodi"",""minato""]",65xng5ym766vszn,zipfian,"[""tebodi"",""kalegu"",""minato"",""dogiba""]",0.0,0.0,kalegu,lebado,lebado,kalegu,lebado,tebodi,kalegu,minato,dogiba,2,1,70
segmentation_trial,309265,0.0-11.0-0.8,3,"[""dogiba"",""kalegu"",""tebodi"",""minato""]",65xng5ym766vszn,zipfian,"[""tebodi"",""kalegu"",""minato"",""dogiba""]",0.0,1.0,minato,bogumi,minato,bogumi,minato,tebodi,kalegu,minato,dogiba,3,1,128
segmentation_trial,316066,0.0-11.0-0.9,3,"[""dogiba"",""kalegu"",""tebodi"",""minato""]",65xng5ym766vszn,zipfian,"[""tebodi"",""kalegu"",""minato"",""dogiba""]",0.0,0.0,tebodi,gitoka,gitoka,tebodi,gitoka,tebodi,kalegu,minato,dogiba,1,1,169
segmentation_trial,322162,0.0-11.0-0.10,3,"[""dogiba"",""kalegu"",""tebodi"",""minato""]",65xng5ym766vszn,zipfian,"[""tebodi"",""kalegu"",""minato"",""dogiba""]",0.0,1.0,minato,nadite,minato,nadite,minato,tebodi,kalegu,minato,dogiba,3,1,131
segmentation_trial,328307,0.0-11.0-0.11,3,"[""dogiba"",""kalegu"",""tebodi"",""minato""]",65xng5ym766vszn,zipfian,"[""tebodi"",""kalegu"",""minato"",""dogiba""]",0.0,0.0,dogiba,lebado,lebado,dogiba,lebado,tebodi,kalegu,minato,dogiba,4,1,34
segmentation_trial,338277,0.0-11.0-0.12,3,"[""dogiba"",""kalegu"",""tebodi"",""minato""]",65xng5ym766vszn,zipfian,"[""tebodi"",""kalegu"",""minato"",""dogiba""]",1.0,0.0,tebodi,nadite,tebodi,nadite,nadite,tebodi,kalegu,minato,dogiba,1,1,171
segmentation_trial,344774,0.0-11.0-0.13,3,"[""dogiba"",""kalegu"",""tebodi"",""minato""]",65xng5ym766vszn,zipfian,"[""tebodi"",""kalegu"",""minato"",""dogiba""]",0.0,0.0,kalegu,gitoka,gitoka,kalegu,gitoka,tebodi,kalegu,minato,dogiba,2,1,69
segmentation_trial,353847,0.0-11.0-0.14,3,"[""dogiba"",""kalegu"",""tebodi"",""minato""]",65xng5ym766vszn,zipfian,"[""tebodi"",""kalegu"",""minato"",""dogiba""]",1.0,1.0,minato,lebado,lebado,minato,minato,tebodi,kalegu,minato,dogiba,3,1,130
segmentation_trial,362793,0.0-11.0-0.15,3,"[""dogiba"",""kalegu"",""tebodi"",""minato""]",65xng5ym766vszn,zipfian,"[""tebodi"",""kalegu"",""minato"",""dogiba""]",0.0,1.0,kalegu,bogumi,kalegu,bogumi,kalegu,tebodi,kalegu,minato,dogiba,2,1,68
segmentation_trial,349968,0.0-11.0-0.0,6,"[""nodebu"",""dimate"",""mekugo"",""gubila""]",w84hvkaoxpfajcw,zipfian,"[""gubila"",""nodebu"",""dimate"",""mekugo""]",0.0,0.0,gubila,labude,labude,gubila,labude,gubila,nodebu,dimate,mekugo,1,1,58
segmentation_trial,355992,0.0-11.0-0.1,6,"[""nodebu"",""dimate"",""mekugo"",""gubila""]",w84hvkaoxpfajcw,zipfian,"[""gubila"",""nodebu"",""dimate"",""mekugo""]",1.0,0.0,dimate,bimegu,dimate,bimegu,bimegu,gubila,nodebu,dimate,mekugo,3,1,28
segmentation_trial,361872,0.0-11.0-0.2,6,"[""nodebu"",""dimate"",""mekugo"",""gubila""]",w84hvkaoxpfajcw,zipfian,"[""gubila"",""nodebu"",""dimate"",""mekugo""]",0.0,1.0,mekugo,kudino,mekugo,kudino,mekugo,gubila,nodebu,dimate,mekugo,4,1,121
segmentation_trial,367776,0.0-11.0-0.3,6,"[""nodebu"",""dimate"",""mekugo"",""gubila""]",w84hvkaoxpfajcw,zipfian,"[""gubila"",""nodebu"",""dimate"",""mekugo""]",0.0,0.0,nodebu,labude,labude,nodebu,labude,gubila,nodebu,dimate,mekugo,2,1,162
segmentation_trial,376432,0.0-11.0-0.4,6,"[""nodebu"",""dimate"",""mekugo"",""gubila""]",w84hvkaoxpfajcw,zipfian,"[""gubila"",""nodebu"",""dimate"",""mekugo""]",1.0,0.0,gubila,kudino,gubila,kudino,kudino,gubila,nodebu,dimate,mekugo,1,1,57
segmentation_trial,382688,0.0-11.0-0.5,6,"[""nodebu"",""dimate"",""mekugo"",""gubila""]",w84hvkaoxpfajcw,zipfian,"[""gubila"",""nodebu"",""dimate"",""mekugo""]",1.0,1.0,mekugo,tegoma,tegoma,mekugo,mekugo,gubila,nodebu,dimate,mekugo,4,1,123
segmentation_trial,390095,0.0-11.0-0.6,6,"[""nodebu"",""dimate"",""mekugo"",""gubila""]",w84hvkaoxpfajcw,zipfian,"[""gubila"",""nodebu"",""dimate"",""mekugo""]",1.0,0.0,dimate,kudino,dimate,kudino,kudino,gubila,nodebu,dimate,mekugo,3,1,29
segmentation_trial,395960,0.0-11.0-0.7,6,"[""nodebu"",""dimate"",""mekugo"",""gubila""]",w84hvkaoxpfajcw,zipfian,"[""gubila"",""nodebu"",""dimate"",""mekugo""]",0.0,1.0,gubila,bimegu,gubila,bimegu,gubila,gubila,nodebu,dimate,mekugo,1,1,56
segmentation_trial,402192,0.0-11.0-0.8,6,"[""nodebu"",""dimate"",""mekugo"",""gubila""]",w84hvkaoxpfajcw,zipfian,"[""gubila"",""nodebu"",""dimate"",""mekugo""]",0.0,0.0,mekugo,labude,labude,mekugo,labude,gubila,nodebu,dimate,mekugo,4,1,122
segmentation_trial,409096,0.0-11.0-0.9,6,"[""nodebu"",""dimate"",""mekugo"",""gubila""]",w84hvkaoxpfajcw,zipfian,"[""gubila"",""nodebu"",""dimate"",""mekugo""]",1.0,1.0,nodebu,tegoma,tegoma,nodebu,nodebu,gubila,nodebu,dimate,mekugo,2,1,163
segmentation_trial,415255,0.0-11.0-0.10,6,"[""nodebu"",""dimate"",""mekugo"",""gubila""]",w84hvkaoxpfajcw,zipfian,"[""gubila"",""nodebu"",""dimate"",""mekugo""]",0.0,1.0,mekugo,bimegu,mekugo,bimegu,mekugo,gubila,nodebu,dimate,mekugo,4,1,120
segmentation_trial,420919,0.0-11.0-0.11,6,"[""nodebu"",""dimate"",""mekugo"",""gubila""]",w84hvkaoxpfajcw,zipfian,"[""gubila"",""nodebu"",""dimate"",""mekugo""]",0.0,0.0,dimate,labude,labude,dimate,labude,gubila,nodebu,dimate,mekugo,3,1,30
segmentation_trial,426760,0.0-11.0-0.12,6,"[""nodebu"",""dimate"",""mekugo"",""gubila""]",w84hvkaoxpfajcw,zipfian,"[""gubila"",""nodebu"",""dimate"",""mekugo""]",1.0,0.0,nodebu,bimegu,nodebu,bimegu,bimegu,gubila,nodebu,dimate,mekugo,2,1,160
segmentation_trial,432967,0.0-11.0-0.13,6,"[""nodebu"",""dimate"",""mekugo"",""gubila""]",w84hvkaoxpfajcw,zipfian,"[""gubila"",""nodebu"",""dimate"",""mekugo""]",1.0,1.0,gubila,tegoma,tegoma,gubila,gubila,gubila,nodebu,dimate,mekugo,1,1,59
segmentation_trial,438799,0.0-11.0-0.14,6,"[""nodebu"",""dimate"",""mekugo"",""gubila""]",w84hvkaoxpfajcw,zipfian,"[""gubila"",""nodebu"",""dimate"",""mekugo""]",0.0,1.0,nodebu,kudino,nodebu,kudino,nodebu,gubila,nodebu,dimate,mekugo,2,1,161
segmentation_trial,444695,0.0-11.0-0.15,6,"[""nodebu"",""dimate"",""mekugo"",""gubila""]",w84hvkaoxpfajcw,zipfian,"[""gubila"",""nodebu"",""dimate"",""mekugo""]",1.0,1.0,dimate,tegoma,tegoma,dimate,dimate,gubila,nodebu,dimate,mekugo,3,1,31
segmentation_trial,254574,0.0-11.0-0.0,2,"[""binaku"",""temula"",""dokine"",""galedi""]",1ek4huynjr52e0o,zipfian,"[""temula"",""galedi"",""binaku"",""dokine""]",1.0,1.0,temula,kitena,kitena,temula,temula,temula,galedi,binaku,dokine,1,2,180
segmentation_trial,260749,0.0-11.0-0.1,2,"[""binaku"",""temula"",""dokine"",""galedi""]",1ek4huynjr52e0o,zipfian,"[""temula"",""galedi"",""binaku"",""dokine""]",1.0,1.0,dokine,negado,negado,dokine,dokine,temula,galedi,binaku,dokine,4,2,39
segmentation_trial,267103,0.0-11.0-0.2,2,"[""binaku"",""temula"",""dokine"",""galedi""]",1ek4huynjr52e0o,zipfian,"[""temula"",""galedi"",""binaku"",""dokine""]",0.0,1.0,temula,lakubi,temula,lakubi,temula,temula,galedi,binaku,dokine,1,2,181
segmentation_trial,273102,0.0-11.0-0.3,2,"[""binaku"",""temula"",""dokine"",""galedi""]",1ek4huynjr52e0o,zipfian,"[""temula"",""galedi"",""binaku"",""dokine""]",0.0,0.0,binaku,kitena,kitena,binaku,kitena,temula,galedi,binaku,dokine,3,2,4
segmentation_trial,280617,0.0-11.0-0.4,2,"[""binaku"",""temula"",""dokine"",""galedi""]",1ek4huynjr52e0o,zipfian,"[""temula"",""galedi"",""binaku"",""dokine""]",0.0,0.0,galedi,negado,negado,galedi,negado,temula,galedi,binaku,dokine,2,2,47
segmentation_trial,287124,0.0-11.0-0.5,2,"[""binaku"",""temula"",""dokine"",""galedi""]",1ek4huynjr52e0o,zipfian,"[""temula"",""galedi"",""binaku"",""dokine""]",0.0,1.0,binaku,lakubi,binaku,lakubi,binaku,temula,galedi,binaku,dokine,3,2,5
segmentation_trial,293361,0.0-11.0-0.6,2,"[""binaku"",""temula"",""dokine"",""galedi""]",1ek4huynjr52e0o,zipfian,"[""temula"",""galedi"",""binaku"",""dokine""]",0.0,0.0,temula,negado,negado,temula,negado,temula,galedi,binaku,dokine,1,2,183
segmentation_trial,299373,0.0-11.0-0.7,2,"[""binaku"",""temula"",""dokine"",""galedi""]",1ek4huynjr52e0o,zipfian,"[""temula"",""galedi"",""binaku"",""dokine""]",0.0,1.0,binaku,mudile,binaku,mudile,binaku,temula,galedi,binaku,dokine,3,2,6
segmentation_trial,305274,0.0-11.0-0.8,2,"[""binaku"",""temula"",""dokine"",""galedi""]",1ek4huynjr52e0o,zipfian,"[""temula"",""galedi"",""binaku"",""dokine""]",0.0,0.0,dokine,kitena,kitena,dokine,kitena,temula,galedi,binaku,dokine,4,2,36
segmentation_trial,311188,0.0-11.0-0.9,2,"[""binaku"",""temula"",""dokine"",""galedi""]",1ek4huynjr52e0o,zipfian,"[""temula"",""galedi"",""binaku"",""dokine""]",0.0,0.0,binaku,negado,negado,binaku,negado,temula,galedi,binaku,dokine,3,2,7
segmentation_trial,318845,0.0-11.0-0.10,2,"[""binaku"",""temula"",""dokine"",""galedi""]",1ek4huynjr52e0o,zipfian,"[""temula"",""galedi"",""binaku"",""dokine""]",1.0,0.0,temula,mudile,temula,mudile,mudile,temula,galedi,binaku,dokine,1,2,182
segmentation_trial,326888,0.0-11.0-0.11,2,"[""binaku"",""temula"",""dokine"",""galedi""]",1ek4huynjr52e0o,zipfian,"[""temula"",""galedi"",""binaku"",""dokine""]",0.0,1.0,galedi,lakubi,galedi,lakubi,galedi,temula,galedi,binaku,dokine,2,2,45
segmentation_trial,332557,0.0-11.0-0.12,2,"[""binaku"",""temula"",""dokine"",""galedi""]",1ek4huynjr52e0o,zipfian,"[""temula"",""galedi"",""binaku"",""dokine""]",0.0,1.0,dokine,mudile,dokine,mudile,dokine,temula,galedi,binaku,dokine,4,2,38
segmentation_trial,338560,0.0-11.0-0.13,2,"[""binaku"",""temula"",""dokine"",""galedi""]",1ek4huynjr52e0o,zipfian,"[""temula"",""galedi"",""binaku"",""dokine""]",0.0,0.0,galedi,kitena,kitena,galedi,kitena,temula,galedi,binaku,dokine,2,2,44
segmentation_trial,344185,0.0-11.0-0.14,2,"[""binaku"",""temula"",""dokine"",""galedi""]",1ek4huynjr52e0o,zipfian,"[""temula"",""galedi"",""binaku"",""dokine""]",0.0,1.0,dokine,lakubi,dokine,lakubi,dokine,temula,galedi,binaku,dokine,4,2,37
segmentation_trial,350650,0.0-11.0-0.15,2,"[""binaku"",""temula"",""dokine"",""galedi""]",1ek4huynjr52e0o,zipfian,"[""temula"",""galedi"",""binaku"",""dokine""]",0.0,1.0,galedi,mudile,galedi,mudile,galedi,temula,galedi,binaku,dokine,2,2,46
segmentation_trial,323986,0.0-11.0-0.0,4,"[""kinome"",""teguda"",""bulego"",""moditu""]",uztml5naa0syozz,uniform,,0.0,0.0,moditu,letumo,letumo,moditu,letumo,,,,,0,1,134
segmentation_trial,330923,0.0-11.0-0.1,4,"[""kinome"",""teguda"",""bulego"",""moditu""]",uztml5naa0syozz,uniform,,0.0,0.0,kinome,digote,digote,kinome,digote,,,,,0,1,76
segmentation_trial,337127,0.0-11.0-0.2,4,"[""kinome"",""teguda"",""bulego"",""moditu""]",uztml5naa0syozz,uniform,,0.0,1.0,bulego,nodabu,bulego,nodabu,bulego,,,,,0,1,19
segmentation_trial,343651,0.0-11.0-0.3,4,"[""kinome"",""teguda"",""bulego"",""moditu""]",uztml5naa0syozz,uniform,,0.0,1.0,kinome,gumeki,kinome,gumeki,kinome,,,,,0,1,77
segmentation_trial,349957,0.0-11.0-0.4,4,"[""kinome"",""teguda"",""bulego"",""moditu""]",uztml5naa0syozz,uniform,,1.0,0.0,moditu,nodabu,moditu,nodabu,nodabu,,,,,0,1,135
segmentation_trial,358480,0.0-11.0-0.5,4,"[""kinome"",""teguda"",""bulego"",""moditu""]",uztml5naa0syozz,uniform,,0.0,0.0,bulego,digote,digote,bulego,digote,,,,,0,1,16
segmentation_trial,365211,0.0-11.0-0.6,4,"[""kinome"",""teguda"",""bulego"",""moditu""]",uztml5naa0syozz,uniform,,1.0,1.0,kinome,letumo,letumo,kinome,kinome,,,,,0,1,78
segmentation_trial,373361,0.0-11.0-0.7,4,"[""kinome"",""teguda"",""bulego"",""moditu""]",uztml5naa0syozz,uniform,,0.0,1.0,bulego,gumeki,bulego,gumeki,bulego,,,,,0,1,17
segmentation_trial,379601,0.0-11.0-0.8,4,"[""kinome"",""teguda"",""bulego"",""moditu""]",uztml5naa0syozz,uniform,,1.0,0.0,kinome,nodabu,kinome,nodabu,nodabu,,,,,0,1,79
segmentation_trial,386091,0.0-11.0-0.9,4,"[""kinome"",""teguda"",""bulego"",""moditu""]",uztml5naa0syozz,uniform,,0.0,0.0,teguda,digote,digote,teguda,digote,,,,,0,1,176
segmentation_trial,392918,0.0-11.0-0.10,4,"[""kinome"",""teguda"",""bulego"",""moditu""]",uztml5naa0syozz,uniform,,1.0,0.0,moditu,gumeki,moditu,gumeki,gumeki,,,,,0,1,133
segmentation_trial,399100,0.0-11.0-0.11,4,"[""kinome"",""teguda"",""bulego"",""moditu""]",uztml5naa0syozz,uniform,,0.0,0.0,teguda,letumo,letumo,teguda,letumo,,,,,0,1,178
segmentation_trial,405389,0.0-11.0-0.12,4,"[""kinome"",""teguda"",""bulego"",""moditu""]",uztml5naa0syozz,uniform,,1.0,1.0,moditu,digote,digote,moditu,moditu,,,,,0,1,132
segmentation_trial,412924,0.0-11.0-0.13,4,"[""kinome"",""teguda"",""bulego"",""moditu""]",uztml5naa0syozz,uniform,,1.0,1.0,bulego,letumo,letumo,bulego,bulego,,,,,0,1,18
segmentation_trial,419226,0.0-11.0-0.14,4,"[""kinome"",""teguda"",""bulego"",""moditu""]",uztml5naa0syozz,uniform,,0.0,1.0,teguda,gumeki,teguda,gumeki,teguda,,,,,0,1,177
segmentation_trial,425354,0.0-11.0-0.15,4,"[""kinome"",""teguda"",""bulego"",""moditu""]",uztml5naa0syozz,uniform,,1.0,0.0,teguda,nodabu,teguda,nodabu,nodabu,,,,,0,1,179
segmentation_trial,756921,0.0-11.0-0.0,1,"[""lemaku"",""gibeto"",""bugona"",""dotumi""]",b8xdzdu46a0qy42,zipfian,"[""lemaku"",""bugona"",""gibeto"",""dotumi""]",1.0,0.0,dotumi,tobuma,dotumi,tobuma,tobuma,lemaku,bugona,gibeto,dotumi,4,2,43
segmentation_trial,768323,0.0-11.0-0.1,1,"[""lemaku"",""gibeto"",""bugona"",""dotumi""]",b8xdzdu46a0qy42,zipfian,"[""lemaku"",""bugona"",""gibeto"",""dotumi""]",1.0,1.0,lemaku,midobe,midobe,lemaku,lemaku,lemaku,bugona,gibeto,dotumi,1,2,109
segmentation_trial,774673,0.0-11.0-0.2,1,"[""lemaku"",""gibeto"",""bugona"",""dotumi""]",b8xdzdu46a0qy42,zipfian,"[""lemaku"",""bugona"",""gibeto"",""dotumi""]",1.0,0.0,gibeto,kulego,gibeto,kulego,kulego,lemaku,bugona,gibeto,dotumi,3,2,48
segmentation_trial,780685,0.0-11.0-0.3,1,"[""lemaku"",""gibeto"",""bugona"",""dotumi""]",b8xdzdu46a0qy42,zipfian,"[""lemaku"",""bugona"",""gibeto"",""dotumi""]",1.0,0.0,bugona,tobuma,bugona,tobuma,tobuma,lemaku,bugona,gibeto,dotumi,2,2,15
segmentation_trial,786471,0.0-11.0-0.4,1,"[""lemaku"",""gibeto"",""bugona"",""dotumi""]",b8xdzdu46a0qy42,zipfian,"[""lemaku"",""bugona"",""gibeto"",""dotumi""]",0.0,1.0,lemaku,kulego,lemaku,kulego,lemaku,lemaku,bugona,gibeto,dotumi,1,2,108
segmentation_trial,795413,0.0-11.0-0.5,1,"[""lemaku"",""gibeto"",""bugona"",""dotumi""]",b8xdzdu46a0qy42,zipfian,"[""lemaku"",""bugona"",""gibeto"",""dotumi""]",0.0,0.0,bugona,midobe,midobe,bugona,midobe,lemaku,bugona,gibeto,dotumi,2,2,13
segmentation_trial,801522,0.0-11.0-0.6,1,"[""lemaku"",""gibeto"",""bugona"",""dotumi""]",b8xdzdu46a0qy42,zipfian,"[""lemaku"",""bugona"",""gibeto"",""dotumi""]",0.0,1.0,dotumi,kulego,dotumi,kulego,dotumi,lemaku,bugona,gibeto,dotumi,4,2,40
segmentation_trial,811934,0.0-11.0-0.7,1,"[""lemaku"",""gibeto"",""bugona"",""dotumi""]",b8xdzdu46a0qy42,zipfian,"[""lemaku"",""bugona"",""gibeto"",""dotumi""]",1.0,1.0,lemaku,nagitu,nagitu,lemaku,lemaku,lemaku,bugona,gibeto,dotumi,1,2,110
segmentation_trial,819222,0.0-11.0-0.8,1,"[""lemaku"",""gibeto"",""bugona"",""dotumi""]",b8xdzdu46a0qy42,zipfian,"[""lemaku"",""bugona"",""gibeto"",""dotumi""]",0.0,0.0,dotumi,midobe,midobe,dotumi,midobe,lemaku,bugona,gibeto,dotumi,4,2,41
segmentation_trial,833750,0.0-11.0-0.9,1,"[""lemaku"",""gibeto"",""bugona"",""dotumi""]",b8xdzdu46a0qy42,zipfian,"[""lemaku"",""bugona"",""gibeto"",""dotumi""]",0.0,1.0,bugona,kulego,bugona,kulego,bugona,lemaku,bugona,gibeto,dotumi,2,2,12
segmentation_trial,841234,0.0-11.0-0.10,1,"[""lemaku"",""gibeto"",""bugona"",""dotumi""]",b8xdzdu46a0qy42,zipfian,"[""lemaku"",""bugona"",""gibeto"",""dotumi""]",1.0,0.0,gibeto,tobuma,gibeto,tobuma,tobuma,lemaku,bugona,gibeto,dotumi,3,2,51
segmentation_trial,898438,0.0-11.0-0.11,1,"[""lemaku"",""gibeto"",""bugona"",""dotumi""]",b8xdzdu46a0qy42,zipfian,"[""lemaku"",""bugona"",""gibeto"",""dotumi""]",0.0,0.0,dotumi,nagitu,nagitu,dotumi,nagitu,lemaku,bugona,gibeto,dotumi,4,2,42
segmentation_trial,904543,0.0-11.0-0.12,1,"[""lemaku"",""gibeto"",""bugona"",""dotumi""]",b8xdzdu46a0qy42,zipfian,"[""lemaku"",""bugona"",""gibeto"",""dotumi""]",1.0,1.0,gibeto,midobe,midobe,gibeto,gibeto,lemaku,bugona,gibeto,dotumi,3,2,49
segmentation_trial,915252,0.0-11.0-0.13,1,"[""lemaku"",""gibeto"",""bugona"",""dotumi""]",b8xdzdu46a0qy42,zipfian,"[""lemaku"",""bugona"",""gibeto"",""dotumi""]",0.0,1.0,lemaku,tobuma,lemaku,tobuma,lemaku,lemaku,bugona,gibeto,dotumi,1,2,111
segmentation_trial,922431,0.0-11.0-0.14,1,"[""lemaku"",""gibeto"",""bugona"",""dotumi""]",b8xdzdu46a0qy42,zipfian,"[""lemaku"",""bugona"",""gibeto"",""dotumi""]",1.0,1.0,gibeto,nagitu,nagitu,gibeto,gibeto,lemaku,bugona,gibeto,dotumi,3,2,50
segmentation_trial,930044,0.0-11.0-0.15,1,"[""lemaku"",""gibeto"",""bugona"",""dotumi""]",b8xdzdu46a0qy42,zipfian,"[""lemaku"",""bugona"",""gibeto"",""dotumi""]",1.0,1.0,bugona,nagitu,nagitu,bugona,bugona,lemaku,bugona,gibeto,dotumi,2,2,14
segmentation_trial,307076,0.0-11.0-0.0,6,"[""nodebu"",""dimate"",""mekugo"",""gubila""]",1l2v1c07pb5zrjj,uniform,,1.0,1.0,gubila,tegoma,tegoma,gubila,gubila,,,,,0,1,59
segmentation_trial,324486,0.0-11.0-0.1,6,"[""nodebu"",""dimate"",""mekugo"",""gubila""]",1l2v1c07pb5zrjj,uniform,,0.0,0.0,mekugo,labude,labude,mekugo,labude,,,,,0,1,122
segmentation_trial,330788,0.0-11.0-0.2,6,"[""nodebu"",""dimate"",""mekugo"",""gubila""]",1l2v1c07pb5zrjj,uniform,,0.0,1.0,nodebu,bimegu,nodebu,bimegu,nodebu,,,,,0,1,160
segmentation_trial,336930,0.0-11.0-0.3,6,"[""nodebu"",""dimate"",""mekugo"",""gubila""]",1l2v1c07pb5zrjj,uniform,,0.0,1.0,gubila,kudino,gubila,kudino,gubila,,,,,0,1,57
segmentation_trial,343516,0.0-11.0-0.4,6,"[""nodebu"",""dimate"",""mekugo"",""gubila""]",1l2v1c07pb5zrjj,uniform,,1.0,1.0,dimate,tegoma,tegoma,dimate,dimate,,,,,0,1,31
segmentation_trial,349800,0.0-11.0-0.5,6,"[""nodebu"",""dimate"",""mekugo"",""gubila""]",1l2v1c07pb5zrjj,uniform,,0.0,1.0,mekugo,kudino,mekugo,kudino,mekugo,,,,,0,1,121
segmentation_trial,356084,0.0-11.0-0.6,6,"[""nodebu"",""dimate"",""mekugo"",""gubila""]",1l2v1c07pb5zrjj,uniform,,0.0,0.0,nodebu,labude,labude,nodebu,labude,,,,,0,1,162
segmentation_trial,362159,0.0-11.0-0.7,6,"[""nodebu"",""dimate"",""mekugo"",""gubila""]",1l2v1c07pb5zrjj,uniform,,0.0,1.0,gubila,bimegu,gubila,bimegu,gubila,,,,,0,1,56
segmentation_trial,368816,0.0-11.0-0.8,6,"[""nodebu"",""dimate"",""mekugo"",""gubila""]",1l2v1c07pb5zrjj,uniform,,0.0,0.0,nodebu,tegoma,tegoma,nodebu,tegoma,,,,,0,1,163
segmentation_trial,375603,0.0-11.0-0.9,6,"[""nodebu"",""dimate"",""mekugo"",""gubila""]",1l2v1c07pb5zrjj,uniform,,0.0,1.0,dimate,bimegu,dimate,bimegu,dimate,,,,,0,1,28
segmentation_trial,381731,0.0-11.0-0.10,6,"[""nodebu"",""dimate"",""mekugo"",""gubila""]",1l2v1c07pb5zrjj,uniform,,1.0,1.0,mekugo,tegoma,tegoma,mekugo,mekugo,,,,,0,1,123
segmentation_trial,388704,0.0-11.0-0.11,6,"[""nodebu"",""dimate"",""mekugo"",""gubila""]",1l2v1c07pb5zrjj,uniform,,1.0,0.0,nodebu,kudino,nodebu,kudino,kudino,,,,,0,1,161
segmentation_trial,394859,0.0-11.0-0.12,6,"[""nodebu"",""dimate"",""mekugo"",""gubila""]",1l2v1c07pb5zrjj,uniform,,1.0,1.0,dimate,labude,labude,dimate,dimate,,,,,0,1,30
segmentation_trial,400911,0.0-11.0-0.13,6,"[""nodebu"",""dimate"",""mekugo"",""gubila""]",1l2v1c07pb5zrjj,uniform,,1.0,0.0,mekugo,bimegu,mekugo,bimegu,bimegu,,,,,0,1,120
segmentation_trial,406902,0.0-11.0-0.14,6,"[""nodebu"",""dimate"",""mekugo"",""gubila""]",1l2v1c07pb5zrjj,uniform,,0.0,1.0,dimate,kudino,dimate,kudino,dimate,,,,,0,1,29
segmentation_trial,413356,0.0-11.0-0.15,6,"[""nodebu"",""dimate"",""mekugo"",""gubila""]",1l2v1c07pb5zrjj,uniform,,1.0,1.0,gubila,labude,labude,gubila,gubila,,,,,0,1,58
segmentation_trial,227865,0.0-11.0-0.0,5,"[""tobanu"",""gukema"",""delubo"",""lamodi""]",4sqn9tmdljo0s3r,zipfian,"[""lamodi"",""tobanu"",""gukema"",""delubo""]",0.0,1.0,lamodi,mogude,lamodi,mogude,lamodi,lamodi,tobanu,gukema,delubo,1,1,102
segmentation_trial,234690,0.0-11.0-0.1,5,"[""tobanu"",""gukema"",""delubo"",""lamodi""]",4sqn9tmdljo0s3r,zipfian,"[""lamodi"",""tobanu"",""gukema"",""delubo""]",0.0,0.0,gukema,kediba,kediba,gukema,kediba,lamodi,tobanu,gukema,delubo,3,1,60
segmentation_trial,242876,0.0-11.0-0.2,5,"[""tobanu"",""gukema"",""delubo"",""lamodi""]",4sqn9tmdljo0s3r,zipfian,"[""lamodi"",""tobanu"",""gukema"",""delubo""]",1.0,0.0,delubo,mogude,delubo,mogude,mogude,lamodi,tobanu,gukema,delubo,4,1,22
segmentation_trial,249263,0.0-11.0-0.3,5,"[""tobanu"",""gukema"",""delubo"",""lamodi""]",4sqn9tmdljo0s3r,zipfian,"[""lamodi"",""tobanu"",""gukema"",""delubo""]",1.0,1.0,gukema,nubola,nubola,gukema,gukema,lamodi,tobanu,gukema,delubo,3,1,63
segmentation_trial,255656,0.0-11.0-0.4,5,"[""tobanu"",""gukema"",""delubo"",""lamodi""]",4sqn9tmdljo0s3r,zipfian,"[""lamodi"",""tobanu"",""gukema"",""delubo""]",0.0,0.0,delubo,kediba,kediba,delubo,kediba,lamodi,tobanu,gukema,delubo,4,1,20
segmentation_trial,262170,0.0-11.0-0.5,5,"[""tobanu"",""gukema"",""delubo"",""lamodi""]",4sqn9tmdljo0s3r,zipfian,"[""lamodi"",""tobanu"",""gukema"",""delubo""]",0.0,1.0,gukema,matolu,gukema,matolu,gukema,lamodi,tobanu,gukema,delubo,3,1,61
segmentation_trial,270165,0.0-11.0-0.6,5,"[""tobanu"",""gukema"",""delubo"",""lamodi""]",4sqn9tmdljo0s3r,zipfian,"[""lamodi"",""tobanu"",""gukema"",""delubo""]",1.0,1.0,delubo,nubola,nubola,delubo,delubo,lamodi,tobanu,gukema,delubo,4,1,23
segmentation_trial,278448,0.0-11.0-0.7,5,"[""tobanu"",""gukema"",""delubo"",""lamodi""]",4sqn9tmdljo0s3r,zipfian,"[""lamodi"",""tobanu"",""gukema"",""delubo""]",1.0,1.0,lamodi,kediba,kediba,lamodi,lamodi,lamodi,tobanu,gukema,delubo,1,1,100
segmentation_trial,286027,0.0-11.0-0.8,5,"[""tobanu"",""gukema"",""delubo"",""lamodi""]",4sqn9tmdljo0s3r,zipfian,"[""lamodi"",""tobanu"",""gukema"",""delubo""]",1.0,0.0,tobanu,mogude,tobanu,mogude,mogude,lamodi,tobanu,gukema,delubo,2,1,186
segmentation_trial,292237,0.0-11.0-0.9,5,"[""tobanu"",""gukema"",""delubo"",""lamodi""]",4sqn9tmdljo0s3r,zipfian,"[""lamodi"",""tobanu"",""gukema"",""delubo""]",1.0,1.0,lamodi,nubola,nubola,lamodi,lamodi,lamodi,tobanu,gukema,delubo,1,1,103
segmentation_trial,298554,0.0-11.0-0.10,5,"[""tobanu"",""gukema"",""delubo"",""lamodi""]",4sqn9tmdljo0s3r,zipfian,"[""lamodi"",""tobanu"",""gukema"",""delubo""]",0.0,1.0,tobanu,matolu,tobanu,matolu,tobanu,lamodi,tobanu,gukema,delubo,2,1,185
segmentation_trial,304877,0.0-11.0-0.11,5,"[""tobanu"",""gukema"",""delubo"",""lamodi""]",4sqn9tmdljo0s3r,zipfian,"[""lamodi"",""tobanu"",""gukema"",""delubo""]",0.0,1.0,gukema,mogude,gukema,mogude,gukema,lamodi,tobanu,gukema,delubo,3,1,62
segmentation_trial,311030,0.0-11.0-0.12,5,"[""tobanu"",""gukema"",""delubo"",""lamodi""]",4sqn9tmdljo0s3r,zipfian,"[""lamodi"",""tobanu"",""gukema"",""delubo""]",0.0,1.0,lamodi,matolu,lamodi,matolu,lamodi,lamodi,tobanu,gukema,delubo,1,1,101
segmentation_trial,317212,0.0-11.0-0.13,5,"[""tobanu"",""gukema"",""delubo"",""lamodi""]",4sqn9tmdljo0s3r,zipfian,"[""lamodi"",""tobanu"",""gukema"",""delubo""]",0.0,0.0,tobanu,kediba,kediba,tobanu,kediba,lamodi,tobanu,gukema,delubo,2,1,184
segmentation_trial,325509,0.0-11.0-0.14,5,"[""tobanu"",""gukema"",""delubo"",""lamodi""]",4sqn9tmdljo0s3r,zipfian,"[""lamodi"",""tobanu"",""gukema"",""delubo""]",0.0,1.0,delubo,matolu,delubo,matolu,delubo,lamodi,tobanu,gukema,delubo,4,1,21
segmentation_trial,333267,0.0-11.0-0.15,5,"[""tobanu"",""gukema"",""delubo"",""lamodi""]",4sqn9tmdljo0s3r,zipfian,"[""lamodi"",""tobanu"",""gukema"",""delubo""]",1.0,1.0,tobanu,nubola,nubola,tobanu,tobanu,lamodi,tobanu,gukema,delubo,2,1,187
segmentation_trial,202279,0.0-11.0-0.0,4,"[""kinome"",""teguda"",""bulego"",""moditu""]",s3vk4qckal0q8c4,zipfian,"[""bulego"",""teguda"",""moditu"",""kinome""]",1.0,1.0,bulego,letumo,letumo,bulego,bulego,bulego,teguda,moditu,kinome,1,1,18
segmentation_trial,209857,0.0-11.0-0.1,4,"[""kinome"",""teguda"",""bulego"",""moditu""]",s3vk4qckal0q8c4,zipfian,"[""bulego"",""teguda"",""moditu"",""kinome""]",1.0,1.0,teguda,digote,digote,teguda,teguda,bulego,teguda,moditu,kinome,2,1,176
segmentation_trial,219263,0.0-11.0-0.2,4,"[""kinome"",""teguda"",""bulego"",""moditu""]",s3vk4qckal0q8c4,zipfian,"[""bulego"",""teguda"",""moditu"",""kinome""]",0.0,1.0,kinome,gumeki,kinome,gumeki,kinome,bulego,teguda,moditu,kinome,4,1,77
segmentation_trial,230454,0.0-11.0-0.3,4,"[""kinome"",""teguda"",""bulego"",""moditu""]",s3vk4qckal0q8c4,zipfian,"[""bulego"",""teguda"",""moditu"",""kinome""]",0.0,1.0,moditu,nodabu,moditu,nodabu,moditu,bulego,teguda,moditu,kinome,3,1,135
segmentation_trial,236958,0.0-11.0-0.4,4,"[""kinome"",""teguda"",""bulego"",""moditu""]",s3vk4qckal0q8c4,zipfian,"[""bulego"",""teguda"",""moditu"",""kinome""]",1.0,1.0,bulego,digote,digote,bulego,bulego,bulego,teguda,moditu,kinome,1,1,16
segmentation_trial,243348,0.0-11.0-0.5,4,"[""kinome"",""teguda"",""bulego"",""moditu""]",s3vk4qckal0q8c4,zipfian,"[""bulego"",""teguda"",""moditu"",""kinome""]",1.0,0.0,moditu,gumeki,moditu,gumeki,gumeki,bulego,teguda,moditu,kinome,3,1,133
segmentation_trial,249548,0.0-11.0-0.6,4,"[""kinome"",""teguda"",""bulego"",""moditu""]",s3vk4qckal0q8c4,zipfian,"[""bulego"",""teguda"",""moditu"",""kinome""]",0.0,0.0,teguda,letumo,letumo,teguda,letumo,bulego,teguda,moditu,kinome,2,1,178
segmentation_trial,255709,0.0-11.0-0.7,4,"[""kinome"",""teguda"",""bulego"",""moditu""]",s3vk4qckal0q8c4,zipfian,"[""bulego"",""teguda"",""moditu"",""kinome""]",0.0,0.0,moditu,digote,digote,moditu,digote,bulego,teguda,moditu,kinome,3,1,132
segmentation_trial,262587,0.0-11.0-0.8,4,"[""kinome"",""teguda"",""bulego"",""moditu""]",s3vk4qckal0q8c4,zipfian,"[""bulego"",""teguda"",""moditu"",""kinome""]",0.0,0.0,kinome,letumo,letumo,kinome,letumo,bulego,teguda,moditu,kinome,4,1,78
segmentation_trial,268936,0.0-11.0-0.9,4,"[""kinome"",""teguda"",""bulego"",""moditu""]",s3vk4qckal0q8c4,zipfian,"[""bulego"",""teguda"",""moditu"",""kinome""]",1.0,0.0,teguda,gumeki,teguda,gumeki,gumeki,bulego,teguda,moditu,kinome,2,1,177
segmentation_trial,275328,0.0-11.0-0.10,4,"[""kinome"",""teguda"",""bulego"",""moditu""]",s3vk4qckal0q8c4,zipfian,"[""bulego"",""teguda"",""moditu"",""kinome""]",0.0,1.0,bulego,nodabu,bulego,nodabu,bulego,bulego,teguda,moditu,kinome,1,1,19
segmentation_trial,281368,0.0-11.0-0.11,4,"[""kinome"",""teguda"",""bulego"",""moditu""]",s3vk4qckal0q8c4,zipfian,"[""bulego"",""teguda"",""moditu"",""kinome""]",0.0,0.0,moditu,letumo,letumo,moditu,letumo,bulego,teguda,moditu,kinome,3,1,134
segmentation_trial,324931,0.0-11.0-0.12,4,"[""kinome"",""teguda"",""bulego"",""moditu""]",s3vk4qckal0q8c4,zipfian,"[""bulego"",""teguda"",""moditu"",""kinome""]",0.0,1.0,teguda,nodabu,teguda,nodabu,teguda,bulego,teguda,moditu,kinome,2,1,179
segmentation_trial,332935,0.0-11.0-0.13,4,"[""kinome"",""teguda"",""bulego"",""moditu""]",s3vk4qckal0q8c4,zipfian,"[""bulego"",""teguda"",""moditu"",""kinome""]",0.0,0.0,kinome,digote,digote,kinome,digote,bulego,teguda,moditu,kinome,4,1,76
segmentation_trial,339343,0.0-11.0-0.14,4,"[""kinome"",""teguda"",""bulego"",""moditu""]",s3vk4qckal0q8c4,zipfian,"[""bulego"",""teguda"",""moditu"",""kinome""]",0.0,1.0,bulego,gumeki,bulego,gumeki,bulego,bulego,teguda,moditu,kinome,1,1,17
segmentation_trial,345379,0.0-11.0-0.15,4,"[""kinome"",""teguda"",""bulego"",""moditu""]",s3vk4qckal0q8c4,zipfian,"[""bulego"",""teguda"",""moditu"",""kinome""]",0.0,1.0,kinome,nodabu,kinome,nodabu,kinome,bulego,teguda,moditu,kinome,4,1,79
segmentation_trial,401199,0.0-11.0-0.0,6,"[""nodebu"",""dimate"",""mekugo"",""gubila""]",w77k0duhd3nyzzm,zipfian,"[""dimate"",""gubila"",""mekugo"",""nodebu""]",0.0,0.0,gubila,tegoma,tegoma,gubila,tegoma,dimate,gubila,mekugo,nodebu,2,1,59
segmentation_trial,407070,0.0-11.0-0.1,6,"[""nodebu"",""dimate"",""mekugo"",""gubila""]",w77k0duhd3nyzzm,zipfian,"[""dimate"",""gubila"",""mekugo"",""nodebu""]",0.0,1.0,dimate,bimegu,dimate,bimegu,dimate,dimate,gubila,mekugo,nodebu,1,1,28
segmentation_trial,413350,0.0-11.0-0.2,6,"[""nodebu"",""dimate"",""mekugo"",""gubila""]",w77k0duhd3nyzzm,zipfian,"[""dimate"",""gubila"",""mekugo"",""nodebu""]",1.0,0.0,nodebu,kudino,nodebu,kudino,kudino,dimate,gubila,mekugo,nodebu,4,1,161
segmentation_trial,419262,0.0-11.0-0.3,6,"[""nodebu"",""dimate"",""mekugo"",""gubila""]",w77k0duhd3nyzzm,zipfian,"[""dimate"",""gubila"",""mekugo"",""nodebu""]",0.0,1.0,gubila,bimegu,gubila,bimegu,gubila,dimate,gubila,mekugo,nodebu,2,1,56
segmentation_trial,425358,0.0-11.0-0.4,6,"[""nodebu"",""dimate"",""mekugo"",""gubila""]",w77k0duhd3nyzzm,zipfian,"[""dimate"",""gubila"",""mekugo"",""nodebu""]",1.0,1.0,nodebu,labude,labude,nodebu,nodebu,dimate,gubila,mekugo,nodebu,4,1,162
segmentation_trial,431342,0.0-11.0-0.5,6,"[""nodebu"",""dimate"",""mekugo"",""gubila""]",w77k0duhd3nyzzm,zipfian,"[""dimate"",""gubila"",""mekugo"",""nodebu""]",0.0,1.0,mekugo,kudino,mekugo,kudino,mekugo,dimate,gubila,mekugo,nodebu,3,1,121
segmentation_trial,437550,0.0-11.0-0.6,6,"[""nodebu"",""dimate"",""mekugo"",""gubila""]",w77k0duhd3nyzzm,zipfian,"[""dimate"",""gubila"",""mekugo"",""nodebu""]",1.0,1.0,gubila,labude,labude,gubila,gubila,dimate,gubila,mekugo,nodebu,2,1,58
segmentation_trial,444238,0.0-11.0-0.7,6,"[""nodebu"",""dimate"",""mekugo"",""gubila""]",w77k0duhd3nyzzm,zipfian,"[""dimate"",""gubila"",""mekugo"",""nodebu""]",1.0,1.0,mekugo,tegoma,tegoma,mekugo,mekugo,dimate,gubila,mekugo,nodebu,3,1,123
segmentation_trial,450438,0.0-11.0-0.8,6,"[""nodebu"",""dimate"",""mekugo"",""gubila""]",w77k0duhd3nyzzm,zipfian,"[""dimate"",""gubila"",""mekugo"",""nodebu""]",0.0,1.0,nodebu,bimegu,nodebu,bimegu,nodebu,dimate,gubila,mekugo,nodebu,4,1,160
segmentation_trial,456142,0.0-11.0-0.9,6,"[""nodebu"",""dimate"",""mekugo"",""gubila""]",w77k0duhd3nyzzm,zipfian,"[""dimate"",""gubila"",""mekugo"",""nodebu""]",0.0,1.0,gubila,kudino,gubila,kudino,gubila,dimate,gubila,mekugo,nodebu,2,1,57
segmentation_trial,462022,0.0-11.0-0.10,6,"[""nodebu"",""dimate"",""mekugo"",""gubila""]",w77k0duhd3nyzzm,zipfian,"[""dimate"",""gubila"",""mekugo"",""nodebu""]",0.0,1.0,mekugo,bimegu,mekugo,bimegu,mekugo,dimate,gubila,mekugo,nodebu,3,1,120
segmentation_trial,468038,0.0-11.0-0.11,6,"[""nodebu"",""dimate"",""mekugo"",""gubila""]",w77k0duhd3nyzzm,zipfian,"[""dimate"",""gubila"",""mekugo"",""nodebu""]",0.0,0.0,nodebu,tegoma,tegoma,nodebu,tegoma,dimate,gubila,mekugo,nodebu,4,1,163
segmentation_trial,474638,0.0-11.0-0.12,6,"[""nodebu"",""dimate"",""mekugo"",""gubila""]",w77k0duhd3nyzzm,zipfian,"[""dimate"",""gubila"",""mekugo"",""nodebu""]",1.0,1.0,dimate,labude,labude,dimate,dimate,dimate,gubila,mekugo,nodebu,1,1,30
segmentation_trial,480726,0.0-11.0-0.13,6,"[""nodebu"",""dimate"",""mekugo"",""gubila""]",w77k0duhd3nyzzm,zipfian,"[""dimate"",""gubila"",""mekugo"",""nodebu""]",1.0,1.0,mekugo,labude,labude,mekugo,mekugo,dimate,gubila,mekugo,nodebu,3,1,122
segmentation_trial,486816,0.0-11.0-0.14,6,"[""nodebu"",""dimate"",""mekugo"",""gubila""]",w77k0duhd3nyzzm,zipfian,"[""dimate"",""gubila"",""mekugo"",""nodebu""]",1.0,1.0,dimate,tegoma,tegoma,dimate,dimate,dimate,gubila,mekugo,nodebu,1,1,31
segmentation_trial,494670,0.0-11.0-0.15,6,"[""nodebu"",""dimate"",""mekugo"",""gubila""]",w77k0duhd3nyzzm,zipfian,"[""dimate"",""gubila"",""mekugo"",""nodebu""]",1.0,0.0,dimate,kudino,dimate,kudino,kudino,dimate,gubila,mekugo,nodebu,1,1,29
segmentation_trial,253057,0.0-11.0-0.0,4,"[""kinome"",""teguda"",""bulego"",""moditu""]",9ulyjv05zld9npn,zipfian,"[""teguda"",""moditu"",""bulego"",""kinome""]",0.0,1.0,moditu,nodabu,moditu,nodabu,moditu,teguda,moditu,bulego,kinome,2,1,135
segmentation_trial,259079,0.0-11.0-0.1,4,"[""kinome"",""teguda"",""bulego"",""moditu""]",9ulyjv05zld9npn,zipfian,"[""teguda"",""moditu"",""bulego"",""kinome""]",0.0,0.0,bulego,letumo,letumo,bulego,letumo,teguda,moditu,bulego,kinome,3,1,18
segmentation_trial,265658,0.0-11.0-0.2,4,"[""kinome"",""teguda"",""bulego"",""moditu""]",9ulyjv05zld9npn,zipfian,"[""teguda"",""moditu"",""bulego"",""kinome""]",0.0,1.0,teguda,nodabu,teguda,nodabu,teguda,teguda,moditu,bulego,kinome,1,1,179
segmentation_trial,271657,0.0-11.0-0.3,4,"[""kinome"",""teguda"",""bulego"",""moditu""]",9ulyjv05zld9npn,zipfian,"[""teguda"",""moditu"",""bulego"",""kinome""]",1.0,1.0,kinome,digote,digote,kinome,kinome,teguda,moditu,bulego,kinome,4,1,76
segmentation_trial,277686,0.0-11.0-0.4,4,"[""kinome"",""teguda"",""bulego"",""moditu""]",9ulyjv05zld9npn,zipfian,"[""teguda"",""moditu"",""bulego"",""kinome""]",1.0,1.0,teguda,letumo,letumo,teguda,teguda,teguda,moditu,bulego,kinome,1,1,178
segmentation_trial,285610,0.0-11.0-0.5,4,"[""kinome"",""teguda"",""bulego"",""moditu""]",9ulyjv05zld9npn,zipfian,"[""teguda"",""moditu"",""bulego"",""kinome""]",0.0,0.0,bulego,digote,digote,bulego,digote,teguda,moditu,bulego,kinome,3,1,16
segmentation_trial,291928,0.0-11.0-0.6,4,"[""kinome"",""teguda"",""bulego"",""moditu""]",9ulyjv05zld9npn,zipfian,"[""teguda"",""moditu"",""bulego"",""kinome""]",1.0,0.0,kinome,nodabu,kinome,nodabu,nodabu,teguda,moditu,bulego,kinome,4,1,79
segmentation_trial,298734,0.0-11.0-0.7,4,"[""kinome"",""teguda"",""bulego"",""moditu""]",9ulyjv05zld9npn,zipfian,"[""teguda"",""moditu"",""bulego"",""kinome""]",0.0,1.0,bulego,gumeki,bulego,gumeki,bulego,teguda,moditu,bulego,kinome,3,1,17
segmentation_trial,308097,0.0-11.0-0.8,4,"[""kinome"",""teguda"",""bulego"",""moditu""]",9ulyjv05zld9npn,zipfian,"[""teguda"",""moditu"",""bulego"",""kinome""]",0.0,0.0,moditu,letumo,letumo,moditu,letumo,teguda,moditu,bulego,kinome,2,1,134
segmentation_trial,315654,0.0-11.0-0.9,4,"[""kinome"",""teguda"",""bulego"",""moditu""]",9ulyjv05zld9npn,zipfian,"[""teguda"",""moditu"",""bulego"",""kinome""]",1.0,0.0,kinome,gumeki,kinome,gumeki,gumeki,teguda,moditu,bulego,kinome,4,1,77
segmentation_trial,322757,0.0-11.0-0.10,4,"[""kinome"",""teguda"",""bulego"",""moditu""]",9ulyjv05zld9npn,zipfian,"[""teguda"",""moditu"",""bulego"",""kinome""]",1.0,0.0,bulego,nodabu,bulego,nodabu,nodabu,teguda,moditu,bulego,kinome,3,1,19
segmentation_trial,328705,0.0-11.0-0.11,4,"[""kinome"",""teguda"",""bulego"",""moditu""]",9ulyjv05zld9npn,zipfian,"[""teguda"",""moditu"",""bulego"",""kinome""]",0.0,1.0,moditu,gumeki,moditu,gumeki,moditu,teguda,moditu,bulego,kinome,2,1,133
segmentation_trial,353833,0.0-11.0-0.12,4,"[""kinome"",""teguda"",""bulego"",""moditu""]",9ulyjv05zld9npn,zipfian,"[""teguda"",""moditu"",""bulego"",""kinome""]",0.0,0.0,kinome,letumo,letumo,kinome,letumo,teguda,moditu,bulego,kinome,4,1,78
segmentation_trial,359706,0.0-11.0-0.13,4,"[""kinome"",""teguda"",""bulego"",""moditu""]",9ulyjv05zld9npn,zipfian,"[""teguda"",""moditu"",""bulego"",""kinome""]",0.0,0.0,teguda,digote,digote,teguda,digote,teguda,moditu,bulego,kinome,1,1,176
segmentation_trial,365473,0.0-11.0-0.14,4,"[""kinome"",""teguda"",""bulego"",""moditu""]",9ulyjv05zld9npn,zipfian,"[""teguda"",""moditu"",""bulego"",""kinome""]",1.0,0.0,teguda,gumeki,teguda,gumeki,gumeki,teguda,moditu,bulego,kinome,1,1,177
segmentation_trial,371722,0.0-11.0-0.15,4,"[""kinome"",""teguda"",""bulego"",""moditu""]",9ulyjv05zld9npn,zipfian,"[""teguda"",""moditu"",""bulego"",""kinome""]",0.0,0.0,moditu,digote,digote,moditu,digote,teguda,moditu,bulego,kinome,2,1,132
segmentation_trial,471756,0.0-11.0-0.0,4,"[""gumeki"",""letumo"",""nodabu"",""digote""]",bwncj6e50oa59r9,zipfian,"[""nodabu"",""letumo"",""gumeki"",""digote""]",0.0,0.0,nodabu,teguda,teguda,nodabu,teguda,nodabu,letumo,gumeki,digote,1,2,159
segmentation_trial,481983,0.0-11.0-0.1,4,"[""gumeki"",""letumo"",""nodabu"",""digote""]",bwncj6e50oa59r9,zipfian,"[""nodabu"",""letumo"",""gumeki"",""digote""]",1.0,1.0,letumo,moditu,moditu,letumo,letumo,nodabu,letumo,gumeki,digote,2,2,114
segmentation_trial,499684,0.0-11.0-0.2,4,"[""gumeki"",""letumo"",""nodabu"",""digote""]",bwncj6e50oa59r9,zipfian,"[""nodabu"",""letumo"",""gumeki"",""digote""]",1.0,0.0,digote,kinome,digote,kinome,kinome,nodabu,letumo,gumeki,digote,4,2,25
segmentation_trial,507740,0.0-11.0-0.3,4,"[""gumeki"",""letumo"",""nodabu"",""digote""]",bwncj6e50oa59r9,zipfian,"[""nodabu"",""letumo"",""gumeki"",""digote""]",0.0,1.0,letumo,bulego,letumo,bulego,letumo,nodabu,letumo,gumeki,digote,2,2,112
segmentation_trial,514586,0.0-11.0-0.4,4,"[""gumeki"",""letumo"",""nodabu"",""digote""]",bwncj6e50oa59r9,zipfian,"[""nodabu"",""letumo"",""gumeki"",""digote""]",1.0,1.0,digote,teguda,teguda,digote,digote,nodabu,letumo,gumeki,digote,4,2,27
segmentation_trial,520981,0.0-11.0-0.5,4,"[""gumeki"",""letumo"",""nodabu"",""digote""]",bwncj6e50oa59r9,zipfian,"[""nodabu"",""letumo"",""gumeki"",""digote""]",1.0,0.0,nodabu,bulego,nodabu,bulego,bulego,nodabu,letumo,gumeki,digote,1,2,156
segmentation_trial,529998,0.0-11.0-0.6,4,"[""gumeki"",""letumo"",""nodabu"",""digote""]",bwncj6e50oa59r9,zipfian,"[""nodabu"",""letumo"",""gumeki"",""digote""]",1.0,1.0,gumeki,teguda,teguda,gumeki,gumeki,nodabu,letumo,gumeki,digote,3,2,67
segmentation_trial,536777,0.0-11.0-0.7,4,"[""gumeki"",""letumo"",""nodabu"",""digote""]",bwncj6e50oa59r9,zipfian,"[""nodabu"",""letumo"",""gumeki"",""digote""]",0.0,1.0,letumo,kinome,letumo,kinome,letumo,nodabu,letumo,gumeki,digote,2,2,113
segmentation_trial,542988,0.0-11.0-0.8,4,"[""gumeki"",""letumo"",""nodabu"",""digote""]",bwncj6e50oa59r9,zipfian,"[""nodabu"",""letumo"",""gumeki"",""digote""]",1.0,0.0,gumeki,bulego,gumeki,bulego,bulego,nodabu,letumo,gumeki,digote,3,2,64
segmentation_trial,551996,0.0-11.0-0.9,4,"[""gumeki"",""letumo"",""nodabu"",""digote""]",bwncj6e50oa59r9,zipfian,"[""nodabu"",""letumo"",""gumeki"",""digote""]",1.0,1.0,digote,moditu,moditu,digote,digote,nodabu,letumo,gumeki,digote,4,2,26
segmentation_trial,561955,0.0-11.0-0.10,4,"[""gumeki"",""letumo"",""nodabu"",""digote""]",bwncj6e50oa59r9,zipfian,"[""nodabu"",""letumo"",""gumeki"",""digote""]",0.0,1.0,nodabu,kinome,nodabu,kinome,nodabu,nodabu,letumo,gumeki,digote,1,2,157
segmentation_trial,568115,0.0-11.0-0.11,4,"[""gumeki"",""letumo"",""nodabu"",""digote""]",bwncj6e50oa59r9,zipfian,"[""nodabu"",""letumo"",""gumeki"",""digote""]",1.0,1.0,letumo,teguda,teguda,letumo,letumo,nodabu,letumo,gumeki,digote,2,2,115
segmentation_trial,574483,0.0-11.0-0.12,4,"[""gumeki"",""letumo"",""nodabu"",""digote""]",bwncj6e50oa59r9,zipfian,"[""nodabu"",""letumo"",""gumeki"",""digote""]",0.0,0.0,nodabu,moditu,moditu,nodabu,moditu,nodabu,letumo,gumeki,digote,1,2,158
segmentation_trial,581062,0.0-11.0-0.13,4,"[""gumeki"",""letumo"",""nodabu"",""digote""]",bwncj6e50oa59r9,zipfian,"[""nodabu"",""letumo"",""gumeki"",""digote""]",0.0,1.0,digote,bulego,digote,bulego,digote,nodabu,letumo,gumeki,digote,4,2,24
segmentation_trial,588179,0.0-11.0-0.14,4,"[""gumeki"",""letumo"",""nodabu"",""digote""]",bwncj6e50oa59r9,zipfian,"[""nodabu"",""letumo"",""gumeki"",""digote""]",1.0,0.0,gumeki,kinome,gumeki,kinome,kinome,nodabu,letumo,gumeki,digote,3,2,65
segmentation_trial,594234,0.0-11.0-0.15,4,"[""gumeki"",""letumo"",""nodabu"",""digote""]",bwncj6e50oa59r9,zipfian,"[""nodabu"",""letumo"",""gumeki"",""digote""]",0.0,0.0,gumeki,moditu,moditu,gumeki,moditu,nodabu,letumo,gumeki,digote,3,2,66
segmentation_trial,246050,0.0-11.0-0.0,3,"[""nadite"",""lebado"",""bogumi"",""gitoka""]",pfdg20wnvu8zpla,uniform,,0.0,1.0,bogumi,dogiba,bogumi,dogiba,bogumi,,,,,0,2,8
segmentation_trial,251906,0.0-11.0-0.1,3,"[""nadite"",""lebado"",""bogumi"",""gitoka""]",pfdg20wnvu8zpla,uniform,,1.0,1.0,lebado,minato,minato,lebado,lebado,,,,,0,2,106
segmentation_trial,257754,0.0-11.0-0.2,3,"[""nadite"",""lebado"",""bogumi"",""gitoka""]",pfdg20wnvu8zpla,uniform,,1.0,1.0,gitoka,kalegu,kalegu,gitoka,gitoka,,,,,0,2,53
segmentation_trial,263730,0.0-11.0-0.3,3,"[""nadite"",""lebado"",""bogumi"",""gitoka""]",pfdg20wnvu8zpla,uniform,,0.0,1.0,bogumi,tebodi,bogumi,tebodi,bogumi,,,,,0,2,11
segmentation_trial,272730,0.0-11.0-0.4,3,"[""nadite"",""lebado"",""bogumi"",""gitoka""]",pfdg20wnvu8zpla,uniform,,0.0,1.0,nadite,dogiba,nadite,dogiba,nadite,,,,,0,2,144
segmentation_trial,278418,0.0-11.0-0.5,3,"[""nadite"",""lebado"",""bogumi"",""gitoka""]",pfdg20wnvu8zpla,uniform,,1.0,1.0,lebado,kalegu,kalegu,lebado,lebado,,,,,0,2,105
segmentation_trial,284410,0.0-11.0-0.6,3,"[""nadite"",""lebado"",""bogumi"",""gitoka""]",pfdg20wnvu8zpla,uniform,,0.0,1.0,gitoka,tebodi,gitoka,tebodi,gitoka,,,,,0,2,55
segmentation_trial,290738,0.0-11.0-0.7,3,"[""nadite"",""lebado"",""bogumi"",""gitoka""]",pfdg20wnvu8zpla,uniform,,1.0,1.0,nadite,minato,minato,nadite,nadite,,,,,0,2,146
segmentation_trial,296602,0.0-11.0-0.8,3,"[""nadite"",""lebado"",""bogumi"",""gitoka""]",pfdg20wnvu8zpla,uniform,,0.0,1.0,lebado,dogiba,lebado,dogiba,lebado,,,,,0,2,104
segmentation_trial,305266,0.0-11.0-0.9,3,"[""nadite"",""lebado"",""bogumi"",""gitoka""]",pfdg20wnvu8zpla,uniform,,1.0,1.0,nadite,kalegu,kalegu,nadite,nadite,,,,,0,2,145
segmentation_trial,311394,0.0-11.0-0.10,3,"[""nadite"",""lebado"",""bogumi"",""gitoka""]",pfdg20wnvu8zpla,uniform,,0.0,1.0,gitoka,dogiba,gitoka,dogiba,gitoka,,,,,0,2,52
segmentation_trial,317050,0.0-11.0-0.11,3,"[""nadite"",""lebado"",""bogumi"",""gitoka""]",pfdg20wnvu8zpla,uniform,,1.0,1.0,bogumi,minato,minato,bogumi,bogumi,,,,,0,2,10
segmentation_trial,323641,0.0-11.0-0.12,3,"[""nadite"",""lebado"",""bogumi"",""gitoka""]",pfdg20wnvu8zpla,uniform,,0.0,1.0,lebado,tebodi,lebado,tebodi,lebado,,,,,0,2,107
segmentation_trial,331090,0.0-11.0-0.13,3,"[""nadite"",""lebado"",""bogumi"",""gitoka""]",pfdg20wnvu8zpla,uniform,,1.0,1.0,gitoka,minato,minato,gitoka,gitoka,,,,,0,2,54
segmentation_trial,336897,0.0-11.0-0.14,3,"[""nadite"",""lebado"",""bogumi"",""gitoka""]",pfdg20wnvu8zpla,uniform,,1.0,1.0,bogumi,kalegu,kalegu,bogumi,bogumi,,,,,0,2,9
segmentation_trial,342730,0.0-11.0-0.15,3,"[""nadite"",""lebado"",""bogumi"",""gitoka""]",pfdg20wnvu8zpla,uniform,,0.0,1.0,nadite,tebodi,nadite,tebodi,nadite,,,,,0,2,147
segmentation_trial,371605,0.0-11.0-0.0,3,"[""nadite"",""lebado"",""bogumi"",""gitoka""]",62pahf9crgmk61m,zipfian,"[""gitoka"",""nadite"",""lebado"",""bogumi""]",0.0,1.0,lebado,dogiba,lebado,dogiba,lebado,gitoka,nadite,lebado,bogumi,3,2,104
segmentation_trial,378174,0.0-11.0-0.1,3,"[""nadite"",""lebado"",""bogumi"",""gitoka""]",62pahf9crgmk61m,zipfian,"[""gitoka"",""nadite"",""lebado"",""bogumi""]",0.0,1.0,bogumi,tebodi,bogumi,tebodi,bogumi,gitoka,nadite,lebado,bogumi,4,2,11
segmentation_trial,384727,0.0-11.0-0.2,3,"[""nadite"",""lebado"",""bogumi"",""gitoka""]",62pahf9crgmk61m,zipfian,"[""gitoka"",""nadite"",""lebado"",""bogumi""]",1.0,1.0,gitoka,kalegu,kalegu,gitoka,gitoka,gitoka,nadite,lebado,bogumi,1,2,53
segmentation_trial,393073,0.0-11.0-0.3,3,"[""nadite"",""lebado"",""bogumi"",""gitoka""]",62pahf9crgmk61m,zipfian,"[""gitoka"",""nadite"",""lebado"",""bogumi""]",0.0,0.0,lebado,minato,minato,lebado,minato,gitoka,nadite,lebado,bogumi,3,2,106
segmentation_trial,401118,0.0-11.0-0.4,3,"[""nadite"",""lebado"",""bogumi"",""gitoka""]",62pahf9crgmk61m,zipfian,"[""gitoka"",""nadite"",""lebado"",""bogumi""]",0.0,1.0,nadite,tebodi,nadite,tebodi,nadite,gitoka,nadite,lebado,bogumi,2,2,147
segmentation_trial,408252,0.0-11.0-0.5,3,"[""nadite"",""lebado"",""bogumi"",""gitoka""]",62pahf9crgmk61m,zipfian,"[""gitoka"",""nadite"",""lebado"",""bogumi""]",1.0,1.0,gitoka,minato,minato,gitoka,gitoka,gitoka,nadite,lebado,bogumi,1,2,54
segmentation_trial,414768,0.0-11.0-0.6,3,"[""nadite"",""lebado"",""bogumi"",""gitoka""]",62pahf9crgmk61m,zipfian,"[""gitoka"",""nadite"",""lebado"",""bogumi""]",0.0,1.0,lebado,tebodi,lebado,tebodi,lebado,gitoka,nadite,lebado,bogumi,3,2,107
segmentation_trial,421744,0.0-11.0-0.7,3,"[""nadite"",""lebado"",""bogumi"",""gitoka""]",62pahf9crgmk61m,zipfian,"[""gitoka"",""nadite"",""lebado"",""bogumi""]",0.0,0.0,nadite,minato,minato,nadite,minato,gitoka,nadite,lebado,bogumi,2,2,146
segmentation_trial,431837,0.0-11.0-0.8,3,"[""nadite"",""lebado"",""bogumi"",""gitoka""]",62pahf9crgmk61m,zipfian,"[""gitoka"",""nadite"",""lebado"",""bogumi""]",1.0,0.0,gitoka,dogiba,gitoka,dogiba,dogiba,gitoka,nadite,lebado,bogumi,1,2,52
segmentation_trial,438133,0.0-11.0-0.9,3,"[""nadite"",""lebado"",""bogumi"",""gitoka""]",62pahf9crgmk61m,zipfian,"[""gitoka"",""nadite"",""lebado"",""bogumi""]",0.0,0.0,lebado,kalegu,kalegu,lebado,kalegu,gitoka,nadite,lebado,bogumi,3,2,105
segmentation_trial,445496,0.0-11.0-0.10,3,"[""nadite"",""lebado"",""bogumi"",""gitoka""]",62pahf9crgmk61m,zipfian,"[""gitoka"",""nadite"",""lebado"",""bogumi""]",0.0,1.0,nadite,dogiba,nadite,dogiba,nadite,gitoka,nadite,lebado,bogumi,2,2,144
segmentation_trial,452900,0.0-11.0-0.11,3,"[""nadite"",""lebado"",""bogumi"",""gitoka""]",62pahf9crgmk61m,zipfian,"[""gitoka"",""nadite"",""lebado"",""bogumi""]",1.0,1.0,bogumi,kalegu,kalegu,bogumi,bogumi,gitoka,nadite,lebado,bogumi,4,2,9
segmentation_trial,459560,0.0-11.0-0.12,3,"[""nadite"",""lebado"",""bogumi"",""gitoka""]",62pahf9crgmk61m,zipfian,"[""gitoka"",""nadite"",""lebado"",""bogumi""]",1.0,0.0,gitoka,tebodi,gitoka,tebodi,tebodi,gitoka,nadite,lebado,bogumi,1,2,55
segmentation_trial,467494,0.0-11.0-0.13,3,"[""nadite"",""lebado"",""bogumi"",""gitoka""]",62pahf9crgmk61m,zipfian,"[""gitoka"",""nadite"",""lebado"",""bogumi""]",1.0,1.0,nadite,kalegu,kalegu,nadite,nadite,gitoka,nadite,lebado,bogumi,2,2,145
segmentation_trial,476497,0.0-11.0-0.14,3,"[""nadite"",""lebado"",""bogumi"",""gitoka""]",62pahf9crgmk61m,zipfian,"[""gitoka"",""nadite"",""lebado"",""bogumi""]",1.0,0.0,bogumi,dogiba,bogumi,dogiba,dogiba,gitoka,nadite,lebado,bogumi,4,2,8
segmentation_trial,486631,0.0-11.0-0.15,3,"[""nadite"",""lebado"",""bogumi"",""gitoka""]",62pahf9crgmk61m,zipfian,"[""gitoka"",""nadite"",""lebado"",""bogumi""]",1.0,1.0,bogumi,minato,minato,bogumi,bogumi,gitoka,nadite,lebado,bogumi,4,2,10
segmentation_trial,324645,0.0-11.0-0.0,2,"[""binaku"",""temula"",""dokine"",""galedi""]",e8nzwmejs0lh5ug,uniform,,1.0,0.0,galedi,mudile,galedi,mudile,mudile,,,,,0,2,46
segmentation_trial,331513,0.0-11.0-0.1,2,"[""binaku"",""temula"",""dokine"",""galedi""]",e8nzwmejs0lh5ug,uniform,,0.0,1.0,dokine,lakubi,dokine,lakubi,dokine,,,,,0,2,37
segmentation_trial,338135,0.0-11.0-0.2,2,"[""binaku"",""temula"",""dokine"",""galedi""]",e8nzwmejs0lh5ug,uniform,,1.0,1.0,temula,kitena,kitena,temula,temula,,,,,0,2,180
segmentation_trial,345870,0.0-11.0-0.3,2,"[""binaku"",""temula"",""dokine"",""galedi""]",e8nzwmejs0lh5ug,uniform,,1.0,1.0,binaku,negado,negado,binaku,binaku,,,,,0,2,7
segmentation_trial,353696,0.0-11.0-0.4,2,"[""binaku"",""temula"",""dokine"",""galedi""]",e8nzwmejs0lh5ug,uniform,,1.0,0.0,temula,mudile,temula,mudile,mudile,,,,,0,2,182
segmentation_trial,360531,0.0-11.0-0.5,2,"[""binaku"",""temula"",""dokine"",""galedi""]",e8nzwmejs0lh5ug,uniform,,0.0,0.0,binaku,kitena,kitena,binaku,kitena,,,,,0,2,4
segmentation_trial,366822,0.0-11.0-0.6,2,"[""binaku"",""temula"",""dokine"",""galedi""]",e8nzwmejs0lh5ug,uniform,,0.0,1.0,dokine,mudile,dokine,mudile,dokine,,,,,0,2,38
segmentation_trial,373450,0.0-11.0-0.7,2,"[""binaku"",""temula"",""dokine"",""galedi""]",e8nzwmejs0lh5ug,uniform,,0.0,1.0,temula,lakubi,temula,lakubi,temula,,,,,0,2,181
segmentation_trial,379875,0.0-11.0-0.8,2,"[""binaku"",""temula"",""dokine"",""galedi""]",e8nzwmejs0lh5ug,uniform,,1.0,1.0,dokine,kitena,kitena,dokine,dokine,,,,,0,2,36
segmentation_trial,386607,0.0-11.0-0.9,2,"[""binaku"",""temula"",""dokine"",""galedi""]",e8nzwmejs0lh5ug,uniform,,0.0,0.0,galedi,negado,negado,galedi,negado,,,,,0,2,47
segmentation_trial,393290,0.0-11.0-0.10,2,"[""binaku"",""temula"",""dokine"",""galedi""]",e8nzwmejs0lh5ug,uniform,,1.0,0.0,binaku,mudile,binaku,mudile,mudile,,,,,0,2,6
segmentation_trial,399951,0.0-11.0-0.11,2,"[""binaku"",""temula"",""dokine"",""galedi""]",e8nzwmejs0lh5ug,uniform,,0.0,0.0,temula,negado,negado,temula,negado,,,,,0,2,183
segmentation_trial,406707,0.0-11.0-0.12,2,"[""binaku"",""temula"",""dokine"",""galedi""]",e8nzwmejs0lh5ug,uniform,,1.0,1.0,galedi,kitena,kitena,galedi,galedi,,,,,0,2,44
segmentation_trial,413417,0.0-11.0-0.13,2,"[""binaku"",""temula"",""dokine"",""galedi""]",e8nzwmejs0lh5ug,uniform,,0.0,1.0,binaku,lakubi,binaku,lakubi,binaku,,,,,0,2,5
segmentation_trial,419710,0.0-11.0-0.14,2,"[""binaku"",""temula"",""dokine"",""galedi""]",e8nzwmejs0lh5ug,uniform,,1.0,1.0,dokine,negado,negado,dokine,dokine,,,,,0,2,39
segmentation_trial,426202,0.0-11.0-0.15,2,"[""binaku"",""temula"",""dokine"",""galedi""]",e8nzwmejs0lh5ug,uniform,,0.0,1.0,galedi,lakubi,galedi,lakubi,galedi,,,,,0,2,45
segmentation_trial,241552,0.0-11.0-0.0,4,"[""kinome"",""teguda"",""bulego"",""moditu""]",v32uvzdgtxnced3,uniform,,1.0,0.0,teguda,gumeki,teguda,gumeki,gumeki,,,,,0,1,177
segmentation_trial,251608,0.0-11.0-0.1,4,"[""kinome"",""teguda"",""bulego"",""moditu""]",v32uvzdgtxnced3,uniform,,1.0,1.0,kinome,letumo,letumo,kinome,kinome,,,,,0,1,78
segmentation_trial,263852,0.0-11.0-0.2,4,"[""kinome"",""teguda"",""bulego"",""moditu""]",v32uvzdgtxnced3,uniform,,0.0,1.0,moditu,nodabu,moditu,nodabu,moditu,,,,,0,1,135
segmentation_trial,273336,0.0-11.0-0.3,4,"[""kinome"",""teguda"",""bulego"",""moditu""]",v32uvzdgtxnced3,uniform,,0.0,0.0,teguda,digote,digote,teguda,digote,,,,,0,1,176
segmentation_trial,286484,0.0-11.0-0.4,4,"[""kinome"",""teguda"",""bulego"",""moditu""]",v32uvzdgtxnced3,uniform,,0.0,1.0,moditu,gumeki,moditu,gumeki,moditu,,,,,0,1,133
segmentation_trial,293804,0.0-11.0-0.5,4,"[""kinome"",""teguda"",""bulego"",""moditu""]",v32uvzdgtxnced3,uniform,,1.0,1.0,bulego,letumo,letumo,bulego,bulego,,,,,0,1,18
segmentation_trial,300652,0.0-11.0-0.6,4,"[""kinome"",""teguda"",""bulego"",""moditu""]",v32uvzdgtxnced3,uniform,,0.0,1.0,teguda,nodabu,teguda,nodabu,teguda,,,,,0,1,179
segmentation_trial,307196,0.0-11.0-0.7,4,"[""kinome"",""teguda"",""bulego"",""moditu""]",v32uvzdgtxnced3,uniform,,0.0,1.0,bulego,gumeki,bulego,gumeki,bulego,,,,,0,1,17
segmentation_trial,313628,0.0-11.0-0.8,4,"[""kinome"",""teguda"",""bulego"",""moditu""]",v32uvzdgtxnced3,uniform,,0.0,1.0,kinome,nodabu,kinome,nodabu,kinome,,,,,0,1,79
segmentation_trial,328068,0.0-11.0-0.9,4,"[""kinome"",""teguda"",""bulego"",""moditu""]",v32uvzdgtxnced3,uniform,,1.0,1.0,moditu,digote,digote,moditu,moditu,,,,,0,1,132
segmentation_trial,334456,0.0-11.0-0.10,4,"[""kinome"",""teguda"",""bulego"",""moditu""]",v32uvzdgtxnced3,uniform,,1.0,0.0,kinome,gumeki,kinome,gumeki,gumeki,,,,,0,1,77
segmentation_trial,341676,0.0-11.0-0.11,4,"[""kinome"",""teguda"",""bulego"",""moditu""]",v32uvzdgtxnced3,uniform,,1.0,1.0,bulego,digote,digote,bulego,bulego,,,,,0,1,16
segmentation_trial,352832,0.0-11.0-0.12,4,"[""kinome"",""teguda"",""bulego"",""moditu""]",v32uvzdgtxnced3,uniform,,1.0,1.0,teguda,letumo,letumo,teguda,teguda,,,,,0,1,178
segmentation_trial,359524,0.0-11.0-0.13,4,"[""kinome"",""teguda"",""bulego"",""moditu""]",v32uvzdgtxnced3,uniform,,1.0,1.0,kinome,digote,digote,kinome,kinome,,,,,0,1,76
segmentation_trial,365760,0.0-11.0-0.14,4,"[""kinome"",""teguda"",""bulego"",""moditu""]",v32uvzdgtxnced3,uniform,,0.0,1.0,bulego,nodabu,bulego,nodabu,bulego,,,,,0,1,19
segmentation_trial,376920,0.0-11.0-0.15,4,"[""kinome"",""teguda"",""bulego"",""moditu""]",v32uvzdgtxnced3,uniform,,0.0,0.0,moditu,letumo,letumo,moditu,letumo,,,,,0,1,134
segmentation_trial,206061,0.0-11.0-0.0,1,"[""lemaku"",""gibeto"",""bugona"",""dotumi""]",wq0x79r22hynff8,zipfian,"[""lemaku"",""dotumi"",""bugona"",""gibeto""]",0.0,1.0,dotumi,tobuma,dotumi,tobuma,dotumi,lemaku,dotumi,bugona,gibeto,2,2,43
segmentation_trial,212849,0.0-11.0-0.1,1,"[""lemaku"",""gibeto"",""bugona"",""dotumi""]",wq0x79r22hynff8,zipfian,"[""lemaku"",""dotumi"",""bugona"",""gibeto""]",1.0,1.0,bugona,nagitu,nagitu,bugona,bugona,lemaku,dotumi,bugona,gibeto,3,2,14
segmentation_trial,219698,0.0-11.0-0.2,1,"[""lemaku"",""gibeto"",""bugona"",""dotumi""]",wq0x79r22hynff8,zipfian,"[""lemaku"",""dotumi"",""bugona"",""gibeto""]",0.0,1.0,lemaku,tobuma,lemaku,tobuma,lemaku,lemaku,dotumi,bugona,gibeto,1,2,111
segmentation_trial,226302,0.0-11.0-0.3,1,"[""lemaku"",""gibeto"",""bugona"",""dotumi""]",wq0x79r22hynff8,zipfian,"[""lemaku"",""dotumi"",""bugona"",""gibeto""]",1.0,1.0,gibeto,nagitu,nagitu,gibeto,gibeto,lemaku,dotumi,bugona,gibeto,4,2,50
segmentation_trial,233130,0.0-11.0-0.4,1,"[""lemaku"",""gibeto"",""bugona"",""dotumi""]",wq0x79r22hynff8,zipfian,"[""lemaku"",""dotumi"",""bugona"",""gibeto""]",0.0,1.0,bugona,kulego,bugona,kulego,bugona,lemaku,dotumi,bugona,gibeto,3,2,12
segmentation_trial,240983,0.0-11.0-0.5,1,"[""lemaku"",""gibeto"",""bugona"",""dotumi""]",wq0x79r22hynff8,zipfian,"[""lemaku"",""dotumi"",""bugona"",""gibeto""]",1.0,1.0,dotumi,nagitu,nagitu,dotumi,dotumi,lemaku,dotumi,bugona,gibeto,2,2,42
segmentation_trial,247006,0.0-11.0-0.6,1,"[""lemaku"",""gibeto"",""bugona"",""dotumi""]",wq0x79r22hynff8,zipfian,"[""lemaku"",""dotumi"",""bugona"",""gibeto""]",1.0,0.0,gibeto,tobuma,gibeto,tobuma,tobuma,lemaku,dotumi,bugona,gibeto,4,2,51
segmentation_trial,253084,0.0-11.0-0.7,1,"[""lemaku"",""gibeto"",""bugona"",""dotumi""]",wq0x79r22hynff8,zipfian,"[""lemaku"",""dotumi"",""bugona"",""gibeto""]",0.0,1.0,dotumi,kulego,dotumi,kulego,dotumi,lemaku,dotumi,bugona,gibeto,2,2,40
segmentation_trial,260742,0.0-11.0-0.8,1,"[""lemaku"",""gibeto"",""bugona"",""dotumi""]",wq0x79r22hynff8,zipfian,"[""lemaku"",""dotumi"",""bugona"",""gibeto""]",1.0,1.0,lemaku,nagitu,nagitu,lemaku,lemaku,lemaku,dotumi,bugona,gibeto,1,2,110
segmentation_trial,267640,0.0-11.0-0.9,1,"[""lemaku"",""gibeto"",""bugona"",""dotumi""]",wq0x79r22hynff8,zipfian,"[""lemaku"",""dotumi"",""bugona"",""gibeto""]",1.0,1.0,gibeto,midobe,midobe,gibeto,gibeto,lemaku,dotumi,bugona,gibeto,4,2,49
segmentation_trial,274388,0.0-11.0-0.10,1,"[""lemaku"",""gibeto"",""bugona"",""dotumi""]",wq0x79r22hynff8,zipfian,"[""lemaku"",""dotumi"",""bugona"",""gibeto""]",0.0,1.0,bugona,tobuma,bugona,tobuma,bugona,lemaku,dotumi,bugona,gibeto,3,2,15
segmentation_trial,280641,0.0-11.0-0.11,1,"[""lemaku"",""gibeto"",""bugona"",""dotumi""]",wq0x79r22hynff8,zipfian,"[""lemaku"",""dotumi"",""bugona"",""gibeto""]",0.0,1.0,gibeto,kulego,gibeto,kulego,gibeto,lemaku,dotumi,bugona,gibeto,4,2,48
segmentation_trial,287229,0.0-11.0-0.12,1,"[""lemaku"",""gibeto"",""bugona"",""dotumi""]",wq0x79r22hynff8,zipfian,"[""lemaku"",""dotumi"",""bugona"",""gibeto""]",0.0,0.0,lemaku,midobe,midobe,lemaku,midobe,lemaku,dotumi,bugona,gibeto,1,2,109
segmentation_trial,293247,0.0-11.0-0.13,1,"[""lemaku"",""gibeto"",""bugona"",""dotumi""]",wq0x79r22hynff8,zipfian,"[""lemaku"",""dotumi"",""bugona"",""gibeto""]",1.0,1.0,bugona,midobe,midobe,bugona,bugona,lemaku,dotumi,bugona,gibeto,3,2,13
segmentation_trial,299545,0.0-11.0-0.14,1,"[""lemaku"",""gibeto"",""bugona"",""dotumi""]",wq0x79r22hynff8,zipfian,"[""lemaku"",""dotumi"",""bugona"",""gibeto""]",0.0,1.0,lemaku,kulego,lemaku,kulego,lemaku,lemaku,dotumi,bugona,gibeto,1,2,108
segmentation_trial,306988,0.0-11.0-0.15,1,"[""lemaku"",""gibeto"",""bugona"",""dotumi""]",wq0x79r22hynff8,zipfian,"[""lemaku"",""dotumi"",""bugona"",""gibeto""]",0.0,0.0,dotumi,midobe,midobe,dotumi,midobe,lemaku,dotumi,bugona,gibeto,2,2,41
segmentation_trial,224554,0.0-11.0-0.0,4,"[""kinome"",""teguda"",""bulego"",""moditu""]",gns028oebna9j5r,uniform,,0.0,1.0,moditu,nodabu,moditu,nodabu,moditu,,,,,0,1,135
segmentation_trial,231285,0.0-11.0-0.1,4,"[""kinome"",""teguda"",""bulego"",""moditu""]",gns028oebna9j5r,uniform,,0.0,1.0,teguda,gumeki,teguda,gumeki,teguda,,,,,0,1,177
segmentation_trial,237589,0.0-11.0-0.2,4,"[""kinome"",""teguda"",""bulego"",""moditu""]",gns028oebna9j5r,uniform,,0.0,0.0,bulego,digote,digote,bulego,digote,,,,,0,1,16
segmentation_trial,244588,0.0-11.0-0.3,4,"[""kinome"",""teguda"",""bulego"",""moditu""]",gns028oebna9j5r,uniform,,1.0,1.0,moditu,letumo,letumo,moditu,moditu,,,,,0,1,134
segmentation_trial,250907,0.0-11.0-0.4,4,"[""kinome"",""teguda"",""bulego"",""moditu""]",gns028oebna9j5r,uniform,,0.0,1.0,bulego,gumeki,bulego,gumeki,bulego,,,,,0,1,17
segmentation_trial,256794,0.0-11.0-0.5,4,"[""kinome"",""teguda"",""bulego"",""moditu""]",gns028oebna9j5r,uniform,,0.0,0.0,kinome,letumo,letumo,kinome,letumo,,,,,0,1,78
segmentation_trial,262854,0.0-11.0-0.6,4,"[""kinome"",""teguda"",""bulego"",""moditu""]",gns028oebna9j5r,uniform,,0.0,1.0,moditu,gumeki,moditu,gumeki,moditu,,,,,0,1,133
segmentation_trial,268915,0.0-11.0-0.7,4,"[""kinome"",""teguda"",""bulego"",""moditu""]",gns028oebna9j5r,uniform,,0.0,1.0,teguda,nodabu,teguda,nodabu,teguda,,,,,0,1,179
segmentation_trial,276410,0.0-11.0-0.8,4,"[""kinome"",""teguda"",""bulego"",""moditu""]",gns028oebna9j5r,uniform,,0.0,0.0,moditu,digote,digote,moditu,digote,,,,,0,1,132
segmentation_trial,282340,0.0-11.0-0.9,4,"[""kinome"",""teguda"",""bulego"",""moditu""]",gns028oebna9j5r,uniform,,1.0,1.0,teguda,letumo,letumo,teguda,teguda,,,,,0,1,178
segmentation_trial,289180,0.0-11.0-0.10,4,"[""kinome"",""teguda"",""bulego"",""moditu""]",gns028oebna9j5r,uniform,,1.0,1.0,kinome,digote,digote,kinome,kinome,,,,,0,1,76
segmentation_trial,296271,0.0-11.0-0.11,4,"[""kinome"",""teguda"",""bulego"",""moditu""]",gns028oebna9j5r,uniform,,0.0,0.0,bulego,letumo,letumo,bulego,letumo,,,,,0,1,18
segmentation_trial,302575,0.0-11.0-0.12,4,"[""kinome"",""teguda"",""bulego"",""moditu""]",gns028oebna9j5r,uniform,,0.0,1.0,kinome,nodabu,kinome,nodabu,kinome,,,,,0,1,79
segmentation_trial,308797,0.0-11.0-0.13,4,"[""kinome"",""teguda"",""bulego"",""moditu""]",gns028oebna9j5r,uniform,,1.0,1.0,teguda,digote,digote,teguda,teguda,,,,,0,1,176
segmentation_trial,316351,0.0-11.0-0.14,4,"[""kinome"",""teguda"",""bulego"",""moditu""]",gns028oebna9j5r,uniform,,0.0,1.0,kinome,gumeki,kinome,gumeki,kinome,,,,,0,1,77
segmentation_trial,322517,0.0-11.0-0.15,4,"[""kinome"",""teguda"",""bulego"",""moditu""]",gns028oebna9j5r,uniform,,0.0,1.0,bulego,nodabu,bulego,nodabu,bulego,,,,,0,1,19
segmentation_trial,501666,0.0-11.0-0.0,1,"[""lemaku"",""gibeto"",""bugona"",""dotumi""]",4jgxkycmpcsegy3,uniform,,0.0,1.0,lemaku,tobuma,lemaku,tobuma,lemaku,,,,,0,2,111
segmentation_trial,509454,0.0-11.0-0.1,1,"[""lemaku"",""gibeto"",""bugona"",""dotumi""]",4jgxkycmpcsegy3,uniform,,1.0,1.0,dotumi,midobe,midobe,dotumi,dotumi,,,,,0,2,41
segmentation_trial,516271,0.0-11.0-0.2,1,"[""lemaku"",""gibeto"",""bugona"",""dotumi""]",4jgxkycmpcsegy3,uniform,,1.0,1.0,gibeto,nagitu,nagitu,gibeto,gibeto,,,,,0,2,50
segmentation_trial,522864,0.0-11.0-0.3,1,"[""lemaku"",""gibeto"",""bugona"",""dotumi""]",4jgxkycmpcsegy3,uniform,,1.0,0.0,dotumi,tobuma,dotumi,tobuma,tobuma,,,,,0,2,43
segmentation_trial,532022,0.0-11.0-0.4,1,"[""lemaku"",""gibeto"",""bugona"",""dotumi""]",4jgxkycmpcsegy3,uniform,,1.0,1.0,gibeto,midobe,midobe,gibeto,gibeto,,,,,0,2,49
segmentation_trial,539067,0.0-11.0-0.5,1,"[""lemaku"",""gibeto"",""bugona"",""dotumi""]",4jgxkycmpcsegy3,uniform,,1.0,1.0,dotumi,nagitu,nagitu,dotumi,dotumi,,,,,0,2,42
segmentation_trial,547835,0.0-11.0-0.6,1,"[""lemaku"",""gibeto"",""bugona"",""dotumi""]",4jgxkycmpcsegy3,uniform,,1.0,0.0,lemaku,kulego,lemaku,kulego,kulego,,,,,0,2,108
segmentation_trial,555035,0.0-11.0-0.7,1,"[""lemaku"",""gibeto"",""bugona"",""dotumi""]",4jgxkycmpcsegy3,uniform,,0.0,1.0,bugona,tobuma,bugona,tobuma,bugona,,,,,0,2,15
segmentation_trial,563653,0.0-11.0-0.8,1,"[""lemaku"",""gibeto"",""bugona"",""dotumi""]",4jgxkycmpcsegy3,uniform,,1.0,1.0,lemaku,midobe,midobe,lemaku,lemaku,,,,,0,2,109
segmentation_trial,570563,0.0-11.0-0.9,1,"[""lemaku"",""gibeto"",""bugona"",""dotumi""]",4jgxkycmpcsegy3,uniform,,1.0,0.0,dotumi,kulego,dotumi,kulego,kulego,,,,,0,2,40
segmentation_trial,576612,0.0-11.0-0.10,1,"[""lemaku"",""gibeto"",""bugona"",""dotumi""]",4jgxkycmpcsegy3,uniform,,1.0,1.0,lemaku,nagitu,nagitu,lemaku,lemaku,,,,,0,2,110
segmentation_trial,584142,0.0-11.0-0.11,1,"[""lemaku"",""gibeto"",""bugona"",""dotumi""]",4jgxkycmpcsegy3,uniform,,1.0,1.0,bugona,midobe,midobe,bugona,bugona,,,,,0,2,13
segmentation_trial,591019,0.0-11.0-0.12,1,"[""lemaku"",""gibeto"",""bugona"",""dotumi""]",4jgxkycmpcsegy3,uniform,,1.0,0.0,gibeto,tobuma,gibeto,tobuma,tobuma,,,,,0,2,51
segmentation_trial,599225,0.0-11.0-0.13,1,"[""lemaku"",""gibeto"",""bugona"",""dotumi""]",4jgxkycmpcsegy3,uniform,,1.0,0.0,bugona,kulego,bugona,kulego,kulego,,,,,0,2,12
segmentation_trial,605334,0.0-11.0-0.14,1,"[""lemaku"",""gibeto"",""bugona"",""dotumi""]",4jgxkycmpcsegy3,uniform,,1.0,0.0,gibeto,kulego,gibeto,kulego,kulego,,,,,0,2,48
segmentation_trial,610934,0.0-11.0-0.15,1,"[""lemaku"",""gibeto"",""bugona"",""dotumi""]",4jgxkycmpcsegy3,uniform,,1.0,1.0,bugona,nagitu,nagitu,bugona,bugona,,,,,0,2,14
segmentation_trial,267152,0.0-11.0-0.0,3,"[""dogiba"",""kalegu"",""tebodi"",""minato""]",ps0gpwd7t444ty2,zipfian,"[""dogiba"",""tebodi"",""kalegu"",""minato""]",0.0,0.0,tebodi,gitoka,gitoka,tebodi,gitoka,dogiba,tebodi,kalegu,minato,2,1,169
segmentation_trial,273440,0.0-11.0-0.1,3,"[""dogiba"",""kalegu"",""tebodi"",""minato""]",ps0gpwd7t444ty2,zipfian,"[""dogiba"",""tebodi"",""kalegu"",""minato""]",0.0,1.0,dogiba,nadite,dogiba,nadite,dogiba,dogiba,tebodi,kalegu,minato,1,1,35
segmentation_trial,280848,0.0-11.0-0.2,3,"[""dogiba"",""kalegu"",""tebodi"",""minato""]",ps0gpwd7t444ty2,zipfian,"[""dogiba"",""tebodi"",""kalegu"",""minato""]",1.0,1.0,tebodi,lebado,lebado,tebodi,tebodi,dogiba,tebodi,kalegu,minato,2,1,170
segmentation_trial,287480,0.0-11.0-0.3,3,"[""dogiba"",""kalegu"",""tebodi"",""minato""]",ps0gpwd7t444ty2,zipfian,"[""dogiba"",""tebodi"",""kalegu"",""minato""]",0.0,1.0,kalegu,nadite,kalegu,nadite,kalegu,dogiba,tebodi,kalegu,minato,3,1,71
segmentation_trial,293951,0.0-11.0-0.4,3,"[""dogiba"",""kalegu"",""tebodi"",""minato""]",ps0gpwd7t444ty2,zipfian,"[""dogiba"",""tebodi"",""kalegu"",""minato""]",1.0,1.0,dogiba,lebado,lebado,dogiba,dogiba,dogiba,tebodi,kalegu,minato,1,1,34
segmentation_trial,299904,0.0-11.0-0.5,3,"[""dogiba"",""kalegu"",""tebodi"",""minato""]",ps0gpwd7t444ty2,zipfian,"[""dogiba"",""tebodi"",""kalegu"",""minato""]",0.0,0.0,minato,gitoka,gitoka,minato,gitoka,dogiba,tebodi,kalegu,minato,4,1,129
segmentation_trial,306480,0.0-11.0-0.6,3,"[""dogiba"",""kalegu"",""tebodi"",""minato""]",ps0gpwd7t444ty2,zipfian,"[""dogiba"",""tebodi"",""kalegu"",""minato""]",0.0,0.0,kalegu,lebado,lebado,kalegu,lebado,dogiba,tebodi,kalegu,minato,3,1,70
segmentation_trial,312544,0.0-11.0-0.7,3,"[""dogiba"",""kalegu"",""tebodi"",""minato""]",ps0gpwd7t444ty2,zipfian,"[""dogiba"",""tebodi"",""kalegu"",""minato""]",1.0,0.0,minato,bogumi,minato,bogumi,bogumi,dogiba,tebodi,kalegu,minato,4,1,128
segmentation_trial,318504,0.0-11.0-0.8,3,"[""dogiba"",""kalegu"",""tebodi"",""minato""]",ps0gpwd7t444ty2,zipfian,"[""dogiba"",""tebodi"",""kalegu"",""minato""]",0.0,0.0,kalegu,gitoka,gitoka,kalegu,gitoka,dogiba,tebodi,kalegu,minato,3,1,69
segmentation_trial,324608,0.0-11.0-0.9,3,"[""dogiba"",""kalegu"",""tebodi"",""minato""]",ps0gpwd7t444ty2,zipfian,"[""dogiba"",""tebodi"",""kalegu"",""minato""]",0.0,1.0,tebodi,bogumi,tebodi,bogumi,tebodi,dogiba,tebodi,kalegu,minato,2,1,168
segmentation_trial,330744,0.0-11.0-0.10,3,"[""dogiba"",""kalegu"",""tebodi"",""minato""]",ps0gpwd7t444ty2,zipfian,"[""dogiba"",""tebodi"",""kalegu"",""minato""]",0.0,0.0,dogiba,gitoka,gitoka,dogiba,gitoka,dogiba,tebodi,kalegu,minato,1,1,33
segmentation_trial,337472,0.0-11.0-0.11,3,"[""dogiba"",""kalegu"",""tebodi"",""minato""]",ps0gpwd7t444ty2,zipfian,"[""dogiba"",""tebodi"",""kalegu"",""minato""]",0.0,1.0,minato,nadite,minato,nadite,minato,dogiba,tebodi,kalegu,minato,4,1,131
segmentation_trial,343728,0.0-11.0-0.12,3,"[""dogiba"",""kalegu"",""tebodi"",""minato""]",ps0gpwd7t444ty2,zipfian,"[""dogiba"",""tebodi"",""kalegu"",""minato""]",0.0,1.0,kalegu,bogumi,kalegu,bogumi,kalegu,dogiba,tebodi,kalegu,minato,3,1,68
segmentation_trial,351728,0.0-11.0-0.13,3,"[""dogiba"",""kalegu"",""tebodi"",""minato""]",ps0gpwd7t444ty2,zipfian,"[""dogiba"",""tebodi"",""kalegu"",""minato""]",0.0,0.0,minato,lebado,lebado,minato,lebado,dogiba,tebodi,kalegu,minato,4,1,130
segmentation_trial,357640,0.0-11.0-0.14,3,"[""dogiba"",""kalegu"",""tebodi"",""minato""]",ps0gpwd7t444ty2,zipfian,"[""dogiba"",""tebodi"",""kalegu"",""minato""]",1.0,0.0,tebodi,nadite,tebodi,nadite,nadite,dogiba,tebodi,kalegu,minato,2,1,171
segmentation_trial,364327,0.0-11.0-0.15,3,"[""dogiba"",""kalegu"",""tebodi"",""minato""]",ps0gpwd7t444ty2,zipfian,"[""dogiba"",""tebodi"",""kalegu"",""minato""]",0.0,1.0,dogiba,bogumi,dogiba,bogumi,dogiba,dogiba,tebodi,kalegu,minato,1,1,32
segmentation_trial,321465,0.0-11.0-0.0,3,"[""nadite"",""lebado"",""bogumi"",""gitoka""]",smyeajxvr5u68ch,zipfian,"[""nadite"",""gitoka"",""lebado"",""bogumi""]",1.0,1.0,gitoka,kalegu,kalegu,gitoka,gitoka,nadite,gitoka,lebado,bogumi,2,2,53
segmentation_trial,328126,0.0-11.0-0.1,3,"[""nadite"",""lebado"",""bogumi"",""gitoka""]",smyeajxvr5u68ch,zipfian,"[""nadite"",""gitoka"",""lebado"",""bogumi""]",1.0,1.0,nadite,minato,minato,nadite,nadite,nadite,gitoka,lebado,bogumi,1,2,146
segmentation_trial,334192,0.0-11.0-0.2,3,"[""nadite"",""lebado"",""bogumi"",""gitoka""]",smyeajxvr5u68ch,zipfian,"[""nadite"",""gitoka"",""lebado"",""bogumi""]",0.0,1.0,lebado,tebodi,lebado,tebodi,lebado,nadite,gitoka,lebado,bogumi,3,2,107
segmentation_trial,340376,0.0-11.0-0.3,3,"[""nadite"",""lebado"",""bogumi"",""gitoka""]",smyeajxvr5u68ch,zipfian,"[""nadite"",""gitoka"",""lebado"",""bogumi""]",1.0,1.0,nadite,kalegu,kalegu,nadite,nadite,nadite,gitoka,lebado,bogumi,1,2,145
segmentation_trial,346663,0.0-11.0-0.4,3,"[""nadite"",""lebado"",""bogumi"",""gitoka""]",smyeajxvr5u68ch,zipfian,"[""nadite"",""gitoka"",""lebado"",""bogumi""]",0.0,1.0,gitoka,tebodi,gitoka,tebodi,gitoka,nadite,gitoka,lebado,bogumi,2,2,55
segmentation_trial,352851,0.0-11.0-0.5,3,"[""nadite"",""lebado"",""bogumi"",""gitoka""]",smyeajxvr5u68ch,zipfian,"[""nadite"",""gitoka"",""lebado"",""bogumi""]",0.0,1.0,bogumi,dogiba,bogumi,dogiba,bogumi,nadite,gitoka,lebado,bogumi,4,2,8
segmentation_trial,359200,0.0-11.0-0.6,3,"[""nadite"",""lebado"",""bogumi"",""gitoka""]",smyeajxvr5u68ch,zipfian,"[""nadite"",""gitoka"",""lebado"",""bogumi""]",1.0,1.0,lebado,kalegu,kalegu,lebado,lebado,nadite,gitoka,lebado,bogumi,3,2,105
segmentation_trial,365324,0.0-11.0-0.7,3,"[""nadite"",""lebado"",""bogumi"",""gitoka""]",smyeajxvr5u68ch,zipfian,"[""nadite"",""gitoka"",""lebado"",""bogumi""]",0.0,1.0,nadite,tebodi,nadite,tebodi,nadite,nadite,gitoka,lebado,bogumi,1,2,147
segmentation_trial,371326,0.0-11.0-0.8,3,"[""nadite"",""lebado"",""bogumi"",""gitoka""]",smyeajxvr5u68ch,zipfian,"[""nadite"",""gitoka"",""lebado"",""bogumi""]",0.0,1.0,lebado,dogiba,lebado,dogiba,lebado,nadite,gitoka,lebado,bogumi,3,2,104
segmentation_trial,377551,0.0-11.0-0.9,3,"[""nadite"",""lebado"",""bogumi"",""gitoka""]",smyeajxvr5u68ch,zipfian,"[""nadite"",""gitoka"",""lebado"",""bogumi""]",1.0,1.0,bogumi,minato,minato,bogumi,bogumi,nadite,gitoka,lebado,bogumi,4,2,10
segmentation_trial,383659,0.0-11.0-0.10,3,"[""nadite"",""lebado"",""bogumi"",""gitoka""]",smyeajxvr5u68ch,zipfian,"[""nadite"",""gitoka"",""lebado"",""bogumi""]",0.0,1.0,gitoka,dogiba,gitoka,dogiba,gitoka,nadite,gitoka,lebado,bogumi,2,2,52
segmentation_trial,389827,0.0-11.0-0.11,3,"[""nadite"",""lebado"",""bogumi"",""gitoka""]",smyeajxvr5u68ch,zipfian,"[""nadite"",""gitoka"",""lebado"",""bogumi""]",1.0,1.0,lebado,minato,minato,lebado,lebado,nadite,gitoka,lebado,bogumi,3,2,106
segmentation_trial,396059,0.0-11.0-0.12,3,"[""nadite"",""lebado"",""bogumi"",""gitoka""]",smyeajxvr5u68ch,zipfian,"[""nadite"",""gitoka"",""lebado"",""bogumi""]",1.0,1.0,bogumi,kalegu,kalegu,bogumi,bogumi,nadite,gitoka,lebado,bogumi,4,2,9
segmentation_trial,402302,0.0-11.0-0.13,3,"[""nadite"",""lebado"",""bogumi"",""gitoka""]",smyeajxvr5u68ch,zipfian,"[""nadite"",""gitoka"",""lebado"",""bogumi""]",1.0,1.0,gitoka,minato,minato,gitoka,gitoka,nadite,gitoka,lebado,bogumi,2,2,54
segmentation_trial,409548,0.0-11.0-0.14,3,"[""nadite"",""lebado"",""bogumi"",""gitoka""]",smyeajxvr5u68ch,zipfian,"[""nadite"",""gitoka"",""lebado"",""bogumi""]",0.0,1.0,bogumi,tebodi,bogumi,tebodi,bogumi,nadite,gitoka,lebado,bogumi,4,2,11
segmentation_trial,416040,0.0-11.0-0.15,3,"[""nadite"",""lebado"",""bogumi"",""gitoka""]",smyeajxvr5u68ch,zipfian,"[""nadite"",""gitoka"",""lebado"",""bogumi""]",0.0,1.0,nadite,dogiba,nadite,dogiba,nadite,nadite,gitoka,lebado,bogumi,1,2,144
segmentation_trial,423020,0.0-11.0-0.0,2,"[""lakubi"",""negado"",""mudile"",""kitena""]",drhvam3pxh17ufx,zipfian,"[""mudile"",""negado"",""lakubi"",""kitena""]",0.0,1.0,negado,dokine,negado,dokine,negado,mudile,negado,lakubi,kitena,2,1,153
segmentation_trial,429219,0.0-11.0-0.1,2,"[""lakubi"",""negado"",""mudile"",""kitena""]",drhvam3pxh17ufx,zipfian,"[""mudile"",""negado"",""lakubi"",""kitena""]",1.0,1.0,lakubi,temula,temula,lakubi,lakubi,mudile,negado,lakubi,kitena,3,1,99
segmentation_trial,435701,0.0-11.0-0.2,2,"[""lakubi"",""negado"",""mudile"",""kitena""]",drhvam3pxh17ufx,zipfian,"[""mudile"",""negado"",""lakubi"",""kitena""]",0.0,1.0,kitena,dokine,kitena,dokine,kitena,mudile,negado,lakubi,kitena,4,1,81
segmentation_trial,441836,0.0-11.0-0.3,2,"[""lakubi"",""negado"",""mudile"",""kitena""]",drhvam3pxh17ufx,zipfian,"[""mudile"",""negado"",""lakubi"",""kitena""]",1.0,1.0,negado,galedi,galedi,negado,negado,mudile,negado,lakubi,kitena,2,1,154
segmentation_trial,448302,0.0-11.0-0.4,2,"[""lakubi"",""negado"",""mudile"",""kitena""]",drhvam3pxh17ufx,zipfian,"[""mudile"",""negado"",""lakubi"",""kitena""]",1.0,1.0,kitena,temula,temula,kitena,kitena,mudile,negado,lakubi,kitena,4,1,83
segmentation_trial,454219,0.0-11.0-0.5,2,"[""lakubi"",""negado"",""mudile"",""kitena""]",drhvam3pxh17ufx,zipfian,"[""mudile"",""negado"",""lakubi"",""kitena""]",0.0,1.0,lakubi,dokine,lakubi,dokine,lakubi,mudile,negado,lakubi,kitena,3,1,97
segmentation_trial,460102,0.0-11.0-0.6,2,"[""lakubi"",""negado"",""mudile"",""kitena""]",drhvam3pxh17ufx,zipfian,"[""mudile"",""negado"",""lakubi"",""kitena""]",1.0,1.0,negado,temula,temula,negado,negado,mudile,negado,lakubi,kitena,2,1,155
segmentation_trial,466002,0.0-11.0-0.7,2,"[""lakubi"",""negado"",""mudile"",""kitena""]",drhvam3pxh17ufx,zipfian,"[""mudile"",""negado"",""lakubi"",""kitena""]",0.0,1.0,mudile,dokine,mudile,dokine,mudile,mudile,negado,lakubi,kitena,1,1,141
segmentation_trial,471569,0.0-11.0-0.8,2,"[""lakubi"",""negado"",""mudile"",""kitena""]",drhvam3pxh17ufx,zipfian,"[""mudile"",""negado"",""lakubi"",""kitena""]",1.0,1.0,kitena,galedi,galedi,kitena,kitena,mudile,negado,lakubi,kitena,4,1,82
segmentation_trial,477486,0.0-11.0-0.9,2,"[""lakubi"",""negado"",""mudile"",""kitena""]",drhvam3pxh17ufx,zipfian,"[""mudile"",""negado"",""lakubi"",""kitena""]",0.0,1.0,negado,binaku,negado,binaku,negado,mudile,negado,lakubi,kitena,2,1,152
segmentation_trial,483152,0.0-11.0-0.10,2,"[""lakubi"",""negado"",""mudile"",""kitena""]",drhvam3pxh17ufx,zipfian,"[""mudile"",""negado"",""lakubi"",""kitena""]",1.0,1.0,mudile,galedi,galedi,mudile,mudile,mudile,negado,lakubi,kitena,1,1,142
segmentation_trial,489452,0.0-11.0-0.11,2,"[""lakubi"",""negado"",""mudile"",""kitena""]",drhvam3pxh17ufx,zipfian,"[""mudile"",""negado"",""lakubi"",""kitena""]",0.0,1.0,kitena,binaku,kitena,binaku,kitena,mudile,negado,lakubi,kitena,4,1,80
segmentation_trial,495002,0.0-11.0-0.12,2,"[""lakubi"",""negado"",""mudile"",""kitena""]",drhvam3pxh17ufx,zipfian,"[""mudile"",""negado"",""lakubi"",""kitena""]",1.0,1.0,mudile,temula,temula,mudile,mudile,mudile,negado,lakubi,kitena,1,1,143
segmentation_trial,501036,0.0-11.0-0.13,2,"[""lakubi"",""negado"",""mudile"",""kitena""]",drhvam3pxh17ufx,zipfian,"[""mudile"",""negado"",""lakubi"",""kitena""]",0.0,1.0,lakubi,binaku,lakubi,binaku,lakubi,mudile,negado,lakubi,kitena,3,1,96
segmentation_trial,506669,0.0-11.0-0.14,2,"[""lakubi"",""negado"",""mudile"",""kitena""]",drhvam3pxh17ufx,zipfian,"[""mudile"",""negado"",""lakubi"",""kitena""]",0.0,1.0,mudile,binaku,mudile,binaku,mudile,mudile,negado,lakubi,kitena,1,1,140
segmentation_trial,512969,0.0-11.0-0.15,2,"[""lakubi"",""negado"",""mudile"",""kitena""]",drhvam3pxh17ufx,zipfian,"[""mudile"",""negado"",""lakubi"",""kitena""]",1.0,1.0,lakubi,galedi,galedi,lakubi,lakubi,mudile,negado,lakubi,kitena,3,1,98
segmentation_trial,243354,0.0-11.0-0.0,4,"[""kinome"",""teguda"",""bulego"",""moditu""]",jcl1v2slwjgtcjm,zipfian,"[""moditu"",""bulego"",""teguda"",""kinome""]",0.0,1.0,moditu,gumeki,moditu,gumeki,moditu,moditu,bulego,teguda,kinome,1,1,133
segmentation_trial,250850,0.0-11.0-0.1,4,"[""kinome"",""teguda"",""bulego"",""moditu""]",jcl1v2slwjgtcjm,zipfian,"[""moditu"",""bulego"",""teguda"",""kinome""]",1.0,1.0,bulego,digote,digote,bulego,bulego,moditu,bulego,teguda,kinome,2,1,16
segmentation_trial,258323,0.0-11.0-0.2,4,"[""kinome"",""teguda"",""bulego"",""moditu""]",jcl1v2slwjgtcjm,zipfian,"[""moditu"",""bulego"",""teguda"",""kinome""]",1.0,1.0,kinome,letumo,letumo,kinome,kinome,moditu,bulego,teguda,kinome,4,1,78
segmentation_trial,265499,0.0-11.0-0.3,4,"[""kinome"",""teguda"",""bulego"",""moditu""]",jcl1v2slwjgtcjm,zipfian,"[""moditu"",""bulego"",""teguda"",""kinome""]",0.0,1.0,bulego,nodabu,bulego,nodabu,bulego,moditu,bulego,teguda,kinome,2,1,19
segmentation_trial,272891,0.0-11.0-0.4,4,"[""kinome"",""teguda"",""bulego"",""moditu""]",jcl1v2slwjgtcjm,zipfian,"[""moditu"",""bulego"",""teguda"",""kinome""]",1.0,0.0,teguda,gumeki,teguda,gumeki,gumeki,moditu,bulego,teguda,kinome,3,1,177
segmentation_trial,280468,0.0-11.0-0.5,4,"[""kinome"",""teguda"",""bulego"",""moditu""]",jcl1v2slwjgtcjm,zipfian,"[""moditu"",""bulego"",""teguda"",""kinome""]",1.0,1.0,kinome,digote,digote,kinome,kinome,moditu,bulego,teguda,kinome,4,1,76
segmentation_trial,287748,0.0-11.0-0.6,4,"[""kinome"",""teguda"",""bulego"",""moditu""]",jcl1v2slwjgtcjm,zipfian,"[""moditu"",""bulego"",""teguda"",""kinome""]",0.0,0.0,teguda,letumo,letumo,teguda,letumo,moditu,bulego,teguda,kinome,3,1,178
segmentation_trial,294972,0.0-11.0-0.7,4,"[""kinome"",""teguda"",""bulego"",""moditu""]",jcl1v2slwjgtcjm,zipfian,"[""moditu"",""bulego"",""teguda"",""kinome""]",0.0,1.0,kinome,nodabu,kinome,nodabu,kinome,moditu,bulego,teguda,kinome,4,1,79
segmentation_trial,302804,0.0-11.0-0.8,4,"[""kinome"",""teguda"",""bulego"",""moditu""]",jcl1v2slwjgtcjm,zipfian,"[""moditu"",""bulego"",""teguda"",""kinome""]",1.0,1.0,moditu,letumo,letumo,moditu,moditu,moditu,bulego,teguda,kinome,1,1,134
segmentation_trial,309613,0.0-11.0-0.9,4,"[""kinome"",""teguda"",""bulego"",""moditu""]",jcl1v2slwjgtcjm,zipfian,"[""moditu"",""bulego"",""teguda"",""kinome""]",0.0,1.0,kinome,gumeki,kinome,gumeki,kinome,moditu,bulego,teguda,kinome,4,1,77
segmentation_trial,316869,0.0-11.0-0.10,4,"[""kinome"",""teguda"",""bulego"",""moditu""]",jcl1v2slwjgtcjm,zipfian,"[""moditu"",""bulego"",""teguda"",""kinome""]",1.0,1.0,teguda,digote,digote,teguda,teguda,moditu,bulego,teguda,kinome,3,1,176
segmentation_trial,323797,0.0-11.0-0.11,4,"[""kinome"",""teguda"",""bulego"",""moditu""]",jcl1v2slwjgtcjm,zipfian,"[""moditu"",""bulego"",""teguda"",""kinome""]",0.0,1.0,moditu,nodabu,moditu,nodabu,moditu,moditu,bulego,teguda,kinome,1,1,135
segmentation_trial,331366,0.0-11.0-0.12,4,"[""kinome"",""teguda"",""bulego"",""moditu""]",jcl1v2slwjgtcjm,zipfian,"[""moditu"",""bulego"",""teguda"",""kinome""]",0.0,1.0,bulego,gumeki,bulego,gumeki,bulego,moditu,bulego,teguda,kinome,2,1,17
segmentation_trial,337830,0.0-11.0-0.13,4,"[""kinome"",""teguda"",""bulego"",""moditu""]",jcl1v2slwjgtcjm,zipfian,"[""moditu"",""bulego"",""teguda"",""kinome""]",0.0,1.0,teguda,nodabu,teguda,nodabu,teguda,moditu,bulego,teguda,kinome,3,1,179
segmentation_trial,344750,0.0-11.0-0.14,4,"[""kinome"",""teguda"",""bulego"",""moditu""]",jcl1v2slwjgtcjm,zipfian,"[""moditu"",""bulego"",""teguda"",""kinome""]",0.0,0.0,bulego,letumo,letumo,bulego,letumo,moditu,bulego,teguda,kinome,2,1,18
segmentation_trial,352567,0.0-11.0-0.15,4,"[""kinome"",""teguda"",""bulego"",""moditu""]",jcl1v2slwjgtcjm,zipfian,"[""moditu"",""bulego"",""teguda"",""kinome""]",0.0,0.0,moditu,digote,digote,moditu,digote,moditu,bulego,teguda,kinome,1,1,132
segmentation_trial,219304,0.0-11.0-0.0,6,"[""bimegu"",""tegoma"",""kudino"",""labude""]",l9k7chom84dn2jt,uniform,,0.0,1.0,labude,mekugo,labude,mekugo,labude,,,,,0,2,94
segmentation_trial,226012,0.0-11.0-0.1,6,"[""bimegu"",""tegoma"",""kudino"",""labude""]",l9k7chom84dn2jt,uniform,,0.0,0.0,tegoma,dimate,dimate,tegoma,dimate,,,,,0,2,172
segmentation_trial,232740,0.0-11.0-0.2,6,"[""bimegu"",""tegoma"",""kudino"",""labude""]",l9k7chom84dn2jt,uniform,,0.0,1.0,kudino,nodebu,kudino,nodebu,kudino,,,,,0,2,87
segmentation_trial,239840,0.0-11.0-0.3,6,"[""bimegu"",""tegoma"",""kudino"",""labude""]",l9k7chom84dn2jt,uniform,,0.0,0.0,tegoma,gubila,gubila,tegoma,gubila,,,,,0,2,173
segmentation_trial,248162,0.0-11.0-0.4,6,"[""bimegu"",""tegoma"",""kudino"",""labude""]",l9k7chom84dn2jt,uniform,,0.0,0.0,bimegu,dimate,dimate,bimegu,dimate,,,,,0,2,0
segmentation_trial,256106,0.0-11.0-0.5,6,"[""bimegu"",""tegoma"",""kudino"",""labude""]",l9k7chom84dn2jt,uniform,,1.0,0.0,labude,nodebu,labude,nodebu,nodebu,,,,,0,2,95
segmentation_trial,262938,0.0-11.0-0.6,6,"[""bimegu"",""tegoma"",""kudino"",""labude""]",l9k7chom84dn2jt,uniform,,0.0,1.0,kudino,mekugo,kudino,mekugo,kudino,,,,,0,2,86
segmentation_trial,270542,0.0-11.0-0.7,6,"[""bimegu"",""tegoma"",""kudino"",""labude""]",l9k7chom84dn2jt,uniform,,0.0,0.0,bimegu,gubila,gubila,bimegu,gubila,,,,,0,2,1
segmentation_trial,278020,0.0-11.0-0.8,6,"[""bimegu"",""tegoma"",""kudino"",""labude""]",l9k7chom84dn2jt,uniform,,0.0,0.0,kudino,dimate,dimate,kudino,dimate,,,,,0,2,84
segmentation_trial,284936,0.0-11.0-0.9,6,"[""bimegu"",""tegoma"",""kudino"",""labude""]",l9k7chom84dn2jt,uniform,,1.0,0.0,tegoma,mekugo,tegoma,mekugo,mekugo,,,,,0,2,174
segmentation_trial,294514,0.0-11.0-0.10,6,"[""bimegu"",""tegoma"",""kudino"",""labude""]",l9k7chom84dn2jt,uniform,,0.0,1.0,bimegu,nodebu,bimegu,nodebu,bimegu,,,,,0,2,3
segmentation_trial,302080,0.0-11.0-0.11,6,"[""bimegu"",""tegoma"",""kudino"",""labude""]",l9k7chom84dn2jt,uniform,,0.0,0.0,kudino,gubila,gubila,kudino,gubila,,,,,0,2,85
segmentation_trial,309092,0.0-11.0-0.12,6,"[""bimegu"",""tegoma"",""kudino"",""labude""]",l9k7chom84dn2jt,uniform,,0.0,0.0,labude,dimate,dimate,labude,dimate,,,,,0,2,92
segmentation_trial,317046,0.0-11.0-0.13,6,"[""bimegu"",""tegoma"",""kudino"",""labude""]",l9k7chom84dn2jt,uniform,,1.0,0.0,tegoma,nodebu,tegoma,nodebu,nodebu,,,,,0,2,175
segmentation_trial,324452,0.0-11.0-0.14,6,"[""bimegu"",""tegoma"",""kudino"",""labude""]",l9k7chom84dn2jt,uniform,,0.0,1.0,bimegu,mekugo,bimegu,mekugo,bimegu,,,,,0,2,2
segmentation_trial,331818,0.0-11.0-0.15,6,"[""bimegu"",""tegoma"",""kudino"",""labude""]",l9k7chom84dn2jt,uniform,,0.0,0.0,labude,gubila,gubila,labude,gubila,,,,,0,2,93
segmentation_trial,232998,0.0-11.0-0.0,6,"[""nodebu"",""dimate"",""mekugo"",""gubila""]",3ejaxvyrbg6k1v3,zipfian,"[""gubila"",""nodebu"",""dimate"",""mekugo""]",1.0,1.0,dimate,labude,labude,dimate,dimate,gubila,nodebu,dimate,mekugo,3,1,30
segmentation_trial,239570,0.0-11.0-0.1,6,"[""nodebu"",""dimate"",""mekugo"",""gubila""]",3ejaxvyrbg6k1v3,zipfian,"[""gubila"",""nodebu"",""dimate"",""mekugo""]",0.0,0.0,nodebu,tegoma,tegoma,nodebu,tegoma,gubila,nodebu,dimate,mekugo,2,1,163
segmentation_trial,245691,0.0-11.0-0.2,6,"[""nodebu"",""dimate"",""mekugo"",""gubila""]",3ejaxvyrbg6k1v3,zipfian,"[""gubila"",""nodebu"",""dimate"",""mekugo""]",1.0,1.0,gubila,labude,labude,gubila,gubila,gubila,nodebu,dimate,mekugo,1,1,58
segmentation_trial,254771,0.0-11.0-0.3,6,"[""nodebu"",""dimate"",""mekugo"",""gubila""]",3ejaxvyrbg6k1v3,zipfian,"[""gubila"",""nodebu"",""dimate"",""mekugo""]",1.0,1.0,dimate,tegoma,tegoma,dimate,dimate,gubila,nodebu,dimate,mekugo,3,1,31
segmentation_trial,260972,0.0-11.0-0.4,6,"[""nodebu"",""dimate"",""mekugo"",""gubila""]",3ejaxvyrbg6k1v3,zipfian,"[""gubila"",""nodebu"",""dimate"",""mekugo""]",0.0,1.0,gubila,bimegu,gubila,bimegu,gubila,gubila,nodebu,dimate,mekugo,1,1,56
segmentation_trial,267600,0.0-11.0-0.5,6,"[""nodebu"",""dimate"",""mekugo"",""gubila""]",3ejaxvyrbg6k1v3,zipfian,"[""gubila"",""nodebu"",""dimate"",""mekugo""]",0.0,0.0,mekugo,labude,labude,mekugo,labude,gubila,nodebu,dimate,mekugo,4,1,122
segmentation_trial,273844,0.0-11.0-0.6,6,"[""nodebu"",""dimate"",""mekugo"",""gubila""]",3ejaxvyrbg6k1v3,zipfian,"[""gubila"",""nodebu"",""dimate"",""mekugo""]",0.0,1.0,dimate,kudino,dimate,kudino,dimate,gubila,nodebu,dimate,mekugo,3,1,29
segmentation_trial,280171,0.0-11.0-0.7,6,"[""nodebu"",""dimate"",""mekugo"",""gubila""]",3ejaxvyrbg6k1v3,zipfian,"[""gubila"",""nodebu"",""dimate"",""mekugo""]",0.0,0.0,nodebu,labude,labude,nodebu,labude,gubila,nodebu,dimate,mekugo,2,1,162
segmentation_trial,286191,0.0-11.0-0.8,6,"[""nodebu"",""dimate"",""mekugo"",""gubila""]",3ejaxvyrbg6k1v3,zipfian,"[""gubila"",""nodebu"",""dimate"",""mekugo""]",1.0,1.0,gubila,tegoma,tegoma,gubila,gubila,gubila,nodebu,dimate,mekugo,1,1,59
segmentation_trial,293298,0.0-11.0-0.9,6,"[""nodebu"",""dimate"",""mekugo"",""gubila""]",3ejaxvyrbg6k1v3,zipfian,"[""gubila"",""nodebu"",""dimate"",""mekugo""]",1.0,0.0,mekugo,kudino,mekugo,kudino,kudino,gubila,nodebu,dimate,mekugo,4,1,121
segmentation_trial,299807,0.0-11.0-0.10,6,"[""nodebu"",""dimate"",""mekugo"",""gubila""]",3ejaxvyrbg6k1v3,zipfian,"[""gubila"",""nodebu"",""dimate"",""mekugo""]",0.0,1.0,dimate,bimegu,dimate,bimegu,dimate,gubila,nodebu,dimate,mekugo,3,1,28
segmentation_trial,305875,0.0-11.0-0.11,6,"[""nodebu"",""dimate"",""mekugo"",""gubila""]",3ejaxvyrbg6k1v3,zipfian,"[""gubila"",""nodebu"",""dimate"",""mekugo""]",0.0,1.0,gubila,kudino,gubila,kudino,gubila,gubila,nodebu,dimate,mekugo,1,1,57
segmentation_trial,312021,0.0-11.0-0.12,6,"[""nodebu"",""dimate"",""mekugo"",""gubila""]",3ejaxvyrbg6k1v3,zipfian,"[""gubila"",""nodebu"",""dimate"",""mekugo""]",0.0,0.0,mekugo,tegoma,tegoma,mekugo,tegoma,gubila,nodebu,dimate,mekugo,4,1,123
segmentation_trial,318588,0.0-11.0-0.13,6,"[""nodebu"",""dimate"",""mekugo"",""gubila""]",3ejaxvyrbg6k1v3,zipfian,"[""gubila"",""nodebu"",""dimate"",""mekugo""]",0.0,1.0,nodebu,bimegu,nodebu,bimegu,nodebu,gubila,nodebu,dimate,mekugo,2,1,160
segmentation_trial,324742,0.0-11.0-0.14,6,"[""nodebu"",""dimate"",""mekugo"",""gubila""]",3ejaxvyrbg6k1v3,zipfian,"[""gubila"",""nodebu"",""dimate"",""mekugo""]",0.0,1.0,mekugo,bimegu,mekugo,bimegu,mekugo,gubila,nodebu,dimate,mekugo,4,1,120
segmentation_trial,330918,0.0-11.0-0.15,6,"[""nodebu"",""dimate"",""mekugo"",""gubila""]",3ejaxvyrbg6k1v3,zipfian,"[""gubila"",""nodebu"",""dimate"",""mekugo""]",0.0,1.0,nodebu,kudino,nodebu,kudino,nodebu,gubila,nodebu,dimate,mekugo,2,1,161
segmentation_trial,614831,0.0-11.0-0.0,2,"[""lakubi"",""negado"",""mudile"",""kitena""]",g1ywhscnqwecncf,uniform,,0.0,1.0,lakubi,binaku,lakubi,binaku,lakubi,,,,,0,1,96
segmentation_trial,621294,0.0-11.0-0.1,2,"[""lakubi"",""negado"",""mudile"",""kitena""]",g1ywhscnqwecncf,uniform,,1.0,1.0,mudile,galedi,galedi,mudile,mudile,,,,,0,1,142
segmentation_trial,627703,0.0-11.0-0.2,2,"[""lakubi"",""negado"",""mudile"",""kitena""]",g1ywhscnqwecncf,uniform,,1.0,1.0,kitena,temula,temula,kitena,kitena,,,,,0,1,83
segmentation_trial,635083,0.0-11.0-0.3,2,"[""lakubi"",""negado"",""mudile"",""kitena""]",g1ywhscnqwecncf,uniform,,1.0,1.0,negado,galedi,galedi,negado,negado,,,,,0,1,154
segmentation_trial,641579,0.0-11.0-0.4,2,"[""lakubi"",""negado"",""mudile"",""kitena""]",g1ywhscnqwecncf,uniform,,1.0,1.0,lakubi,temula,temula,lakubi,lakubi,,,,,0,1,99
segmentation_trial,647925,0.0-11.0-0.5,2,"[""lakubi"",""negado"",""mudile"",""kitena""]",g1ywhscnqwecncf,uniform,,0.0,1.0,mudile,dokine,mudile,dokine,mudile,,,,,0,1,141
segmentation_trial,654387,0.0-11.0-0.6,2,"[""lakubi"",""negado"",""mudile"",""kitena""]",g1ywhscnqwecncf,uniform,,1.0,1.0,lakubi,galedi,galedi,lakubi,lakubi,,,,,0,1,98
segmentation_trial,661349,0.0-11.0-0.7,2,"[""lakubi"",""negado"",""mudile"",""kitena""]",g1ywhscnqwecncf,uniform,,1.0,1.0,mudile,temula,temula,mudile,mudile,,,,,0,1,143
segmentation_trial,667779,0.0-11.0-0.8,2,"[""lakubi"",""negado"",""mudile"",""kitena""]",g1ywhscnqwecncf,uniform,,0.0,1.0,lakubi,dokine,lakubi,dokine,lakubi,,,,,0,1,97
segmentation_trial,676123,0.0-11.0-0.9,2,"[""lakubi"",""negado"",""mudile"",""kitena""]",g1ywhscnqwecncf,uniform,,0.0,1.0,mudile,binaku,mudile,binaku,mudile,,,,,0,1,140
segmentation_trial,686883,0.0-11.0-0.10,2,"[""lakubi"",""negado"",""mudile"",""kitena""]",g1ywhscnqwecncf,uniform,,1.0,1.0,negado,temula,temula,negado,negado,,,,,0,1,155
segmentation_trial,693644,0.0-11.0-0.11,2,"[""lakubi"",""negado"",""mudile"",""kitena""]",g1ywhscnqwecncf,uniform,,1.0,0.0,kitena,dokine,kitena,dokine,dokine,,,,,0,1,81
segmentation_trial,700556,0.0-11.0-0.12,2,"[""lakubi"",""negado"",""mudile"",""kitena""]",g1ywhscnqwecncf,uniform,,0.0,1.0,negado,binaku,negado,binaku,negado,,,,,0,1,152
segmentation_trial,707828,0.0-11.0-0.13,2,"[""lakubi"",""negado"",""mudile"",""kitena""]",g1ywhscnqwecncf,uniform,,0.0,0.0,kitena,galedi,galedi,kitena,galedi,,,,,0,1,82
segmentation_trial,714131,0.0-11.0-0.14,2,"[""lakubi"",""negado"",""mudile"",""kitena""]",g1ywhscnqwecncf,uniform,,0.0,1.0,negado,dokine,negado,dokine,negado,,,,,0,1,153
segmentation_trial,721244,0.0-11.0-0.15,2,"[""lakubi"",""negado"",""mudile"",""kitena""]",g1ywhscnqwecncf,uniform,,0.0,1.0,kitena,binaku,kitena,binaku,kitena,,,,,0,1,80
segmentation_trial,581392,0.0-11.0-0.0,4,"[""gumeki"",""letumo"",""nodabu"",""digote""]",y062sugcff1lla2,zipfian,"[""nodabu"",""letumo"",""digote"",""gumeki""]",1.0,1.0,digote,teguda,teguda,digote,digote,nodabu,letumo,digote,gumeki,3,2,27
segmentation_trial,589327,0.0-11.0-0.1,4,"[""gumeki"",""letumo"",""nodabu"",""digote""]",y062sugcff1lla2,zipfian,"[""nodabu"",""letumo"",""digote"",""gumeki""]",0.0,1.0,gumeki,bulego,gumeki,bulego,gumeki,nodabu,letumo,digote,gumeki,4,2,64
segmentation_trial,595683,0.0-11.0-0.2,4,"[""gumeki"",""letumo"",""nodabu"",""digote""]",y062sugcff1lla2,zipfian,"[""nodabu"",""letumo"",""digote"",""gumeki""]",1.0,1.0,digote,moditu,moditu,digote,digote,nodabu,letumo,digote,gumeki,3,2,26
segmentation_trial,602172,0.0-11.0-0.3,4,"[""gumeki"",""letumo"",""nodabu"",""digote""]",y062sugcff1lla2,zipfian,"[""nodabu"",""letumo"",""digote"",""gumeki""]",0.0,1.0,letumo,bulego,letumo,bulego,letumo,nodabu,letumo,digote,gumeki,2,2,112
segmentation_trial,630888,0.0-11.0-0.4,4,"[""gumeki"",""letumo"",""nodabu"",""digote""]",y062sugcff1lla2,zipfian,"[""nodabu"",""letumo"",""digote"",""gumeki""]",1.0,0.0,gumeki,kinome,gumeki,kinome,kinome,nodabu,letumo,digote,gumeki,4,2,65
segmentation_trial,637445,0.0-11.0-0.5,4,"[""gumeki"",""letumo"",""nodabu"",""digote""]",y062sugcff1lla2,zipfian,"[""nodabu"",""letumo"",""digote"",""gumeki""]",0.0,0.0,nodabu,moditu,moditu,nodabu,moditu,nodabu,letumo,digote,gumeki,1,2,158
segmentation_trial,643843,0.0-11.0-0.6,4,"[""gumeki"",""letumo"",""nodabu"",""digote""]",y062sugcff1lla2,zipfian,"[""nodabu"",""letumo"",""digote"",""gumeki""]",0.0,1.0,digote,bulego,digote,bulego,digote,nodabu,letumo,digote,gumeki,3,2,24
segmentation_trial,650295,0.0-11.0-0.7,4,"[""gumeki"",""letumo"",""nodabu"",""digote""]",y062sugcff1lla2,zipfian,"[""nodabu"",""letumo"",""digote"",""gumeki""]",0.0,1.0,nodabu,kinome,nodabu,kinome,nodabu,nodabu,letumo,digote,gumeki,1,2,157
segmentation_trial,656445,0.0-11.0-0.8,4,"[""gumeki"",""letumo"",""nodabu"",""digote""]",y062sugcff1lla2,zipfian,"[""nodabu"",""letumo"",""digote"",""gumeki""]",1.0,1.0,gumeki,teguda,teguda,gumeki,gumeki,nodabu,letumo,digote,gumeki,4,2,67
segmentation_trial,662745,0.0-11.0-0.9,4,"[""gumeki"",""letumo"",""nodabu"",""digote""]",y062sugcff1lla2,zipfian,"[""nodabu"",""letumo"",""digote"",""gumeki""]",0.0,1.0,digote,kinome,digote,kinome,digote,nodabu,letumo,digote,gumeki,3,2,25
segmentation_trial,668941,0.0-11.0-0.10,4,"[""gumeki"",""letumo"",""nodabu"",""digote""]",y062sugcff1lla2,zipfian,"[""nodabu"",""letumo"",""digote"",""gumeki""]",0.0,0.0,gumeki,moditu,moditu,gumeki,moditu,nodabu,letumo,digote,gumeki,4,2,66
segmentation_trial,675442,0.0-11.0-0.11,4,"[""gumeki"",""letumo"",""nodabu"",""digote""]",y062sugcff1lla2,zipfian,"[""nodabu"",""letumo"",""digote"",""gumeki""]",0.0,1.0,letumo,kinome,letumo,kinome,letumo,nodabu,letumo,digote,gumeki,2,2,113
segmentation_trial,681985,0.0-11.0-0.12,4,"[""gumeki"",""letumo"",""nodabu"",""digote""]",y062sugcff1lla2,zipfian,"[""nodabu"",""letumo"",""digote"",""gumeki""]",1.0,1.0,nodabu,teguda,teguda,nodabu,nodabu,nodabu,letumo,digote,gumeki,1,2,159
segmentation_trial,688175,0.0-11.0-0.13,4,"[""gumeki"",""letumo"",""nodabu"",""digote""]",y062sugcff1lla2,zipfian,"[""nodabu"",""letumo"",""digote"",""gumeki""]",1.0,1.0,letumo,moditu,moditu,letumo,letumo,nodabu,letumo,digote,gumeki,2,2,114
segmentation_trial,694632,0.0-11.0-0.14,4,"[""gumeki"",""letumo"",""nodabu"",""digote""]",y062sugcff1lla2,zipfian,"[""nodabu"",""letumo"",""digote"",""gumeki""]",0.0,1.0,nodabu,bulego,nodabu,bulego,nodabu,nodabu,letumo,digote,gumeki,1,2,156
segmentation_trial,700820,0.0-11.0-0.15,4,"[""gumeki"",""letumo"",""nodabu"",""digote""]",y062sugcff1lla2,zipfian,"[""nodabu"",""letumo"",""digote"",""gumeki""]",1.0,1.0,letumo,teguda,teguda,letumo,letumo,nodabu,letumo,digote,gumeki,2,2,115
segmentation_trial,213961,0.0-11.0-0.0,5,"[""tobanu"",""gukema"",""delubo"",""lamodi""]",p23e9nl2stw8lom,uniform,,0.0,1.0,lamodi,mogude,lamodi,mogude,lamodi,,,,,0,1,102
segmentation_trial,220171,0.0-11.0-0.1,5,"[""tobanu"",""gukema"",""delubo"",""lamodi""]",p23e9nl2stw8lom,uniform,,1.0,1.0,delubo,kediba,kediba,delubo,delubo,,,,,0,1,20
segmentation_trial,226614,0.0-11.0-0.2,5,"[""tobanu"",""gukema"",""delubo"",""lamodi""]",p23e9nl2stw8lom,uniform,,0.0,1.0,tobanu,matolu,tobanu,matolu,tobanu,,,,,0,1,185
segmentation_trial,232904,0.0-11.0-0.3,5,"[""tobanu"",""gukema"",""delubo"",""lamodi""]",p23e9nl2stw8lom,uniform,,1.0,1.0,delubo,nubola,nubola,delubo,delubo,,,,,0,1,23
segmentation_trial,239411,0.0-11.0-0.4,5,"[""tobanu"",""gukema"",""delubo"",""lamodi""]",p23e9nl2stw8lom,uniform,,1.0,1.0,gukema,kediba,kediba,gukema,gukema,,,,,0,1,60
segmentation_trial,245403,0.0-11.0-0.5,5,"[""tobanu"",""gukema"",""delubo"",""lamodi""]",p23e9nl2stw8lom,uniform,,1.0,1.0,tobanu,nubola,nubola,tobanu,tobanu,,,,,0,1,187
segmentation_trial,253695,0.0-11.0-0.6,5,"[""tobanu"",""gukema"",""delubo"",""lamodi""]",p23e9nl2stw8lom,uniform,,1.0,0.0,gukema,matolu,gukema,matolu,matolu,,,,,0,1,61
segmentation_trial,259953,0.0-11.0-0.7,5,"[""tobanu"",""gukema"",""delubo"",""lamodi""]",p23e9nl2stw8lom,uniform,,1.0,1.0,lamodi,kediba,kediba,lamodi,lamodi,,,,,0,1,100
segmentation_trial,269425,0.0-11.0-0.8,5,"[""tobanu"",""gukema"",""delubo"",""lamodi""]",p23e9nl2stw8lom,uniform,,0.0,0.0,gukema,nubola,nubola,gukema,nubola,,,,,0,1,63
segmentation_trial,278609,0.0-11.0-0.9,5,"[""tobanu"",""gukema"",""delubo"",""lamodi""]",p23e9nl2stw8lom,uniform,,0.0,1.0,tobanu,mogude,tobanu,mogude,tobanu,,,,,0,1,186
segmentation_trial,288126,0.0-11.0-0.10,5,"[""tobanu"",""gukema"",""delubo"",""lamodi""]",p23e9nl2stw8lom,uniform,,0.0,1.0,delubo,matolu,delubo,matolu,delubo,,,,,0,1,21
segmentation_trial,294055,0.0-11.0-0.11,5,"[""tobanu"",""gukema"",""delubo"",""lamodi""]",p23e9nl2stw8lom,uniform,,1.0,1.0,lamodi,nubola,nubola,lamodi,lamodi,,,,,0,1,103
segmentation_trial,300378,0.0-11.0-0.12,5,"[""tobanu"",""gukema"",""delubo"",""lamodi""]",p23e9nl2stw8lom,uniform,,1.0,1.0,tobanu,kediba,kediba,tobanu,tobanu,,,,,0,1,184
segmentation_trial,307677,0.0-11.0-0.13,5,"[""tobanu"",""gukema"",""delubo"",""lamodi""]",p23e9nl2stw8lom,uniform,,0.0,1.0,gukema,mogude,gukema,mogude,gukema,,,,,0,1,62
segmentation_trial,314545,0.0-11.0-0.14,5,"[""tobanu"",""gukema"",""delubo"",""lamodi""]",p23e9nl2stw8lom,uniform,,0.0,1.0,lamodi,matolu,lamodi,matolu,lamodi,,,,,0,1,101
segmentation_trial,321555,0.0-11.0-0.15,5,"[""tobanu"",""gukema"",""delubo"",""lamodi""]",p23e9nl2stw8lom,uniform,,0.0,1.0,delubo,mogude,delubo,mogude,delubo,,,,,0,1,22
segmentation_trial,415257,0.0-11.0-0.0,1,"[""lemaku"",""gibeto"",""bugona"",""dotumi""]",kvjk0xkbtdsll6k,uniform,,1.0,1.0,bugona,midobe,midobe,bugona,bugona,,,,,0,2,13
segmentation_trial,422670,0.0-11.0-0.1,1,"[""lemaku"",""gibeto"",""bugona"",""dotumi""]",kvjk0xkbtdsll6k,uniform,,1.0,0.0,dotumi,kulego,dotumi,kulego,kulego,,,,,0,2,40
segmentation_trial,431003,0.0-11.0-0.2,1,"[""lemaku"",""gibeto"",""bugona"",""dotumi""]",kvjk0xkbtdsll6k,uniform,,0.0,1.0,lemaku,tobuma,lemaku,tobuma,lemaku,,,,,0,2,111
segmentation_trial,439301,0.0-11.0-0.3,1,"[""lemaku"",""gibeto"",""bugona"",""dotumi""]",kvjk0xkbtdsll6k,uniform,,0.0,0.0,dotumi,midobe,midobe,dotumi,midobe,,,,,0,2,41
segmentation_trial,446351,0.0-11.0-0.4,1,"[""lemaku"",""gibeto"",""bugona"",""dotumi""]",kvjk0xkbtdsll6k,uniform,,0.0,0.0,bugona,nagitu,nagitu,bugona,nagitu,,,,,0,2,14
segmentation_trial,453465,0.0-11.0-0.5,1,"[""lemaku"",""gibeto"",""bugona"",""dotumi""]",kvjk0xkbtdsll6k,uniform,,1.0,1.0,gibeto,midobe,midobe,gibeto,gibeto,,,,,0,2,49
segmentation_trial,460608,0.0-11.0-0.6,1,"[""lemaku"",""gibeto"",""bugona"",""dotumi""]",kvjk0xkbtdsll6k,uniform,,1.0,0.0,bugona,kulego,bugona,kulego,kulego,,,,,0,2,12
segmentation_trial,467886,0.0-11.0-0.7,1,"[""lemaku"",""gibeto"",""bugona"",""dotumi""]",kvjk0xkbtdsll6k,uniform,,1.0,0.0,gibeto,tobuma,gibeto,tobuma,tobuma,,,,,0,2,51
segmentation_trial,474913,0.0-11.0-0.8,1,"[""lemaku"",""gibeto"",""bugona"",""dotumi""]",kvjk0xkbtdsll6k,uniform,,0.0,0.0,lemaku,midobe,midobe,lemaku,midobe,,,,,0,2,109
segmentation_trial,483468,0.0-11.0-0.9,1,"[""lemaku"",""gibeto"",""bugona"",""dotumi""]",kvjk0xkbtdsll6k,uniform,,0.0,1.0,gibeto,kulego,gibeto,kulego,gibeto,,,,,0,2,48
segmentation_trial,490154,0.0-11.0-0.10,1,"[""lemaku"",""gibeto"",""bugona"",""dotumi""]",kvjk0xkbtdsll6k,uniform,,1.0,1.0,dotumi,nagitu,nagitu,dotumi,dotumi,,,,,0,2,42
segmentation_trial,496682,0.0-11.0-0.11,1,"[""lemaku"",""gibeto"",""bugona"",""dotumi""]",kvjk0xkbtdsll6k,uniform,,1.0,0.0,lemaku,kulego,lemaku,kulego,kulego,,,,,0,2,108
segmentation_trial,503068,0.0-11.0-0.12,1,"[""lemaku"",""gibeto"",""bugona"",""dotumi""]",kvjk0xkbtdsll6k,uniform,,1.0,1.0,gibeto,nagitu,nagitu,gibeto,gibeto,,,,,0,2,50
segmentation_trial,509882,0.0-11.0-0.13,1,"[""lemaku"",""gibeto"",""bugona"",""dotumi""]",kvjk0xkbtdsll6k,uniform,,0.0,1.0,dotumi,tobuma,dotumi,tobuma,dotumi,,,,,0,2,43
segmentation_trial,517125,0.0-11.0-0.14,1,"[""lemaku"",""gibeto"",""bugona"",""dotumi""]",kvjk0xkbtdsll6k,uniform,,1.0,1.0,lemaku,nagitu,nagitu,lemaku,lemaku,,,,,0,2,110
segmentation_trial,523753,0.0-11.0-0.15,1,"[""lemaku"",""gibeto"",""bugona"",""dotumi""]",kvjk0xkbtdsll6k,uniform,,0.0,1.0,bugona,tobuma,bugona,tobuma,bugona,,,,,0,2,15
segmentation_trial,236646,0.0-11.0-0.0,5,"[""tobanu"",""gukema"",""delubo"",""lamodi""]",d4lqbw263skp57c,uniform,,1.0,1.0,lamodi,nubola,nubola,lamodi,lamodi,,,,,0,1,103
segmentation_trial,243289,0.0-11.0-0.1,5,"[""tobanu"",""gukema"",""delubo"",""lamodi""]",d4lqbw263skp57c,uniform,,1.0,0.0,tobanu,matolu,tobanu,matolu,matolu,,,,,0,1,185
segmentation_trial,250974,0.0-11.0-0.2,5,"[""tobanu"",""gukema"",""delubo"",""lamodi""]",d4lqbw263skp57c,uniform,,0.0,0.0,delubo,nubola,nubola,delubo,nubola,,,,,0,1,23
segmentation_trial,257752,0.0-11.0-0.3,5,"[""tobanu"",""gukema"",""delubo"",""lamodi""]",d4lqbw263skp57c,uniform,,1.0,1.0,tobanu,kediba,kediba,tobanu,tobanu,,,,,0,1,184
segmentation_trial,263972,0.0-11.0-0.4,5,"[""tobanu"",""gukema"",""delubo"",""lamodi""]",d4lqbw263skp57c,uniform,,0.0,0.0,gukema,nubola,nubola,gukema,nubola,,,,,0,1,63
segmentation_trial,270589,0.0-11.0-0.5,5,"[""tobanu"",""gukema"",""delubo"",""lamodi""]",d4lqbw263skp57c,uniform,,1.0,0.0,tobanu,mogude,tobanu,mogude,mogude,,,,,0,1,186
segmentation_trial,276694,0.0-11.0-0.6,5,"[""tobanu"",""gukema"",""delubo"",""lamodi""]",d4lqbw263skp57c,uniform,,0.0,1.0,gukema,matolu,gukema,matolu,gukema,,,,,0,1,61
segmentation_trial,282952,0.0-11.0-0.7,5,"[""tobanu"",""gukema"",""delubo"",""lamodi""]",d4lqbw263skp57c,uniform,,0.0,0.0,tobanu,nubola,nubola,tobanu,nubola,,,,,0,1,187
segmentation_trial,289209,0.0-11.0-0.8,5,"[""tobanu"",""gukema"",""delubo"",""lamodi""]",d4lqbw263skp57c,uniform,,1.0,0.0,lamodi,matolu,lamodi,matolu,matolu,,,,,0,1,101
segmentation_trial,296095,0.0-11.0-0.9,5,"[""tobanu"",""gukema"",""delubo"",""lamodi""]",d4lqbw263skp57c,uniform,,1.0,0.0,gukema,mogude,gukema,mogude,mogude,,,,,0,1,62
segmentation_trial,302674,0.0-11.0-0.10,5,"[""tobanu"",""gukema"",""delubo"",""lamodi""]",d4lqbw263skp57c,uniform,,0.0,1.0,delubo,matolu,delubo,matolu,delubo,,,,,0,1,21
segmentation_trial,308953,0.0-11.0-0.11,5,"[""tobanu"",""gukema"",""delubo"",""lamodi""]",d4lqbw263skp57c,uniform,,1.0,1.0,lamodi,kediba,kediba,lamodi,lamodi,,,,,0,1,100
segmentation_trial,314875,0.0-11.0-0.12,5,"[""tobanu"",""gukema"",""delubo"",""lamodi""]",d4lqbw263skp57c,uniform,,1.0,0.0,delubo,mogude,delubo,mogude,mogude,,,,,0,1,22
segmentation_trial,320750,0.0-11.0-0.13,5,"[""tobanu"",""gukema"",""delubo"",""lamodi""]",d4lqbw263skp57c,uniform,,1.0,1.0,gukema,kediba,kediba,gukema,gukema,,,,,0,1,60
segmentation_trial,327618,0.0-11.0-0.14,5,"[""tobanu"",""gukema"",""delubo"",""lamodi""]",d4lqbw263skp57c,uniform,,0.0,1.0,lamodi,mogude,lamodi,mogude,lamodi,,,,,0,1,102
segmentation_trial,333886,0.0-11.0-0.15,5,"[""tobanu"",""gukema"",""delubo"",""lamodi""]",d4lqbw263skp57c,uniform,,0.0,0.0,delubo,kediba,kediba,delubo,kediba,,,,,0,1,20
segmentation_trial,264457,0.0-11.0-0.0,1,"[""lemaku"",""gibeto"",""bugona"",""dotumi""]",vpx9emzf42pgdo1,zipfian,"[""lemaku"",""gibeto"",""dotumi"",""bugona""]",1.0,0.0,gibeto,tobuma,gibeto,tobuma,tobuma,lemaku,gibeto,dotumi,bugona,2,2,51
segmentation_trial,271272,0.0-11.0-0.1,1,"[""lemaku"",""gibeto"",""bugona"",""dotumi""]",vpx9emzf42pgdo1,zipfian,"[""lemaku"",""gibeto"",""dotumi"",""bugona""]",0.0,0.0,bugona,midobe,midobe,bugona,midobe,lemaku,gibeto,dotumi,bugona,4,2,13
segmentation_trial,277056,0.0-11.0-0.2,1,"[""lemaku"",""gibeto"",""bugona"",""dotumi""]",vpx9emzf42pgdo1,zipfian,"[""lemaku"",""gibeto"",""dotumi"",""bugona""]",0.0,1.0,dotumi,kulego,dotumi,kulego,dotumi,lemaku,gibeto,dotumi,bugona,3,2,40
segmentation_trial,283017,0.0-11.0-0.3,1,"[""lemaku"",""gibeto"",""bugona"",""dotumi""]",vpx9emzf42pgdo1,zipfian,"[""lemaku"",""gibeto"",""dotumi"",""bugona""]",1.0,1.0,lemaku,midobe,midobe,lemaku,lemaku,lemaku,gibeto,dotumi,bugona,1,2,109
segmentation_trial,289304,0.0-11.0-0.4,1,"[""lemaku"",""gibeto"",""bugona"",""dotumi""]",vpx9emzf42pgdo1,zipfian,"[""lemaku"",""gibeto"",""dotumi"",""bugona""]",0.0,1.0,dotumi,tobuma,dotumi,tobuma,dotumi,lemaku,gibeto,dotumi,bugona,3,2,43
segmentation_trial,295497,0.0-11.0-0.5,1,"[""lemaku"",""gibeto"",""bugona"",""dotumi""]",vpx9emzf42pgdo1,zipfian,"[""lemaku"",""gibeto"",""dotumi"",""bugona""]",0.0,1.0,gibeto,kulego,gibeto,kulego,gibeto,lemaku,gibeto,dotumi,bugona,2,2,48
segmentation_trial,301728,0.0-11.0-0.6,1,"[""lemaku"",""gibeto"",""bugona"",""dotumi""]",vpx9emzf42pgdo1,zipfian,"[""lemaku"",""gibeto"",""dotumi"",""bugona""]",1.0,1.0,dotumi,nagitu,nagitu,dotumi,dotumi,lemaku,gibeto,dotumi,bugona,3,2,42
segmentation_trial,308865,0.0-11.0-0.7,1,"[""lemaku"",""gibeto"",""bugona"",""dotumi""]",vpx9emzf42pgdo1,zipfian,"[""lemaku"",""gibeto"",""dotumi"",""bugona""]",0.0,0.0,gibeto,midobe,midobe,gibeto,midobe,lemaku,gibeto,dotumi,bugona,2,2,49
segmentation_trial,316393,0.0-11.0-0.8,1,"[""lemaku"",""gibeto"",""bugona"",""dotumi""]",vpx9emzf42pgdo1,zipfian,"[""lemaku"",""gibeto"",""dotumi"",""bugona""]",0.0,0.0,bugona,nagitu,nagitu,bugona,nagitu,lemaku,gibeto,dotumi,bugona,4,2,14
segmentation_trial,324393,0.0-11.0-0.9,1,"[""lemaku"",""gibeto"",""bugona"",""dotumi""]",vpx9emzf42pgdo1,zipfian,"[""lemaku"",""gibeto"",""dotumi"",""bugona""]",1.0,0.0,lemaku,tobuma,lemaku,tobuma,tobuma,lemaku,gibeto,dotumi,bugona,1,2,111
segmentation_trial,331408,0.0-11.0-0.10,1,"[""lemaku"",""gibeto"",""bugona"",""dotumi""]",vpx9emzf42pgdo1,zipfian,"[""lemaku"",""gibeto"",""dotumi"",""bugona""]",0.0,0.0,gibeto,nagitu,nagitu,gibeto,nagitu,lemaku,gibeto,dotumi,bugona,2,2,50
segmentation_trial,337416,0.0-11.0-0.11,1,"[""lemaku"",""gibeto"",""bugona"",""dotumi""]",vpx9emzf42pgdo1,zipfian,"[""lemaku"",""gibeto"",""dotumi"",""bugona""]",0.0,1.0,bugona,tobuma,bugona,tobuma,bugona,lemaku,gibeto,dotumi,bugona,4,2,15
segmentation_trial,343568,0.0-11.0-0.12,1,"[""lemaku"",""gibeto"",""bugona"",""dotumi""]",vpx9emzf42pgdo1,zipfian,"[""lemaku"",""gibeto"",""dotumi"",""bugona""]",0.0,0.0,dotumi,midobe,midobe,dotumi,midobe,lemaku,gibeto,dotumi,bugona,3,2,41
segmentation_trial,349841,0.0-11.0-0.13,1,"[""lemaku"",""gibeto"",""bugona"",""dotumi""]",vpx9emzf42pgdo1,zipfian,"[""lemaku"",""gibeto"",""dotumi"",""bugona""]",1.0,0.0,lemaku,kulego,lemaku,kulego,kulego,lemaku,gibeto,dotumi,bugona,1,2,108
segmentation_trial,356761,0.0-11.0-0.14,1,"[""lemaku"",""gibeto"",""bugona"",""dotumi""]",vpx9emzf42pgdo1,zipfian,"[""lemaku"",""gibeto"",""dotumi"",""bugona""]",0.0,1.0,bugona,kulego,bugona,kulego,bugona,lemaku,gibeto,dotumi,bugona,4,2,12
segmentation_trial,362578,0.0-11.0-0.15,1,"[""lemaku"",""gibeto"",""bugona"",""dotumi""]",vpx9emzf42pgdo1,zipfian,"[""lemaku"",""gibeto"",""dotumi"",""bugona""]",1.0,1.0,lemaku,nagitu,nagitu,lemaku,lemaku,lemaku,gibeto,dotumi,bugona,1,2,110
segmentation_trial,286469,0.0-11.0-0.0,5,"[""matolu"",""nubola"",""mogude"",""kediba""]",anvbzg9nlfde5cl,zipfian,"[""nubola"",""mogude"",""kediba"",""matolu""]",0.0,1.0,matolu,delubo,matolu,delubo,matolu,nubola,mogude,kediba,matolu,4,2,116
segmentation_trial,296424,0.0-11.0-0.1,5,"[""matolu"",""nubola"",""mogude"",""kediba""]",anvbzg9nlfde5cl,zipfian,"[""nubola"",""mogude"",""kediba"",""matolu""]",1.0,1.0,nubola,gukema,gukema,nubola,nubola,nubola,mogude,kediba,matolu,1,2,165
segmentation_trial,303283,0.0-11.0-0.2,5,"[""matolu"",""nubola"",""mogude"",""kediba""]",anvbzg9nlfde5cl,zipfian,"[""nubola"",""mogude"",""kediba"",""matolu""]",0.0,1.0,mogude,tobanu,mogude,tobanu,mogude,nubola,mogude,kediba,matolu,2,2,139
segmentation_trial,311603,0.0-11.0-0.3,5,"[""matolu"",""nubola"",""mogude"",""kediba""]",anvbzg9nlfde5cl,zipfian,"[""nubola"",""mogude"",""kediba"",""matolu""]",1.0,0.0,kediba,delubo,kediba,delubo,delubo,nubola,mogude,kediba,matolu,3,2,72
segmentation_trial,321165,0.0-11.0-0.4,5,"[""matolu"",""nubola"",""mogude"",""kediba""]",anvbzg9nlfde5cl,zipfian,"[""nubola"",""mogude"",""kediba"",""matolu""]",0.0,0.0,matolu,lamodi,lamodi,matolu,lamodi,nubola,mogude,kediba,matolu,4,2,118
segmentation_trial,328337,0.0-11.0-0.5,5,"[""matolu"",""nubola"",""mogude"",""kediba""]",anvbzg9nlfde5cl,zipfian,"[""nubola"",""mogude"",""kediba"",""matolu""]",1.0,1.0,kediba,gukema,gukema,kediba,kediba,nubola,mogude,kediba,matolu,3,2,73
segmentation_trial,340532,0.0-11.0-0.6,5,"[""matolu"",""nubola"",""mogude"",""kediba""]",anvbzg9nlfde5cl,zipfian,"[""nubola"",""mogude"",""kediba"",""matolu""]",0.0,0.0,mogude,lamodi,lamodi,mogude,lamodi,nubola,mogude,kediba,matolu,2,2,138
segmentation_trial,347542,0.0-11.0-0.7,5,"[""matolu"",""nubola"",""mogude"",""kediba""]",anvbzg9nlfde5cl,zipfian,"[""nubola"",""mogude"",""kediba"",""matolu""]",0.0,1.0,nubola,delubo,nubola,delubo,nubola,nubola,mogude,kediba,matolu,1,2,164
segmentation_trial,354226,0.0-11.0-0.8,5,"[""matolu"",""nubola"",""mogude"",""kediba""]",anvbzg9nlfde5cl,zipfian,"[""nubola"",""mogude"",""kediba"",""matolu""]",1.0,1.0,matolu,gukema,gukema,matolu,matolu,nubola,mogude,kediba,matolu,4,2,117
segmentation_trial,360434,0.0-11.0-0.9,5,"[""matolu"",""nubola"",""mogude"",""kediba""]",anvbzg9nlfde5cl,zipfian,"[""nubola"",""mogude"",""kediba"",""matolu""]",0.0,1.0,mogude,delubo,mogude,delubo,mogude,nubola,mogude,kediba,matolu,2,2,136
segmentation_trial,367953,0.0-11.0-0.10,5,"[""matolu"",""nubola"",""mogude"",""kediba""]",anvbzg9nlfde5cl,zipfian,"[""nubola"",""mogude"",""kediba"",""matolu""]",1.0,1.0,nubola,lamodi,lamodi,nubola,nubola,nubola,mogude,kediba,matolu,1,2,166
segmentation_trial,374523,0.0-11.0-0.11,5,"[""matolu"",""nubola"",""mogude"",""kediba""]",anvbzg9nlfde5cl,zipfian,"[""nubola"",""mogude"",""kediba"",""matolu""]",0.0,0.0,mogude,gukema,gukema,mogude,gukema,nubola,mogude,kediba,matolu,2,2,137
segmentation_trial,380490,0.0-11.0-0.12,5,"[""matolu"",""nubola"",""mogude"",""kediba""]",anvbzg9nlfde5cl,zipfian,"[""nubola"",""mogude"",""kediba"",""matolu""]",0.0,1.0,nubola,tobanu,nubola,tobanu,nubola,nubola,mogude,kediba,matolu,1,2,167
segmentation_trial,386811,0.0-11.0-0.13,5,"[""matolu"",""nubola"",""mogude"",""kediba""]",anvbzg9nlfde5cl,zipfian,"[""nubola"",""mogude"",""kediba"",""matolu""]",1.0,1.0,kediba,lamodi,lamodi,kediba,kediba,nubola,mogude,kediba,matolu,3,2,74
segmentation_trial,392759,0.0-11.0-0.14,5,"[""matolu"",""nubola"",""mogude"",""kediba""]",anvbzg9nlfde5cl,zipfian,"[""nubola"",""mogude"",""kediba"",""matolu""]",0.0,1.0,matolu,tobanu,matolu,tobanu,matolu,nubola,mogude,kediba,matolu,4,2,119
segmentation_trial,399292,0.0-11.0-0.15,5,"[""matolu"",""nubola"",""mogude"",""kediba""]",anvbzg9nlfde5cl,zipfian,"[""nubola"",""mogude"",""kediba"",""matolu""]",0.0,1.0,kediba,tobanu,kediba,tobanu,kediba,nubola,mogude,kediba,matolu,3,2,75
segmentation_trial,393180,0.0-11.0-0.0,1,"[""kulego"",""nagitu"",""tobuma"",""midobe""]",kjmyktg506yt7o9,uniform,,0.0,0.0,midobe,gibeto,gibeto,midobe,gibeto,,,,,0,1,126
segmentation_trial,400108,0.0-11.0-0.1,1,"[""kulego"",""nagitu"",""tobuma"",""midobe""]",kjmyktg506yt7o9,uniform,,0.0,1.0,nagitu,lemaku,nagitu,lemaku,nagitu,,,,,0,1,151
segmentation_trial,406564,0.0-11.0-0.2,1,"[""kulego"",""nagitu"",""tobuma"",""midobe""]",kjmyktg506yt7o9,uniform,,1.0,1.0,kulego,dotumi,dotumi,kulego,kulego,,,,,0,1,89
segmentation_trial,412691,0.0-11.0-0.3,1,"[""kulego"",""nagitu"",""tobuma"",""midobe""]",kjmyktg506yt7o9,uniform,,0.0,1.0,tobuma,bugona,tobuma,bugona,tobuma,,,,,0,1,188
segmentation_trial,418811,0.0-11.0-0.4,1,"[""kulego"",""nagitu"",""tobuma"",""midobe""]",kjmyktg506yt7o9,uniform,,0.0,0.0,midobe,dotumi,dotumi,midobe,dotumi,,,,,0,1,125
segmentation_trial,425267,0.0-11.0-0.5,1,"[""kulego"",""nagitu"",""tobuma"",""midobe""]",kjmyktg506yt7o9,uniform,,0.0,0.0,tobuma,gibeto,gibeto,tobuma,gibeto,,,,,0,1,190
segmentation_trial,433155,0.0-11.0-0.6,1,"[""kulego"",""nagitu"",""tobuma"",""midobe""]",kjmyktg506yt7o9,uniform,,0.0,1.0,midobe,lemaku,midobe,lemaku,midobe,,,,,0,1,127
segmentation_trial,439338,0.0-11.0-0.7,1,"[""kulego"",""nagitu"",""tobuma"",""midobe""]",kjmyktg506yt7o9,uniform,,1.0,1.0,nagitu,gibeto,gibeto,nagitu,nagitu,,,,,0,1,150
segmentation_trial,445370,0.0-11.0-0.8,1,"[""kulego"",""nagitu"",""tobuma"",""midobe""]",kjmyktg506yt7o9,uniform,,0.0,0.0,tobuma,dotumi,dotumi,tobuma,dotumi,,,,,0,1,189
segmentation_trial,451690,0.0-11.0-0.9,1,"[""kulego"",""nagitu"",""tobuma"",""midobe""]",kjmyktg506yt7o9,uniform,,0.0,0.0,kulego,gibeto,gibeto,kulego,gibeto,,,,,0,1,90
segmentation_trial,457801,0.0-11.0-0.10,1,"[""kulego"",""nagitu"",""tobuma"",""midobe""]",kjmyktg506yt7o9,uniform,,1.0,0.0,midobe,bugona,midobe,bugona,bugona,,,,,0,1,124
segmentation_trial,463665,0.0-11.0-0.11,1,"[""kulego"",""nagitu"",""tobuma"",""midobe""]",kjmyktg506yt7o9,uniform,,0.0,1.0,kulego,lemaku,kulego,lemaku,kulego,,,,,0,1,91
segmentation_trial,469657,0.0-11.0-0.12,1,"[""kulego"",""nagitu"",""tobuma"",""midobe""]",kjmyktg506yt7o9,uniform,,0.0,0.0,nagitu,dotumi,dotumi,nagitu,dotumi,,,,,0,1,149
segmentation_trial,476353,0.0-11.0-0.13,1,"[""kulego"",""nagitu"",""tobuma"",""midobe""]",kjmyktg506yt7o9,uniform,,1.0,0.0,kulego,bugona,kulego,bugona,bugona,,,,,0,1,88
segmentation_trial,482168,0.0-11.0-0.14,1,"[""kulego"",""nagitu"",""tobuma"",""midobe""]",kjmyktg506yt7o9,uniform,,0.0,1.0,tobuma,lemaku,tobuma,lemaku,tobuma,,,,,0,1,191
segmentation_trial,488240,0.0-11.0-0.15,1,"[""kulego"",""nagitu"",""tobuma"",""midobe""]",kjmyktg506yt7o9,uniform,,1.0,0.0,nagitu,bugona,nagitu,bugona,bugona,,,,,0,1,148
segmentation_trial,235706,0.0-11.0-0.0,1,"[""kulego"",""nagitu"",""tobuma"",""midobe""]",5r4xpwnh2mk8sxk,uniform,,0.0,1.0,kulego,lemaku,kulego,lemaku,kulego,,,,,0,1,91
segmentation_trial,248103,0.0-11.0-0.1,1,"[""kulego"",""nagitu"",""tobuma"",""midobe""]",5r4xpwnh2mk8sxk,uniform,,1.0,1.0,nagitu,gibeto,gibeto,nagitu,nagitu,,,,,0,1,150
segmentation_trial,256416,0.0-11.0-0.2,1,"[""kulego"",""nagitu"",""tobuma"",""midobe""]",5r4xpwnh2mk8sxk,uniform,,1.0,0.0,midobe,bugona,midobe,bugona,bugona,,,,,0,1,124
segmentation_trial,262597,0.0-11.0-0.3,1,"[""kulego"",""nagitu"",""tobuma"",""midobe""]",5r4xpwnh2mk8sxk,uniform,,0.0,1.0,tobuma,lemaku,tobuma,lemaku,tobuma,,,,,0,1,191
segmentation_trial,270886,0.0-11.0-0.4,1,"[""kulego"",""nagitu"",""tobuma"",""midobe""]",5r4xpwnh2mk8sxk,uniform,,0.0,1.0,kulego,bugona,kulego,bugona,kulego,,,,,0,1,88
segmentation_trial,277264,0.0-11.0-0.5,1,"[""kulego"",""nagitu"",""tobuma"",""midobe""]",5r4xpwnh2mk8sxk,uniform,,0.0,1.0,nagitu,lemaku,nagitu,lemaku,nagitu,,,,,0,1,151
segmentation_trial,283638,0.0-11.0-0.6,1,"[""kulego"",""nagitu"",""tobuma"",""midobe""]",5r4xpwnh2mk8sxk,uniform,,1.0,1.0,kulego,dotumi,dotumi,kulego,kulego,,,,,0,1,89
segmentation_trial,293381,0.0-11.0-0.7,1,"[""kulego"",""nagitu"",""tobuma"",""midobe""]",5r4xpwnh2mk8sxk,uniform,,0.0,1.0,midobe,lemaku,midobe,lemaku,midobe,,,,,0,1,127
segmentation_trial,300385,0.0-11.0-0.8,1,"[""kulego"",""nagitu"",""tobuma"",""midobe""]",5r4xpwnh2mk8sxk,uniform,,0.0,1.0,nagitu,bugona,nagitu,bugona,nagitu,,,,,0,1,148
segmentation_trial,308357,0.0-11.0-0.9,1,"[""kulego"",""nagitu"",""tobuma"",""midobe""]",5r4xpwnh2mk8sxk,uniform,,0.0,0.0,midobe,dotumi,dotumi,midobe,dotumi,,,,,0,1,125
segmentation_trial,314630,0.0-11.0-0.10,1,"[""kulego"",""nagitu"",""tobuma"",""midobe""]",5r4xpwnh2mk8sxk,uniform,,0.0,1.0,tobuma,bugona,tobuma,bugona,tobuma,,,,,0,1,188
segmentation_trial,321091,0.0-11.0-0.11,1,"[""kulego"",""nagitu"",""tobuma"",""midobe""]",5r4xpwnh2mk8sxk,uniform,,1.0,1.0,kulego,gibeto,gibeto,kulego,kulego,,,,,0,1,90
segmentation_trial,328969,0.0-11.0-0.12,1,"[""kulego"",""nagitu"",""tobuma"",""midobe""]",5r4xpwnh2mk8sxk,uniform,,1.0,1.0,tobuma,dotumi,dotumi,tobuma,tobuma,,,,,0,1,189
segmentation_trial,335644,0.0-11.0-0.13,1,"[""kulego"",""nagitu"",""tobuma"",""midobe""]",5r4xpwnh2mk8sxk,uniform,,0.0,0.0,midobe,gibeto,gibeto,midobe,gibeto,,,,,0,1,126
segmentation_trial,342281,0.0-11.0-0.14,1,"[""kulego"",""nagitu"",""tobuma"",""midobe""]",5r4xpwnh2mk8sxk,uniform,,1.0,1.0,nagitu,dotumi,dotumi,nagitu,nagitu,,,,,0,1,149
segmentation_trial,351869,0.0-11.0-0.15,1,"[""kulego"",""nagitu"",""tobuma"",""midobe""]",5r4xpwnh2mk8sxk,uniform,,1.0,1.0,tobuma,gibeto,gibeto,tobuma,tobuma,,,,,0,1,190
segmentation_trial,246211,0.0-11.0-0.0,2,"[""lakubi"",""negado"",""mudile"",""kitena""]",8vk0kjq5yfb35n0,zipfian,"[""kitena"",""mudile"",""lakubi"",""negado""]",1.0,0.0,negado,dokine,negado,dokine,dokine,kitena,mudile,lakubi,negado,4,1,153
segmentation_trial,254095,0.0-11.0-0.1,2,"[""lakubi"",""negado"",""mudile"",""kitena""]",8vk0kjq5yfb35n0,zipfian,"[""kitena"",""mudile"",""lakubi"",""negado""]",1.0,1.0,lakubi,galedi,galedi,lakubi,lakubi,kitena,mudile,lakubi,negado,3,1,98
segmentation_trial,260094,0.0-11.0-0.2,2,"[""lakubi"",""negado"",""mudile"",""kitena""]",8vk0kjq5yfb35n0,zipfian,"[""kitena"",""mudile"",""lakubi"",""negado""]",0.0,1.0,negado,binaku,negado,binaku,negado,kitena,mudile,lakubi,negado,4,1,152
segmentation_trial,266961,0.0-11.0-0.3,2,"[""lakubi"",""negado"",""mudile"",""kitena""]",8vk0kjq5yfb35n0,zipfian,"[""kitena"",""mudile"",""lakubi"",""negado""]",0.0,1.0,kitena,dokine,kitena,dokine,kitena,kitena,mudile,lakubi,negado,1,1,81
segmentation_trial,276211,0.0-11.0-0.4,2,"[""lakubi"",""negado"",""mudile"",""kitena""]",8vk0kjq5yfb35n0,zipfian,"[""kitena"",""mudile"",""lakubi"",""negado""]",1.0,1.0,mudile,temula,temula,mudile,mudile,kitena,mudile,lakubi,negado,2,1,143
segmentation_trial,283344,0.0-11.0-0.5,2,"[""lakubi"",""negado"",""mudile"",""kitena""]",8vk0kjq5yfb35n0,zipfian,"[""kitena"",""mudile"",""lakubi"",""negado""]",0.0,1.0,lakubi,binaku,lakubi,binaku,lakubi,kitena,mudile,lakubi,negado,3,1,96
segmentation_trial,289511,0.0-11.0-0.6,2,"[""lakubi"",""negado"",""mudile"",""kitena""]",8vk0kjq5yfb35n0,zipfian,"[""kitena"",""mudile"",""lakubi"",""negado""]",1.0,1.0,negado,galedi,galedi,negado,negado,kitena,mudile,lakubi,negado,4,1,154
segmentation_trial,296244,0.0-11.0-0.7,2,"[""lakubi"",""negado"",""mudile"",""kitena""]",8vk0kjq5yfb35n0,zipfian,"[""kitena"",""mudile"",""lakubi"",""negado""]",1.0,1.0,kitena,temula,temula,kitena,kitena,kitena,mudile,lakubi,negado,1,1,83
segmentation_trial,302211,0.0-11.0-0.8,2,"[""lakubi"",""negado"",""mudile"",""kitena""]",8vk0kjq5yfb35n0,zipfian,"[""kitena"",""mudile"",""lakubi"",""negado""]",0.0,1.0,mudile,binaku,mudile,binaku,mudile,kitena,mudile,lakubi,negado,2,1,140
segmentation_trial,310444,0.0-11.0-0.9,2,"[""lakubi"",""negado"",""mudile"",""kitena""]",8vk0kjq5yfb35n0,zipfian,"[""kitena"",""mudile"",""lakubi"",""negado""]",0.0,0.0,negado,temula,temula,negado,temula,kitena,mudile,lakubi,negado,4,1,155
segmentation_trial,316677,0.0-11.0-0.10,2,"[""lakubi"",""negado"",""mudile"",""kitena""]",8vk0kjq5yfb35n0,zipfian,"[""kitena"",""mudile"",""lakubi"",""negado""]",0.0,1.0,kitena,binaku,kitena,binaku,kitena,kitena,mudile,lakubi,negado,1,1,80
segmentation_trial,327177,0.0-11.0-0.11,2,"[""lakubi"",""negado"",""mudile"",""kitena""]",8vk0kjq5yfb35n0,zipfian,"[""kitena"",""mudile"",""lakubi"",""negado""]",0.0,1.0,lakubi,dokine,lakubi,dokine,lakubi,kitena,mudile,lakubi,negado,3,1,97
segmentation_trial,333361,0.0-11.0-0.12,2,"[""lakubi"",""negado"",""mudile"",""kitena""]",8vk0kjq5yfb35n0,zipfian,"[""kitena"",""mudile"",""lakubi"",""negado""]",1.0,1.0,mudile,galedi,galedi,mudile,mudile,kitena,mudile,lakubi,negado,2,1,142
segmentation_trial,339677,0.0-11.0-0.13,2,"[""lakubi"",""negado"",""mudile"",""kitena""]",8vk0kjq5yfb35n0,zipfian,"[""kitena"",""mudile"",""lakubi"",""negado""]",0.0,0.0,lakubi,temula,temula,lakubi,temula,kitena,mudile,lakubi,negado,3,1,99
segmentation_trial,345811,0.0-11.0-0.14,2,"[""lakubi"",""negado"",""mudile"",""kitena""]",8vk0kjq5yfb35n0,zipfian,"[""kitena"",""mudile"",""lakubi"",""negado""]",1.0,1.0,kitena,galedi,galedi,kitena,kitena,kitena,mudile,lakubi,negado,1,1,82
segmentation_trial,351694,0.0-11.0-0.15,2,"[""lakubi"",""negado"",""mudile"",""kitena""]",8vk0kjq5yfb35n0,zipfian,"[""kitena"",""mudile"",""lakubi"",""negado""]",0.0,1.0,mudile,dokine,mudile,dokine,mudile,kitena,mudile,lakubi,negado,2,1,141
segmentation_trial,299146,0.0-11.0-0.0,6,"[""nodebu"",""dimate"",""mekugo"",""gubila""]",kgpzcuoygebo7av,zipfian,"[""mekugo"",""dimate"",""gubila"",""nodebu""]",1.0,0.0,gubila,bimegu,gubila,bimegu,bimegu,mekugo,dimate,gubila,nodebu,3,1,56
segmentation_trial,307042,0.0-11.0-0.1,6,"[""nodebu"",""dimate"",""mekugo"",""gubila""]",kgpzcuoygebo7av,zipfian,"[""mekugo"",""dimate"",""gubila"",""nodebu""]",1.0,1.0,mekugo,tegoma,tegoma,mekugo,mekugo,mekugo,dimate,gubila,nodebu,1,1,123
segmentation_trial,313282,0.0-11.0-0.2,6,"[""nodebu"",""dimate"",""mekugo"",""gubila""]",kgpzcuoygebo7av,zipfian,"[""mekugo"",""dimate"",""gubila"",""nodebu""]",1.0,0.0,dimate,bimegu,dimate,bimegu,bimegu,mekugo,dimate,gubila,nodebu,2,1,28
segmentation_trial,319338,0.0-11.0-0.3,6,"[""nodebu"",""dimate"",""mekugo"",""gubila""]",kgpzcuoygebo7av,zipfian,"[""mekugo"",""dimate"",""gubila"",""nodebu""]",0.0,1.0,gubila,kudino,gubila,kudino,gubila,mekugo,dimate,gubila,nodebu,3,1,57
segmentation_trial,327002,0.0-11.0-0.4,6,"[""nodebu"",""dimate"",""mekugo"",""gubila""]",kgpzcuoygebo7av,zipfian,"[""mekugo"",""dimate"",""gubila"",""nodebu""]",0.0,0.0,nodebu,tegoma,tegoma,nodebu,tegoma,mekugo,dimate,gubila,nodebu,4,1,163
segmentation_trial,334386,0.0-11.0-0.5,6,"[""nodebu"",""dimate"",""mekugo"",""gubila""]",kgpzcuoygebo7av,zipfian,"[""mekugo"",""dimate"",""gubila"",""nodebu""]",1.0,1.0,gubila,labude,labude,gubila,gubila,mekugo,dimate,gubila,nodebu,3,1,58
segmentation_trial,341130,0.0-11.0-0.6,6,"[""nodebu"",""dimate"",""mekugo"",""gubila""]",kgpzcuoygebo7av,zipfian,"[""mekugo"",""dimate"",""gubila"",""nodebu""]",1.0,0.0,nodebu,kudino,nodebu,kudino,kudino,mekugo,dimate,gubila,nodebu,4,1,161
segmentation_trial,347426,0.0-11.0-0.7,6,"[""nodebu"",""dimate"",""mekugo"",""gubila""]",kgpzcuoygebo7av,zipfian,"[""mekugo"",""dimate"",""gubila"",""nodebu""]",1.0,1.0,gubila,tegoma,tegoma,gubila,gubila,mekugo,dimate,gubila,nodebu,3,1,59
segmentation_trial,354178,0.0-11.0-0.8,6,"[""nodebu"",""dimate"",""mekugo"",""gubila""]",kgpzcuoygebo7av,zipfian,"[""mekugo"",""dimate"",""gubila"",""nodebu""]",0.0,1.0,nodebu,bimegu,nodebu,bimegu,nodebu,mekugo,dimate,gubila,nodebu,4,1,160
segmentation_trial,360586,0.0-11.0-0.9,6,"[""nodebu"",""dimate"",""mekugo"",""gubila""]",kgpzcuoygebo7av,zipfian,"[""mekugo"",""dimate"",""gubila"",""nodebu""]",1.0,1.0,dimate,labude,labude,dimate,dimate,mekugo,dimate,gubila,nodebu,2,1,30
segmentation_trial,366658,0.0-11.0-0.10,6,"[""nodebu"",""dimate"",""mekugo"",""gubila""]",kgpzcuoygebo7av,zipfian,"[""mekugo"",""dimate"",""gubila"",""nodebu""]",1.0,0.0,mekugo,kudino,mekugo,kudino,kudino,mekugo,dimate,gubila,nodebu,1,1,121
segmentation_trial,374618,0.0-11.0-0.11,6,"[""nodebu"",""dimate"",""mekugo"",""gubila""]",kgpzcuoygebo7av,zipfian,"[""mekugo"",""dimate"",""gubila"",""nodebu""]",0.0,0.0,dimate,tegoma,tegoma,dimate,tegoma,mekugo,dimate,gubila,nodebu,2,1,31
segmentation_trial,380682,0.0-11.0-0.12,6,"[""nodebu"",""dimate"",""mekugo"",""gubila""]",kgpzcuoygebo7av,zipfian,"[""mekugo"",""dimate"",""gubila"",""nodebu""]",0.0,1.0,mekugo,bimegu,mekugo,bimegu,mekugo,mekugo,dimate,gubila,nodebu,1,1,120
segmentation_trial,387354,0.0-11.0-0.13,6,"[""nodebu"",""dimate"",""mekugo"",""gubila""]",kgpzcuoygebo7av,zipfian,"[""mekugo"",""dimate"",""gubila"",""nodebu""]",0.0,0.0,nodebu,labude,labude,nodebu,labude,mekugo,dimate,gubila,nodebu,4,1,162
segmentation_trial,393378,0.0-11.0-0.14,6,"[""nodebu"",""dimate"",""mekugo"",""gubila""]",kgpzcuoygebo7av,zipfian,"[""mekugo"",""dimate"",""gubila"",""nodebu""]",1.0,0.0,dimate,kudino,dimate,kudino,kudino,mekugo,dimate,gubila,nodebu,2,1,29
segmentation_trial,399698,0.0-11.0-0.15,6,"[""nodebu"",""dimate"",""mekugo"",""gubila""]",kgpzcuoygebo7av,zipfian,"[""mekugo"",""dimate"",""gubila"",""nodebu""]",0.0,0.0,mekugo,labude,labude,mekugo,labude,mekugo,dimate,gubila,nodebu,1,1,122
segmentation_trial,308695,0.0-11.0-0.0,6,"[""bimegu"",""tegoma"",""kudino"",""labude""]",58a4q1pj1zkvy1d,zipfian,"[""kudino"",""tegoma"",""labude"",""bimegu""]",0.0,1.0,labude,mekugo,labude,mekugo,labude,kudino,tegoma,labude,bimegu,3,2,94
segmentation_trial,315582,0.0-11.0-0.1,6,"[""bimegu"",""tegoma"",""kudino"",""labude""]",58a4q1pj1zkvy1d,zipfian,"[""kudino"",""tegoma"",""labude"",""bimegu""]",0.0,0.0,bimegu,gubila,gubila,bimegu,gubila,kudino,tegoma,labude,bimegu,4,2,1
segmentation_trial,321794,0.0-11.0-0.2,6,"[""bimegu"",""tegoma"",""kudino"",""labude""]",58a4q1pj1zkvy1d,zipfian,"[""kudino"",""tegoma"",""labude"",""bimegu""]",0.0,1.0,tegoma,nodebu,tegoma,nodebu,tegoma,kudino,tegoma,labude,bimegu,2,2,175
segmentation_trial,329511,0.0-11.0-0.3,6,"[""bimegu"",""tegoma"",""kudino"",""labude""]",58a4q1pj1zkvy1d,zipfian,"[""kudino"",""tegoma"",""labude"",""bimegu""]",1.0,1.0,bimegu,dimate,dimate,bimegu,bimegu,kudino,tegoma,labude,bimegu,4,2,0
segmentation_trial,335813,0.0-11.0-0.4,6,"[""bimegu"",""tegoma"",""kudino"",""labude""]",58a4q1pj1zkvy1d,zipfian,"[""kudino"",""tegoma"",""labude"",""bimegu""]",0.0,1.0,kudino,nodebu,kudino,nodebu,kudino,kudino,tegoma,labude,bimegu,1,2,87
segmentation_trial,345411,0.0-11.0-0.5,6,"[""bimegu"",""tegoma"",""kudino"",""labude""]",58a4q1pj1zkvy1d,zipfian,"[""kudino"",""tegoma"",""labude"",""bimegu""]",1.0,1.0,labude,dimate,dimate,labude,labude,kudino,tegoma,labude,bimegu,3,2,92
segmentation_trial,351561,0.0-11.0-0.6,6,"[""bimegu"",""tegoma"",""kudino"",""labude""]",58a4q1pj1zkvy1d,zipfian,"[""kudino"",""tegoma"",""labude"",""bimegu""]",1.0,1.0,tegoma,gubila,gubila,tegoma,tegoma,kudino,tegoma,labude,bimegu,2,2,173
segmentation_trial,357629,0.0-11.0-0.7,6,"[""bimegu"",""tegoma"",""kudino"",""labude""]",58a4q1pj1zkvy1d,zipfian,"[""kudino"",""tegoma"",""labude"",""bimegu""]",0.0,1.0,labude,nodebu,labude,nodebu,labude,kudino,tegoma,labude,bimegu,3,2,95
segmentation_trial,365928,0.0-11.0-0.8,6,"[""bimegu"",""tegoma"",""kudino"",""labude""]",58a4q1pj1zkvy1d,zipfian,"[""kudino"",""tegoma"",""labude"",""bimegu""]",1.0,1.0,kudino,dimate,dimate,kudino,kudino,kudino,tegoma,labude,bimegu,1,2,84
segmentation_trial,372763,0.0-11.0-0.9,6,"[""bimegu"",""tegoma"",""kudino"",""labude""]",58a4q1pj1zkvy1d,zipfian,"[""kudino"",""tegoma"",""labude"",""bimegu""]",0.0,1.0,tegoma,mekugo,tegoma,mekugo,tegoma,kudino,tegoma,labude,bimegu,2,2,174
segmentation_trial,379947,0.0-11.0-0.10,6,"[""bimegu"",""tegoma"",""kudino"",""labude""]",58a4q1pj1zkvy1d,zipfian,"[""kudino"",""tegoma"",""labude"",""bimegu""]",0.0,0.0,kudino,gubila,gubila,kudino,gubila,kudino,tegoma,labude,bimegu,1,2,85
segmentation_trial,386112,0.0-11.0-0.11,6,"[""bimegu"",""tegoma"",""kudino"",""labude""]",58a4q1pj1zkvy1d,zipfian,"[""kudino"",""tegoma"",""labude"",""bimegu""]",1.0,1.0,tegoma,dimate,dimate,tegoma,tegoma,kudino,tegoma,labude,bimegu,2,2,172
segmentation_trial,392094,0.0-11.0-0.12,6,"[""bimegu"",""tegoma"",""kudino"",""labude""]",58a4q1pj1zkvy1d,zipfian,"[""kudino"",""tegoma"",""labude"",""bimegu""]",0.0,1.0,kudino,mekugo,kudino,mekugo,kudino,kudino,tegoma,labude,bimegu,1,2,86
segmentation_trial,401428,0.0-11.0-0.13,6,"[""bimegu"",""tegoma"",""kudino"",""labude""]",58a4q1pj1zkvy1d,zipfian,"[""kudino"",""tegoma"",""labude"",""bimegu""]",0.0,1.0,bimegu,nodebu,bimegu,nodebu,bimegu,kudino,tegoma,labude,bimegu,4,2,3
segmentation_trial,407977,0.0-11.0-0.14,6,"[""bimegu"",""tegoma"",""kudino"",""labude""]",58a4q1pj1zkvy1d,zipfian,"[""kudino"",""tegoma"",""labude"",""bimegu""]",0.0,0.0,labude,gubila,gubila,labude,gubila,kudino,tegoma,labude,bimegu,3,2,93
segmentation_trial,414132,0.0-11.0-0.15,6,"[""bimegu"",""tegoma"",""kudino"",""labude""]",58a4q1pj1zkvy1d,zipfian,"[""kudino"",""tegoma"",""labude"",""bimegu""]",1.0,0.0,bimegu,mekugo,bimegu,mekugo,mekugo,kudino,tegoma,labude,bimegu,4,2,2
segmentation_trial,388213,0.0-11.0-0.0,5,"[""tobanu"",""gukema"",""delubo"",""lamodi""]",g14c3pfja39d3gk,uniform,,0.0,0.0,gukema,nubola,nubola,gukema,nubola,,,,,0,1,63
segmentation_trial,394413,0.0-11.0-0.1,5,"[""tobanu"",""gukema"",""delubo"",""lamodi""]",g14c3pfja39d3gk,uniform,,1.0,0.0,tobanu,mogude,tobanu,mogude,mogude,,,,,0,1,186
segmentation_trial,400550,0.0-11.0-0.2,5,"[""tobanu"",""gukema"",""delubo"",""lamodi""]",g14c3pfja39d3gk,uniform,,0.0,1.0,lamodi,matolu,lamodi,matolu,lamodi,,,,,0,1,101
segmentation_trial,407605,0.0-11.0-0.3,5,"[""tobanu"",""gukema"",""delubo"",""lamodi""]",g14c3pfja39d3gk,uniform,,0.0,0.0,delubo,kediba,kediba,delubo,kediba,,,,,0,1,20
segmentation_trial,413726,0.0-11.0-0.4,5,"[""tobanu"",""gukema"",""delubo"",""lamodi""]",g14c3pfja39d3gk,uniform,,0.0,1.0,gukema,matolu,gukema,matolu,gukema,,,,,0,1,61
segmentation_trial,420013,0.0-11.0-0.5,5,"[""tobanu"",""gukema"",""delubo"",""lamodi""]",g14c3pfja39d3gk,uniform,,0.0,1.0,lamodi,mogude,lamodi,mogude,lamodi,,,,,0,1,102
segmentation_trial,425957,0.0-11.0-0.6,5,"[""tobanu"",""gukema"",""delubo"",""lamodi""]",g14c3pfja39d3gk,uniform,,1.0,0.0,tobanu,matolu,tobanu,matolu,matolu,,,,,0,1,185
segmentation_trial,432021,0.0-11.0-0.7,5,"[""tobanu"",""gukema"",""delubo"",""lamodi""]",g14c3pfja39d3gk,uniform,,1.0,1.0,delubo,nubola,nubola,delubo,delubo,,,,,0,1,23
segmentation_trial,438174,0.0-11.0-0.8,5,"[""tobanu"",""gukema"",""delubo"",""lamodi""]",g14c3pfja39d3gk,uniform,,0.0,1.0,gukema,mogude,gukema,mogude,gukema,,,,,0,1,62
segmentation_trial,444893,0.0-11.0-0.9,5,"[""tobanu"",""gukema"",""delubo"",""lamodi""]",g14c3pfja39d3gk,uniform,,1.0,1.0,tobanu,kediba,kediba,tobanu,tobanu,,,,,0,1,184
segmentation_trial,451565,0.0-11.0-0.10,5,"[""tobanu"",""gukema"",""delubo"",""lamodi""]",g14c3pfja39d3gk,uniform,,1.0,0.0,delubo,mogude,delubo,mogude,mogude,,,,,0,1,22
segmentation_trial,457653,0.0-11.0-0.11,5,"[""tobanu"",""gukema"",""delubo"",""lamodi""]",g14c3pfja39d3gk,uniform,,1.0,1.0,tobanu,nubola,nubola,tobanu,tobanu,,,,,0,1,187
segmentation_trial,463909,0.0-11.0-0.12,5,"[""tobanu"",""gukema"",""delubo"",""lamodi""]",g14c3pfja39d3gk,uniform,,1.0,0.0,delubo,matolu,delubo,matolu,matolu,,,,,0,1,21
segmentation_trial,470246,0.0-11.0-0.13,5,"[""tobanu"",""gukema"",""delubo"",""lamodi""]",g14c3pfja39d3gk,uniform,,0.0,0.0,gukema,kediba,kediba,gukema,kediba,,,,,0,1,60
segmentation_trial,476389,0.0-11.0-0.14,5,"[""tobanu"",""gukema"",""delubo"",""lamodi""]",g14c3pfja39d3gk,uniform,,1.0,1.0,lamodi,nubola,nubola,lamodi,lamodi,,,,,0,1,103
segmentation_trial,482621,0.0-11.0-0.15,5,"[""tobanu"",""gukema"",""delubo"",""lamodi""]",g14c3pfja39d3gk,uniform,,1.0,1.0,lamodi,kediba,kediba,lamodi,lamodi,,,,,0,1,100
segmentation_trial,265474,0.0-11.0-0.0,2,"[""binaku"",""temula"",""dokine"",""galedi""]",zwkyng6323usns0,uniform,,0.0,0.0,galedi,negado,negado,galedi,negado,,,,,0,2,47
segmentation_trial,271221,0.0-11.0-0.1,2,"[""binaku"",""temula"",""dokine"",""galedi""]",zwkyng6323usns0,uniform,,0.0,1.0,binaku,mudile,binaku,mudile,binaku,,,,,0,2,6
segmentation_trial,277280,0.0-11.0-0.2,2,"[""binaku"",""temula"",""dokine"",""galedi""]",zwkyng6323usns0,uniform,,0.0,1.0,galedi,lakubi,galedi,lakubi,galedi,,,,,0,2,45
segmentation_trial,283197,0.0-11.0-0.3,2,"[""binaku"",""temula"",""dokine"",""galedi""]",zwkyng6323usns0,uniform,,1.0,0.0,dokine,mudile,dokine,mudile,mudile,,,,,0,2,38
segmentation_trial,289138,0.0-11.0-0.4,2,"[""binaku"",""temula"",""dokine"",""galedi""]",zwkyng6323usns0,uniform,,0.0,0.0,binaku,kitena,kitena,binaku,kitena,,,,,0,2,4
segmentation_trial,294926,0.0-11.0-0.5,2,"[""binaku"",""temula"",""dokine"",""galedi""]",zwkyng6323usns0,uniform,,1.0,0.0,galedi,mudile,galedi,mudile,mudile,,,,,0,2,46
segmentation_trial,300778,0.0-11.0-0.6,2,"[""binaku"",""temula"",""dokine"",""galedi""]",zwkyng6323usns0,uniform,,0.0,1.0,temula,lakubi,temula,lakubi,temula,,,,,0,2,181
segmentation_trial,307083,0.0-11.0-0.7,2,"[""binaku"",""temula"",""dokine"",""galedi""]",zwkyng6323usns0,uniform,,0.0,0.0,binaku,negado,negado,binaku,negado,,,,,0,2,7
segmentation_trial,313114,0.0-11.0-0.8,2,"[""binaku"",""temula"",""dokine"",""galedi""]",zwkyng6323usns0,uniform,,1.0,0.0,temula,mudile,temula,mudile,mudile,,,,,0,2,182
segmentation_trial,319282,0.0-11.0-0.9,2,"[""binaku"",""temula"",""dokine"",""galedi""]",zwkyng6323usns0,uniform,,1.0,1.0,dokine,negado,negado,dokine,dokine,,,,,0,2,39
segmentation_trial,324970,0.0-11.0-0.10,2,"[""binaku"",""temula"",""dokine"",""galedi""]",zwkyng6323usns0,uniform,,0.0,0.0,galedi,kitena,kitena,galedi,kitena,,,,,0,2,44
segmentation_trial,331388,0.0-11.0-0.11,2,"[""binaku"",""temula"",""dokine"",""galedi""]",zwkyng6323usns0,uniform,,0.0,1.0,dokine,lakubi,dokine,lakubi,dokine,,,,,0,2,37
segmentation_trial,337218,0.0-11.0-0.12,2,"[""binaku"",""temula"",""dokine"",""galedi""]",zwkyng6323usns0,uniform,,0.0,0.0,temula,negado,negado,temula,negado,,,,,0,2,183
segmentation_trial,343186,0.0-11.0-0.13,2,"[""binaku"",""temula"",""dokine"",""galedi""]",zwkyng6323usns0,uniform,,1.0,1.0,dokine,kitena,kitena,dokine,dokine,,,,,0,2,36
segmentation_trial,349864,0.0-11.0-0.14,2,"[""binaku"",""temula"",""dokine"",""galedi""]",zwkyng6323usns0,uniform,,1.0,0.0,binaku,lakubi,binaku,lakubi,lakubi,,,,,0,2,5
segmentation_trial,355765,0.0-11.0-0.15,2,"[""binaku"",""temula"",""dokine"",""galedi""]",zwkyng6323usns0,uniform,,1.0,1.0,temula,kitena,kitena,temula,temula,,,,,0,2,180
segmentation_trial,360220,0.0-11.0-0.0,2,"[""lakubi"",""negado"",""mudile"",""kitena""]",f9b19nnt839wgg3,uniform,,0.0,1.0,kitena,binaku,kitena,binaku,kitena,,,,,0,1,80
segmentation_trial,369583,0.0-11.0-0.1,2,"[""lakubi"",""negado"",""mudile"",""kitena""]",f9b19nnt839wgg3,uniform,,0.0,1.0,negado,dokine,negado,dokine,negado,,,,,0,1,153
segmentation_trial,386564,0.0-11.0-0.2,2,"[""lakubi"",""negado"",""mudile"",""kitena""]",f9b19nnt839wgg3,uniform,,0.0,1.0,mudile,binaku,mudile,binaku,mudile,,,,,0,1,140
segmentation_trial,396037,0.0-11.0-0.3,2,"[""lakubi"",""negado"",""mudile"",""kitena""]",f9b19nnt839wgg3,uniform,,0.0,1.0,kitena,dokine,kitena,dokine,kitena,,,,,0,1,81
segmentation_trial,402653,0.0-11.0-0.4,2,"[""lakubi"",""negado"",""mudile"",""kitena""]",f9b19nnt839wgg3,uniform,,0.0,1.0,negado,binaku,negado,binaku,negado,,,,,0,1,152
segmentation_trial,409311,0.0-11.0-0.5,2,"[""lakubi"",""negado"",""mudile"",""kitena""]",f9b19nnt839wgg3,uniform,,1.0,1.0,kitena,temula,temula,kitena,kitena,,,,,0,1,83
segmentation_trial,417266,0.0-11.0-0.6,2,"[""lakubi"",""negado"",""mudile"",""kitena""]",f9b19nnt839wgg3,uniform,,1.0,1.0,lakubi,galedi,galedi,lakubi,lakubi,,,,,0,1,98
segmentation_trial,423653,0.0-11.0-0.7,2,"[""lakubi"",""negado"",""mudile"",""kitena""]",f9b19nnt839wgg3,uniform,,1.0,1.0,negado,temula,temula,negado,negado,,,,,0,1,155
segmentation_trial,429753,0.0-11.0-0.8,2,"[""lakubi"",""negado"",""mudile"",""kitena""]",f9b19nnt839wgg3,uniform,,1.0,1.0,kitena,galedi,galedi,kitena,kitena,,,,,0,1,82
segmentation_trial,436223,0.0-11.0-0.9,2,"[""lakubi"",""negado"",""mudile"",""kitena""]",f9b19nnt839wgg3,uniform,,0.0,1.0,lakubi,binaku,lakubi,binaku,lakubi,,,,,0,1,96
segmentation_trial,443138,0.0-11.0-0.10,2,"[""lakubi"",""negado"",""mudile"",""kitena""]",f9b19nnt839wgg3,uniform,,0.0,1.0,mudile,dokine,mudile,dokine,mudile,,,,,0,1,141
segmentation_trial,450585,0.0-11.0-0.11,2,"[""lakubi"",""negado"",""mudile"",""kitena""]",f9b19nnt839wgg3,uniform,,1.0,1.0,lakubi,temula,temula,lakubi,lakubi,,,,,0,1,99
segmentation_trial,458297,0.0-11.0-0.12,2,"[""lakubi"",""negado"",""mudile"",""kitena""]",f9b19nnt839wgg3,uniform,,1.0,1.0,mudile,galedi,galedi,mudile,mudile,,,,,0,1,142
segmentation_trial,465117,0.0-11.0-0.13,2,"[""lakubi"",""negado"",""mudile"",""kitena""]",f9b19nnt839wgg3,uniform,,0.0,1.0,lakubi,dokine,lakubi,dokine,lakubi,,,,,0,1,97
segmentation_trial,471799,0.0-11.0-0.14,2,"[""lakubi"",""negado"",""mudile"",""kitena""]",f9b19nnt839wgg3,uniform,,1.0,1.0,negado,galedi,galedi,negado,negado,,,,,0,1,154
segmentation_trial,478646,0.0-11.0-0.15,2,"[""lakubi"",""negado"",""mudile"",""kitena""]",f9b19nnt839wgg3,uniform,,1.0,1.0,mudile,temula,temula,mudile,mudile,,,,,0,1,143
segmentation_trial,325486,0.0-11.0-0.0,3,"[""nadite"",""lebado"",""bogumi"",""gitoka""]",4o5wv813cgx8zsp,zipfian,"[""nadite"",""lebado"",""gitoka"",""bogumi""]",1.0,1.0,nadite,minato,minato,nadite,nadite,nadite,lebado,gitoka,bogumi,1,2,146
segmentation_trial,332089,0.0-11.0-0.1,3,"[""nadite"",""lebado"",""bogumi"",""gitoka""]",4o5wv813cgx8zsp,zipfian,"[""nadite"",""lebado"",""gitoka"",""bogumi""]",1.0,1.0,bogumi,kalegu,kalegu,bogumi,bogumi,nadite,lebado,gitoka,bogumi,4,2,9
segmentation_trial,339051,0.0-11.0-0.2,3,"[""nadite"",""lebado"",""bogumi"",""gitoka""]",4o5wv813cgx8zsp,zipfian,"[""nadite"",""lebado"",""gitoka"",""bogumi""]",0.0,1.0,lebado,tebodi,lebado,tebodi,lebado,nadite,lebado,gitoka,bogumi,2,2,107
segmentation_trial,345455,0.0-11.0-0.3,3,"[""nadite"",""lebado"",""bogumi"",""gitoka""]",4o5wv813cgx8zsp,zipfian,"[""nadite"",""lebado"",""gitoka"",""bogumi""]",1.0,1.0,gitoka,kalegu,kalegu,gitoka,gitoka,nadite,lebado,gitoka,bogumi,3,2,53
segmentation_trial,352043,0.0-11.0-0.4,3,"[""nadite"",""lebado"",""bogumi"",""gitoka""]",4o5wv813cgx8zsp,zipfian,"[""nadite"",""lebado"",""gitoka"",""bogumi""]",0.0,1.0,bogumi,tebodi,bogumi,tebodi,bogumi,nadite,lebado,gitoka,bogumi,4,2,11
segmentation_trial,358351,0.0-11.0-0.5,3,"[""nadite"",""lebado"",""bogumi"",""gitoka""]",4o5wv813cgx8zsp,zipfian,"[""nadite"",""lebado"",""gitoka"",""bogumi""]",0.0,1.0,gitoka,dogiba,gitoka,dogiba,gitoka,nadite,lebado,gitoka,bogumi,3,2,52
segmentation_trial,365041,0.0-11.0-0.6,3,"[""nadite"",""lebado"",""bogumi"",""gitoka""]",4o5wv813cgx8zsp,zipfian,"[""nadite"",""lebado"",""gitoka"",""bogumi""]",0.0,0.0,lebado,minato,minato,lebado,minato,nadite,lebado,gitoka,bogumi,2,2,106
segmentation_trial,371539,0.0-11.0-0.7,3,"[""nadite"",""lebado"",""bogumi"",""gitoka""]",4o5wv813cgx8zsp,zipfian,"[""nadite"",""lebado"",""gitoka"",""bogumi""]",1.0,1.0,nadite,kalegu,kalegu,nadite,nadite,nadite,lebado,gitoka,bogumi,1,2,145
segmentation_trial,377771,0.0-11.0-0.8,3,"[""nadite"",""lebado"",""bogumi"",""gitoka""]",4o5wv813cgx8zsp,zipfian,"[""nadite"",""lebado"",""gitoka"",""bogumi""]",0.0,1.0,bogumi,dogiba,bogumi,dogiba,bogumi,nadite,lebado,gitoka,bogumi,4,2,8
segmentation_trial,384160,0.0-11.0-0.9,3,"[""nadite"",""lebado"",""bogumi"",""gitoka""]",4o5wv813cgx8zsp,zipfian,"[""nadite"",""lebado"",""gitoka"",""bogumi""]",0.0,0.0,lebado,kalegu,kalegu,lebado,kalegu,nadite,lebado,gitoka,bogumi,2,2,105
segmentation_trial,390601,0.0-11.0-0.10,3,"[""nadite"",""lebado"",""bogumi"",""gitoka""]",4o5wv813cgx8zsp,zipfian,"[""nadite"",""lebado"",""gitoka"",""bogumi""]",0.0,1.0,nadite,dogiba,nadite,dogiba,nadite,nadite,lebado,gitoka,bogumi,1,2,144
segmentation_trial,397411,0.0-11.0-0.11,3,"[""nadite"",""lebado"",""bogumi"",""gitoka""]",4o5wv813cgx8zsp,zipfian,"[""nadite"",""lebado"",""gitoka"",""bogumi""]",0.0,1.0,gitoka,tebodi,gitoka,tebodi,gitoka,nadite,lebado,gitoka,bogumi,3,2,55
segmentation_trial,403808,0.0-11.0-0.12,3,"[""nadite"",""lebado"",""bogumi"",""gitoka""]",4o5wv813cgx8zsp,zipfian,"[""nadite"",""lebado"",""gitoka"",""bogumi""]",1.0,1.0,bogumi,minato,minato,bogumi,bogumi,nadite,lebado,gitoka,bogumi,4,2,10
segmentation_trial,410314,0.0-11.0-0.13,3,"[""nadite"",""lebado"",""bogumi"",""gitoka""]",4o5wv813cgx8zsp,zipfian,"[""nadite"",""lebado"",""gitoka"",""bogumi""]",0.0,1.0,nadite,tebodi,nadite,tebodi,nadite,nadite,lebado,gitoka,bogumi,1,2,147
segmentation_trial,417434,0.0-11.0-0.14,3,"[""nadite"",""lebado"",""bogumi"",""gitoka""]",4o5wv813cgx8zsp,zipfian,"[""nadite"",""lebado"",""gitoka"",""bogumi""]",0.0,1.0,lebado,dogiba,lebado,dogiba,lebado,nadite,lebado,gitoka,bogumi,2,2,104
segmentation_trial,423739,0.0-11.0-0.15,3,"[""nadite"",""lebado"",""bogumi"",""gitoka""]",4o5wv813cgx8zsp,zipfian,"[""nadite"",""lebado"",""gitoka"",""bogumi""]",1.0,1.0,gitoka,minato,minato,gitoka,gitoka,nadite,lebado,gitoka,bogumi,3,2,54
segmentation_trial,343050,0.0-11.0-0.0,3,"[""dogiba"",""kalegu"",""tebodi"",""minato""]",ptw4rzl9lmprnux,zipfian,"[""minato"",""tebodi"",""kalegu"",""dogiba""]",0.0,0.0,kalegu,lebado,lebado,kalegu,lebado,minato,tebodi,kalegu,dogiba,3,1,70
segmentation_trial,349556,0.0-11.0-0.1,3,"[""dogiba"",""kalegu"",""tebodi"",""minato""]",ptw4rzl9lmprnux,zipfian,"[""minato"",""tebodi"",""kalegu"",""dogiba""]",0.0,1.0,dogiba,nadite,dogiba,nadite,dogiba,minato,tebodi,kalegu,dogiba,4,1,35
segmentation_trial,356314,0.0-11.0-0.2,3,"[""dogiba"",""kalegu"",""tebodi"",""minato""]",ptw4rzl9lmprnux,zipfian,"[""minato"",""tebodi"",""kalegu"",""dogiba""]",0.0,1.0,minato,bogumi,minato,bogumi,minato,minato,tebodi,kalegu,dogiba,1,1,128
segmentation_trial,363116,0.0-11.0-0.3,3,"[""dogiba"",""kalegu"",""tebodi"",""minato""]",ptw4rzl9lmprnux,zipfian,"[""minato"",""tebodi"",""kalegu"",""dogiba""]",0.0,0.0,tebodi,lebado,lebado,tebodi,lebado,minato,tebodi,kalegu,dogiba,2,1,170
segmentation_trial,375161,0.0-11.0-0.4,3,"[""dogiba"",""kalegu"",""tebodi"",""minato""]",ptw4rzl9lmprnux,zipfian,"[""minato"",""tebodi"",""kalegu"",""dogiba""]",1.0,1.0,minato,gitoka,gitoka,minato,minato,minato,tebodi,kalegu,dogiba,1,1,129
segmentation_trial,381946,0.0-11.0-0.5,3,"[""dogiba"",""kalegu"",""tebodi"",""minato""]",ptw4rzl9lmprnux,zipfian,"[""minato"",""tebodi"",""kalegu"",""dogiba""]",0.0,1.0,kalegu,nadite,kalegu,nadite,kalegu,minato,tebodi,kalegu,dogiba,3,1,71
segmentation_trial,388581,0.0-11.0-0.6,3,"[""dogiba"",""kalegu"",""tebodi"",""minato""]",ptw4rzl9lmprnux,zipfian,"[""minato"",""tebodi"",""kalegu"",""dogiba""]",1.0,0.0,dogiba,bogumi,dogiba,bogumi,bogumi,minato,tebodi,kalegu,dogiba,4,1,32
segmentation_trial,395828,0.0-11.0-0.7,3,"[""dogiba"",""kalegu"",""tebodi"",""minato""]",ptw4rzl9lmprnux,zipfian,"[""minato"",""tebodi"",""kalegu"",""dogiba""]",1.0,1.0,kalegu,gitoka,gitoka,kalegu,kalegu,minato,tebodi,kalegu,dogiba,3,1,69
segmentation_trial,403535,0.0-11.0-0.8,3,"[""dogiba"",""kalegu"",""tebodi"",""minato""]",ptw4rzl9lmprnux,zipfian,"[""minato"",""tebodi"",""kalegu"",""dogiba""]",0.0,1.0,minato,nadite,minato,nadite,minato,minato,tebodi,kalegu,dogiba,1,1,131
segmentation_trial,413117,0.0-11.0-0.9,3,"[""dogiba"",""kalegu"",""tebodi"",""minato""]",ptw4rzl9lmprnux,zipfian,"[""minato"",""tebodi"",""kalegu"",""dogiba""]",0.0,0.0,dogiba,lebado,lebado,dogiba,lebado,minato,tebodi,kalegu,dogiba,4,1,34
segmentation_trial,421588,0.0-11.0-0.10,3,"[""dogiba"",""kalegu"",""tebodi"",""minato""]",ptw4rzl9lmprnux,zipfian,"[""minato"",""tebodi"",""kalegu"",""dogiba""]",1.0,1.0,tebodi,gitoka,gitoka,tebodi,tebodi,minato,tebodi,kalegu,dogiba,2,1,169
segmentation_trial,428643,0.0-11.0-0.11,3,"[""dogiba"",""kalegu"",""tebodi"",""minato""]",ptw4rzl9lmprnux,zipfian,"[""minato"",""tebodi"",""kalegu"",""dogiba""]",1.0,0.0,kalegu,bogumi,kalegu,bogumi,bogumi,minato,tebodi,kalegu,dogiba,3,1,68
segmentation_trial,435493,0.0-11.0-0.12,3,"[""dogiba"",""kalegu"",""tebodi"",""minato""]",ptw4rzl9lmprnux,zipfian,"[""minato"",""tebodi"",""kalegu"",""dogiba""]",0.0,1.0,tebodi,nadite,tebodi,nadite,tebodi,minato,tebodi,kalegu,dogiba,2,1,171
segmentation_trial,442800,0.0-11.0-0.13,3,"[""dogiba"",""kalegu"",""tebodi"",""minato""]",ptw4rzl9lmprnux,zipfian,"[""minato"",""tebodi"",""kalegu"",""dogiba""]",0.0,0.0,dogiba,gitoka,gitoka,dogiba,gitoka,minato,tebodi,kalegu,dogiba,4,1,33
segmentation_trial,449951,0.0-11.0-0.14,3,"[""dogiba"",""kalegu"",""tebodi"",""minato""]",ptw4rzl9lmprnux,zipfian,"[""minato"",""tebodi"",""kalegu"",""dogiba""]",0.0,1.0,tebodi,bogumi,tebodi,bogumi,tebodi,minato,tebodi,kalegu,dogiba,2,1,168
segmentation_trial,457716,0.0-11.0-0.15,3,"[""dogiba"",""kalegu"",""tebodi"",""minato""]",ptw4rzl9lmprnux,zipfian,"[""minato"",""tebodi"",""kalegu"",""dogiba""]",1.0,1.0,minato,lebado,lebado,minato,minato,minato,tebodi,kalegu,dogiba,1,1,130
segmentation_trial,217275,0.0-11.0-0.0,1,"[""kulego"",""nagitu"",""tobuma"",""midobe""]",7rymzpyarcdx26c,zipfian,"[""kulego"",""nagitu"",""tobuma"",""midobe""]",1.0,1.0,tobuma,dotumi,dotumi,tobuma,tobuma,kulego,nagitu,tobuma,midobe,3,1,189
segmentation_trial,224793,0.0-11.0-0.1,1,"[""kulego"",""nagitu"",""tobuma"",""midobe""]",7rymzpyarcdx26c,zipfian,"[""kulego"",""nagitu"",""tobuma"",""midobe""]",1.0,0.0,midobe,lemaku,midobe,lemaku,lemaku,kulego,nagitu,tobuma,midobe,4,1,127
segmentation_trial,230527,0.0-11.0-0.2,1,"[""kulego"",""nagitu"",""tobuma"",""midobe""]",7rymzpyarcdx26c,zipfian,"[""kulego"",""nagitu"",""tobuma"",""midobe""]",0.0,1.0,kulego,bugona,kulego,bugona,kulego,kulego,nagitu,tobuma,midobe,1,1,88
segmentation_trial,236279,0.0-11.0-0.3,1,"[""kulego"",""nagitu"",""tobuma"",""midobe""]",7rymzpyarcdx26c,zipfian,"[""kulego"",""nagitu"",""tobuma"",""midobe""]",1.0,1.0,tobuma,gibeto,gibeto,tobuma,tobuma,kulego,nagitu,tobuma,midobe,3,1,190
segmentation_trial,243147,0.0-11.0-0.4,1,"[""kulego"",""nagitu"",""tobuma"",""midobe""]",7rymzpyarcdx26c,zipfian,"[""kulego"",""nagitu"",""tobuma"",""midobe""]",1.0,0.0,nagitu,lemaku,nagitu,lemaku,lemaku,kulego,nagitu,tobuma,midobe,2,1,151
segmentation_trial,248947,0.0-11.0-0.5,1,"[""kulego"",""nagitu"",""tobuma"",""midobe""]",7rymzpyarcdx26c,zipfian,"[""kulego"",""nagitu"",""tobuma"",""midobe""]",1.0,1.0,kulego,gibeto,gibeto,kulego,kulego,kulego,nagitu,tobuma,midobe,1,1,90
segmentation_trial,254896,0.0-11.0-0.6,1,"[""kulego"",""nagitu"",""tobuma"",""midobe""]",7rymzpyarcdx26c,zipfian,"[""kulego"",""nagitu"",""tobuma"",""midobe""]",0.0,1.0,tobuma,lemaku,tobuma,lemaku,tobuma,kulego,nagitu,tobuma,midobe,3,1,191
segmentation_trial,260965,0.0-11.0-0.7,1,"[""kulego"",""nagitu"",""tobuma"",""midobe""]",7rymzpyarcdx26c,zipfian,"[""kulego"",""nagitu"",""tobuma"",""midobe""]",0.0,0.0,nagitu,dotumi,dotumi,nagitu,dotumi,kulego,nagitu,tobuma,midobe,2,1,149
segmentation_trial,267299,0.0-11.0-0.8,1,"[""kulego"",""nagitu"",""tobuma"",""midobe""]",7rymzpyarcdx26c,zipfian,"[""kulego"",""nagitu"",""tobuma"",""midobe""]",0.0,0.0,midobe,gibeto,gibeto,midobe,gibeto,kulego,nagitu,tobuma,midobe,4,1,126
segmentation_trial,273164,0.0-11.0-0.9,1,"[""kulego"",""nagitu"",""tobuma"",""midobe""]",7rymzpyarcdx26c,zipfian,"[""kulego"",""nagitu"",""tobuma"",""midobe""]",0.0,1.0,kulego,lemaku,kulego,lemaku,kulego,kulego,nagitu,tobuma,midobe,1,1,91
segmentation_trial,279133,0.0-11.0-0.10,1,"[""kulego"",""nagitu"",""tobuma"",""midobe""]",7rymzpyarcdx26c,zipfian,"[""kulego"",""nagitu"",""tobuma"",""midobe""]",1.0,0.0,midobe,bugona,midobe,bugona,bugona,kulego,nagitu,tobuma,midobe,4,1,124
segmentation_trial,284933,0.0-11.0-0.11,1,"[""kulego"",""nagitu"",""tobuma"",""midobe""]",7rymzpyarcdx26c,zipfian,"[""kulego"",""nagitu"",""tobuma"",""midobe""]",1.0,1.0,nagitu,gibeto,gibeto,nagitu,nagitu,kulego,nagitu,tobuma,midobe,2,1,150
segmentation_trial,290666,0.0-11.0-0.12,1,"[""kulego"",""nagitu"",""tobuma"",""midobe""]",7rymzpyarcdx26c,zipfian,"[""kulego"",""nagitu"",""tobuma"",""midobe""]",0.0,1.0,tobuma,bugona,tobuma,bugona,tobuma,kulego,nagitu,tobuma,midobe,3,1,188
segmentation_trial,296884,0.0-11.0-0.13,1,"[""kulego"",""nagitu"",""tobuma"",""midobe""]",7rymzpyarcdx26c,zipfian,"[""kulego"",""nagitu"",""tobuma"",""midobe""]",0.0,0.0,midobe,dotumi,dotumi,midobe,dotumi,kulego,nagitu,tobuma,midobe,4,1,125
segmentation_trial,302919,0.0-11.0-0.14,1,"[""kulego"",""nagitu"",""tobuma"",""midobe""]",7rymzpyarcdx26c,zipfian,"[""kulego"",""nagitu"",""tobuma"",""midobe""]",1.0,0.0,nagitu,bugona,nagitu,bugona,bugona,kulego,nagitu,tobuma,midobe,2,1,148
segmentation_trial,308618,0.0-11.0-0.15,1,"[""kulego"",""nagitu"",""tobuma"",""midobe""]",7rymzpyarcdx26c,zipfian,"[""kulego"",""nagitu"",""tobuma"",""midobe""]",1.0,1.0,kulego,dotumi,dotumi,kulego,kulego,kulego,nagitu,tobuma,midobe,1,1,89
segmentation_trial,388386,0.0-11.0-0.0,3,"[""dogiba"",""kalegu"",""tebodi"",""minato""]",j7g8h4jv1a04wwy,zipfian,"[""tebodi"",""dogiba"",""minato"",""kalegu""]",1.0,1.0,kalegu,gitoka,gitoka,kalegu,kalegu,tebodi,dogiba,minato,kalegu,4,1,69
segmentation_trial,397025,0.0-11.0-0.1,3,"[""dogiba"",""kalegu"",""tebodi"",""minato""]",j7g8h4jv1a04wwy,zipfian,"[""tebodi"",""dogiba"",""minato"",""kalegu""]",0.0,1.0,tebodi,bogumi,tebodi,bogumi,tebodi,tebodi,dogiba,minato,kalegu,1,1,168
segmentation_trial,404809,0.0-11.0-0.2,3,"[""dogiba"",""kalegu"",""tebodi"",""minato""]",j7g8h4jv1a04wwy,zipfian,"[""tebodi"",""dogiba"",""minato"",""kalegu""]",1.0,0.0,dogiba,nadite,dogiba,nadite,nadite,tebodi,dogiba,minato,kalegu,2,1,35
segmentation_trial,413393,0.0-11.0-0.3,3,"[""dogiba"",""kalegu"",""tebodi"",""minato""]",j7g8h4jv1a04wwy,zipfian,"[""tebodi"",""dogiba"",""minato"",""kalegu""]",1.0,1.0,kalegu,lebado,lebado,kalegu,kalegu,tebodi,dogiba,minato,kalegu,4,1,70
segmentation_trial,420217,0.0-11.0-0.4,3,"[""dogiba"",""kalegu"",""tebodi"",""minato""]",j7g8h4jv1a04wwy,zipfian,"[""tebodi"",""dogiba"",""minato"",""kalegu""]",1.0,0.0,dogiba,bogumi,dogiba,bogumi,bogumi,tebodi,dogiba,minato,kalegu,2,1,32
segmentation_trial,426486,0.0-11.0-0.5,3,"[""dogiba"",""kalegu"",""tebodi"",""minato""]",j7g8h4jv1a04wwy,zipfian,"[""tebodi"",""dogiba"",""minato"",""kalegu""]",0.0,0.0,tebodi,gitoka,gitoka,tebodi,gitoka,tebodi,dogiba,minato,kalegu,1,1,169
segmentation_trial,433207,0.0-11.0-0.6,3,"[""dogiba"",""kalegu"",""tebodi"",""minato""]",j7g8h4jv1a04wwy,zipfian,"[""tebodi"",""dogiba"",""minato"",""kalegu""]",1.0,0.0,minato,bogumi,minato,bogumi,bogumi,tebodi,dogiba,minato,kalegu,3,1,128
segmentation_trial,439672,0.0-11.0-0.7,3,"[""dogiba"",""kalegu"",""tebodi"",""minato""]",j7g8h4jv1a04wwy,zipfian,"[""tebodi"",""dogiba"",""minato"",""kalegu""]",1.0,0.0,tebodi,nadite,tebodi,nadite,nadite,tebodi,dogiba,minato,kalegu,1,1,171
segmentation_trial,446902,0.0-11.0-0.8,3,"[""dogiba"",""kalegu"",""tebodi"",""minato""]",j7g8h4jv1a04wwy,zipfian,"[""tebodi"",""dogiba"",""minato"",""kalegu""]",1.0,1.0,minato,lebado,lebado,minato,minato,tebodi,dogiba,minato,kalegu,3,1,130
segmentation_trial,454117,0.0-11.0-0.9,3,"[""dogiba"",""kalegu"",""tebodi"",""minato""]",j7g8h4jv1a04wwy,zipfian,"[""tebodi"",""dogiba"",""minato"",""kalegu""]",1.0,0.0,kalegu,bogumi,kalegu,bogumi,bogumi,tebodi,dogiba,minato,kalegu,4,1,68
segmentation_trial,460710,0.0-11.0-0.10,3,"[""dogiba"",""kalegu"",""tebodi"",""minato""]",j7g8h4jv1a04wwy,zipfian,"[""tebodi"",""dogiba"",""minato"",""kalegu""]",0.0,1.0,minato,nadite,minato,nadite,minato,tebodi,dogiba,minato,kalegu,3,1,131
segmentation_trial,467228,0.0-11.0-0.11,3,"[""dogiba"",""kalegu"",""tebodi"",""minato""]",j7g8h4jv1a04wwy,zipfian,"[""tebodi"",""dogiba"",""minato"",""kalegu""]",0.0,0.0,tebodi,lebado,lebado,tebodi,lebado,tebodi,dogiba,minato,kalegu,1,1,170
segmentation_trial,474764,0.0-11.0-0.12,3,"[""dogiba"",""kalegu"",""tebodi"",""minato""]",j7g8h4jv1a04wwy,zipfian,"[""tebodi"",""dogiba"",""minato"",""kalegu""]",1.0,1.0,dogiba,gitoka,gitoka,dogiba,dogiba,tebodi,dogiba,minato,kalegu,2,1,33
segmentation_trial,481200,0.0-11.0-0.13,3,"[""dogiba"",""kalegu"",""tebodi"",""minato""]",j7g8h4jv1a04wwy,zipfian,"[""tebodi"",""dogiba"",""minato"",""kalegu""]",0.0,1.0,kalegu,nadite,kalegu,nadite,kalegu,tebodi,dogiba,minato,kalegu,4,1,71
segmentation_trial,487876,0.0-11.0-0.14,3,"[""dogiba"",""kalegu"",""tebodi"",""minato""]",j7g8h4jv1a04wwy,zipfian,"[""tebodi"",""dogiba"",""minato"",""kalegu""]",0.0,0.0,dogiba,lebado,lebado,dogiba,lebado,tebodi,dogiba,minato,kalegu,2,1,34
segmentation_trial,493959,0.0-11.0-0.15,3,"[""dogiba"",""kalegu"",""tebodi"",""minato""]",j7g8h4jv1a04wwy,zipfian,"[""tebodi"",""dogiba"",""minato"",""kalegu""]",1.0,1.0,minato,gitoka,gitoka,minato,minato,tebodi,dogiba,minato,kalegu,3,1,129
segmentation_trial,373344,0.0-11.0-0.0,2,"[""lakubi"",""negado"",""mudile"",""kitena""]",dfw466ye92z4qty,uniform,,0.0,1.0,mudile,dokine,mudile,dokine,mudile,,,,,0,1,141
segmentation_trial,381315,0.0-11.0-0.1,2,"[""lakubi"",""negado"",""mudile"",""kitena""]",dfw466ye92z4qty,uniform,,1.0,1.0,kitena,galedi,galedi,kitena,kitena,,,,,0,1,82
segmentation_trial,387723,0.0-11.0-0.2,2,"[""lakubi"",""negado"",""mudile"",""kitena""]",dfw466ye92z4qty,uniform,,1.0,0.0,negado,binaku,negado,binaku,binaku,,,,,0,1,152
segmentation_trial,395246,0.0-11.0-0.3,2,"[""lakubi"",""negado"",""mudile"",""kitena""]",dfw466ye92z4qty,uniform,,1.0,0.0,lakubi,dokine,lakubi,dokine,dokine,,,,,0,1,97
segmentation_trial,402146,0.0-11.0-0.4,2,"[""lakubi"",""negado"",""mudile"",""kitena""]",dfw466ye92z4qty,uniform,,0.0,0.0,negado,galedi,galedi,negado,galedi,,,,,0,1,154
segmentation_trial,408923,0.0-11.0-0.5,2,"[""lakubi"",""negado"",""mudile"",""kitena""]",dfw466ye92z4qty,uniform,,1.0,1.0,lakubi,temula,temula,lakubi,lakubi,,,,,0,1,99
segmentation_trial,416215,0.0-11.0-0.6,2,"[""lakubi"",""negado"",""mudile"",""kitena""]",dfw466ye92z4qty,uniform,,1.0,0.0,kitena,dokine,kitena,dokine,dokine,,,,,0,1,81
segmentation_trial,424511,0.0-11.0-0.7,2,"[""lakubi"",""negado"",""mudile"",""kitena""]",dfw466ye92z4qty,uniform,,1.0,1.0,negado,temula,temula,negado,negado,,,,,0,1,155
segmentation_trial,431507,0.0-11.0-0.8,2,"[""lakubi"",""negado"",""mudile"",""kitena""]",dfw466ye92z4qty,uniform,,0.0,1.0,kitena,binaku,kitena,binaku,kitena,,,,,0,1,80
segmentation_trial,437982,0.0-11.0-0.9,2,"[""lakubi"",""negado"",""mudile"",""kitena""]",dfw466ye92z4qty,uniform,,0.0,0.0,lakubi,galedi,galedi,lakubi,galedi,,,,,0,1,98
segmentation_trial,448637,0.0-11.0-0.10,2,"[""lakubi"",""negado"",""mudile"",""kitena""]",dfw466ye92z4qty,uniform,,0.0,0.0,kitena,temula,temula,kitena,temula,,,,,0,1,83
segmentation_trial,454784,0.0-11.0-0.11,2,"[""lakubi"",""negado"",""mudile"",""kitena""]",dfw466ye92z4qty,uniform,,0.0,1.0,lakubi,binaku,lakubi,binaku,lakubi,,,,,0,1,96
segmentation_trial,461474,0.0-11.0-0.12,2,"[""lakubi"",""negado"",""mudile"",""kitena""]",dfw466ye92z4qty,uniform,,0.0,1.0,negado,dokine,negado,dokine,negado,,,,,0,1,153
segmentation_trial,469564,0.0-11.0-0.13,2,"[""lakubi"",""negado"",""mudile"",""kitena""]",dfw466ye92z4qty,uniform,,0.0,1.0,mudile,binaku,mudile,binaku,mudile,,,,,0,1,140
segmentation_trial,476636,0.0-11.0-0.14,2,"[""lakubi"",""negado"",""mudile"",""kitena""]",dfw466ye92z4qty,uniform,,1.0,1.0,mudile,galedi,galedi,mudile,mudile,,,,,0,1,142
segmentation_trial,483326,0.0-11.0-0.15,2,"[""lakubi"",""negado"",""mudile"",""kitena""]",dfw466ye92z4qty,uniform,,1.0,1.0,mudile,temula,temula,mudile,mudile,,,,,0,1,143
segmentation_trial,291724,0.0-11.0-0.0,5,"[""matolu"",""nubola"",""mogude"",""kediba""]",9jdnyuczvd5udac,uniform,,0.0,0.0,nubola,gukema,gukema,nubola,gukema,,,,,0,2,165
segmentation_trial,298047,0.0-11.0-0.1,5,"[""matolu"",""nubola"",""mogude"",""kediba""]",9jdnyuczvd5udac,uniform,,0.0,1.0,kediba,tobanu,kediba,tobanu,kediba,,,,,0,2,75
segmentation_trial,304734,0.0-11.0-0.2,5,"[""matolu"",""nubola"",""mogude"",""kediba""]",9jdnyuczvd5udac,uniform,,1.0,1.0,matolu,lamodi,lamodi,matolu,matolu,,,,,0,2,118
segmentation_trial,311156,0.0-11.0-0.3,5,"[""matolu"",""nubola"",""mogude"",""kediba""]",9jdnyuczvd5udac,uniform,,0.0,1.0,mogude,delubo,mogude,delubo,mogude,,,,,0,2,136
segmentation_trial,318263,0.0-11.0-0.4,5,"[""matolu"",""nubola"",""mogude"",""kediba""]",9jdnyuczvd5udac,uniform,,0.0,1.0,matolu,tobanu,matolu,tobanu,matolu,,,,,0,2,119
segmentation_trial,324944,0.0-11.0-0.5,5,"[""matolu"",""nubola"",""mogude"",""kediba""]",9jdnyuczvd5udac,uniform,,0.0,0.0,mogude,lamodi,lamodi,mogude,lamodi,,,,,0,2,138
segmentation_trial,332112,0.0-11.0-0.6,5,"[""matolu"",""nubola"",""mogude"",""kediba""]",9jdnyuczvd5udac,uniform,,1.0,0.0,nubola,tobanu,nubola,tobanu,tobanu,,,,,0,2,167
segmentation_trial,338743,0.0-11.0-0.7,5,"[""matolu"",""nubola"",""mogude"",""kediba""]",9jdnyuczvd5udac,uniform,,1.0,1.0,matolu,gukema,gukema,matolu,matolu,,,,,0,2,117
segmentation_trial,345217,0.0-11.0-0.8,5,"[""matolu"",""nubola"",""mogude"",""kediba""]",9jdnyuczvd5udac,uniform,,0.0,1.0,kediba,delubo,kediba,delubo,kediba,,,,,0,2,72
segmentation_trial,351672,0.0-11.0-0.9,5,"[""matolu"",""nubola"",""mogude"",""kediba""]",9jdnyuczvd5udac,uniform,,0.0,0.0,nubola,lamodi,lamodi,nubola,lamodi,,,,,0,2,166
segmentation_trial,358296,0.0-11.0-0.10,5,"[""matolu"",""nubola"",""mogude"",""kediba""]",9jdnyuczvd5udac,uniform,,1.0,1.0,kediba,gukema,gukema,kediba,kediba,,,,,0,2,73
segmentation_trial,366883,0.0-11.0-0.11,5,"[""matolu"",""nubola"",""mogude"",""kediba""]",9jdnyuczvd5udac,uniform,,1.0,0.0,nubola,delubo,nubola,delubo,delubo,,,,,0,2,164
segmentation_trial,374234,0.0-11.0-0.12,5,"[""matolu"",""nubola"",""mogude"",""kediba""]",9jdnyuczvd5udac,uniform,,1.0,1.0,mogude,gukema,gukema,mogude,mogude,,,,,0,2,137
segmentation_trial,381958,0.0-11.0-0.13,5,"[""matolu"",""nubola"",""mogude"",""kediba""]",9jdnyuczvd5udac,uniform,,0.0,1.0,matolu,delubo,matolu,delubo,matolu,,,,,0,2,116
segmentation_trial,388228,0.0-11.0-0.14,5,"[""matolu"",""nubola"",""mogude"",""kediba""]",9jdnyuczvd5udac,uniform,,1.0,1.0,kediba,lamodi,lamodi,kediba,kediba,,,,,0,2,74
segmentation_trial,395188,0.0-11.0-0.15,5,"[""matolu"",""nubola"",""mogude"",""kediba""]",9jdnyuczvd5udac,uniform,,0.0,1.0,mogude,tobanu,mogude,tobanu,mogude,,,,,0,2,139
segmentation_trial,312204,0.0-11.0-0.0,3,"[""nadite"",""lebado"",""bogumi"",""gitoka""]",fuwraunpnvbppu9,zipfian,"[""bogumi"",""nadite"",""lebado"",""gitoka""]",0.0,1.0,bogumi,dogiba,bogumi,dogiba,bogumi,bogumi,nadite,lebado,gitoka,1,2,8
segmentation_trial,319198,0.0-11.0-0.1,3,"[""nadite"",""lebado"",""bogumi"",""gitoka""]",fuwraunpnvbppu9,zipfian,"[""bogumi"",""nadite"",""lebado"",""gitoka""]",0.0,0.0,gitoka,minato,minato,gitoka,minato,bogumi,nadite,lebado,gitoka,4,2,54
segmentation_trial,325536,0.0-11.0-0.2,3,"[""nadite"",""lebado"",""bogumi"",""gitoka""]",fuwraunpnvbppu9,zipfian,"[""bogumi"",""nadite"",""lebado"",""gitoka""]",0.0,1.0,lebado,tebodi,lebado,tebodi,lebado,bogumi,nadite,lebado,gitoka,3,2,107
segmentation_trial,332699,0.0-11.0-0.3,3,"[""nadite"",""lebado"",""bogumi"",""gitoka""]",fuwraunpnvbppu9,zipfian,"[""bogumi"",""nadite"",""lebado"",""gitoka""]",1.0,0.0,nadite,dogiba,nadite,dogiba,dogiba,bogumi,nadite,lebado,gitoka,2,2,144
segmentation_trial,339280,0.0-11.0-0.4,3,"[""nadite"",""lebado"",""bogumi"",""gitoka""]",fuwraunpnvbppu9,zipfian,"[""bogumi"",""nadite"",""lebado"",""gitoka""]",1.0,1.0,bogumi,kalegu,kalegu,bogumi,bogumi,bogumi,nadite,lebado,gitoka,1,2,9
segmentation_trial,346259,0.0-11.0-0.5,3,"[""nadite"",""lebado"",""bogumi"",""gitoka""]",fuwraunpnvbppu9,zipfian,"[""bogumi"",""nadite"",""lebado"",""gitoka""]",1.0,1.0,lebado,minato,minato,lebado,lebado,bogumi,nadite,lebado,gitoka,3,2,106
segmentation_trial,353030,0.0-11.0-0.6,3,"[""nadite"",""lebado"",""bogumi"",""gitoka""]",fuwraunpnvbppu9,zipfian,"[""bogumi"",""nadite"",""lebado"",""gitoka""]",1.0,0.0,nadite,tebodi,nadite,tebodi,tebodi,bogumi,nadite,lebado,gitoka,2,2,147
segmentation_trial,360512,0.0-11.0-0.7,3,"[""nadite"",""lebado"",""bogumi"",""gitoka""]",fuwraunpnvbppu9,zipfian,"[""bogumi"",""nadite"",""lebado"",""gitoka""]",1.0,1.0,bogumi,minato,minato,bogumi,bogumi,bogumi,nadite,lebado,gitoka,1,2,10
segmentation_trial,367202,0.0-11.0-0.8,3,"[""nadite"",""lebado"",""bogumi"",""gitoka""]",fuwraunpnvbppu9,zipfian,"[""bogumi"",""nadite"",""lebado"",""gitoka""]",1.0,1.0,lebado,kalegu,kalegu,lebado,lebado,bogumi,nadite,lebado,gitoka,3,2,105
segmentation_trial,374485,0.0-11.0-0.9,3,"[""nadite"",""lebado"",""bogumi"",""gitoka""]",fuwraunpnvbppu9,zipfian,"[""bogumi"",""nadite"",""lebado"",""gitoka""]",0.0,1.0,gitoka,dogiba,gitoka,dogiba,gitoka,bogumi,nadite,lebado,gitoka,4,2,52
segmentation_trial,380864,0.0-11.0-0.10,3,"[""nadite"",""lebado"",""bogumi"",""gitoka""]",fuwraunpnvbppu9,zipfian,"[""bogumi"",""nadite"",""lebado"",""gitoka""]",0.0,1.0,bogumi,tebodi,bogumi,tebodi,bogumi,bogumi,nadite,lebado,gitoka,1,2,11
segmentation_trial,387423,0.0-11.0-0.11,3,"[""nadite"",""lebado"",""bogumi"",""gitoka""]",fuwraunpnvbppu9,zipfian,"[""bogumi"",""nadite"",""lebado"",""gitoka""]",1.0,1.0,gitoka,kalegu,kalegu,gitoka,gitoka,bogumi,nadite,lebado,gitoka,4,2,53
segmentation_trial,393970,0.0-11.0-0.12,3,"[""nadite"",""lebado"",""bogumi"",""gitoka""]",fuwraunpnvbppu9,zipfian,"[""bogumi"",""nadite"",""lebado"",""gitoka""]",0.0,1.0,lebado,dogiba,lebado,dogiba,lebado,bogumi,nadite,lebado,gitoka,3,2,104
segmentation_trial,400605,0.0-11.0-0.13,3,"[""nadite"",""lebado"",""bogumi"",""gitoka""]",fuwraunpnvbppu9,zipfian,"[""bogumi"",""nadite"",""lebado"",""gitoka""]",1.0,0.0,gitoka,tebodi,gitoka,tebodi,tebodi,bogumi,nadite,lebado,gitoka,4,2,55
segmentation_trial,407371,0.0-11.0-0.14,3,"[""nadite"",""lebado"",""bogumi"",""gitoka""]",fuwraunpnvbppu9,zipfian,"[""bogumi"",""nadite"",""lebado"",""gitoka""]",0.0,0.0,nadite,kalegu,kalegu,nadite,kalegu,bogumi,nadite,lebado,gitoka,2,2,145
segmentation_trial,413787,0.0-11.0-0.15,3,"[""nadite"",""lebado"",""bogumi"",""gitoka""]",fuwraunpnvbppu9,zipfian,"[""bogumi"",""nadite"",""lebado"",""gitoka""]",0.0,0.0,nadite,minato,minato,nadite,minato,bogumi,nadite,lebado,gitoka,2,2,146
segmentation_trial,409347,0.0-11.0-0.0,2,"[""binaku"",""temula"",""dokine"",""galedi""]",8duto9mw3mxcm7s,uniform,,1.0,0.0,galedi,mudile,galedi,mudile,mudile,,,,,0,2,46
segmentation_trial,416793,0.0-11.0-0.1,2,"[""binaku"",""temula"",""dokine"",""galedi""]",8duto9mw3mxcm7s,uniform,,0.0,1.0,temula,lakubi,temula,lakubi,temula,,,,,0,2,181
segmentation_trial,424291,0.0-11.0-0.2,2,"[""binaku"",""temula"",""dokine"",""galedi""]",8duto9mw3mxcm7s,uniform,,1.0,1.0,dokine,negado,negado,dokine,dokine,,,,,0,2,39
segmentation_trial,431429,0.0-11.0-0.3,2,"[""binaku"",""temula"",""dokine"",""galedi""]",8duto9mw3mxcm7s,uniform,,0.0,1.0,galedi,lakubi,galedi,lakubi,galedi,,,,,0,2,45
segmentation_trial,439003,0.0-11.0-0.4,2,"[""binaku"",""temula"",""dokine"",""galedi""]",8duto9mw3mxcm7s,uniform,,0.0,1.0,temula,mudile,temula,mudile,temula,,,,,0,2,182
segmentation_trial,447081,0.0-11.0-0.5,2,"[""binaku"",""temula"",""dokine"",""galedi""]",8duto9mw3mxcm7s,uniform,,0.0,1.0,dokine,lakubi,dokine,lakubi,dokine,,,,,0,2,37
segmentation_trial,454159,0.0-11.0-0.6,2,"[""binaku"",""temula"",""dokine"",""galedi""]",8duto9mw3mxcm7s,uniform,,1.0,1.0,temula,negado,negado,temula,temula,,,,,0,2,183
segmentation_trial,461377,0.0-11.0-0.7,2,"[""binaku"",""temula"",""dokine"",""galedi""]",8duto9mw3mxcm7s,uniform,,0.0,1.0,binaku,mudile,binaku,mudile,binaku,,,,,0,2,6
segmentation_trial,468157,0.0-11.0-0.8,2,"[""binaku"",""temula"",""dokine"",""galedi""]",8duto9mw3mxcm7s,uniform,,1.0,1.0,dokine,kitena,kitena,dokine,dokine,,,,,0,2,36
segmentation_trial,475555,0.0-11.0-0.9,2,"[""binaku"",""temula"",""dokine"",""galedi""]",8duto9mw3mxcm7s,uniform,,0.0,1.0,binaku,lakubi,binaku,lakubi,binaku,,,,,0,2,5
segmentation_trial,482795,0.0-11.0-0.10,2,"[""binaku"",""temula"",""dokine"",""galedi""]",8duto9mw3mxcm7s,uniform,,0.0,1.0,dokine,mudile,dokine,mudile,dokine,,,,,0,2,38
segmentation_trial,491119,0.0-11.0-0.11,2,"[""binaku"",""temula"",""dokine"",""galedi""]",8duto9mw3mxcm7s,uniform,,1.0,1.0,binaku,kitena,kitena,binaku,binaku,,,,,0,2,4
segmentation_trial,498175,0.0-11.0-0.12,2,"[""binaku"",""temula"",""dokine"",""galedi""]",8duto9mw3mxcm7s,uniform,,1.0,1.0,galedi,negado,negado,galedi,galedi,,,,,0,2,47
segmentation_trial,505051,0.0-11.0-0.13,2,"[""binaku"",""temula"",""dokine"",""galedi""]",8duto9mw3mxcm7s,uniform,,1.0,1.0,temula,kitena,kitena,temula,temula,,,,,0,2,180
segmentation_trial,513105,0.0-11.0-0.14,2,"[""binaku"",""temula"",""dokine"",""galedi""]",8duto9mw3mxcm7s,uniform,,1.0,1.0,binaku,negado,negado,binaku,binaku,,,,,0,2,7
segmentation_trial,519925,0.0-11.0-0.15,2,"[""binaku"",""temula"",""dokine"",""galedi""]",8duto9mw3mxcm7s,uniform,,1.0,1.0,galedi,kitena,kitena,galedi,galedi,,,,,0,2,44
segmentation_trial,215421,0.0-11.0-0.0,2,"[""binaku"",""temula"",""dokine"",""galedi""]",gq9277prpz8crbf,zipfian,"[""galedi"",""dokine"",""binaku"",""temula""]",0.0,1.0,temula,mudile,temula,mudile,temula,galedi,dokine,binaku,temula,4,2,182
segmentation_trial,221336,0.0-11.0-0.1,2,"[""binaku"",""temula"",""dokine"",""galedi""]",gq9277prpz8crbf,zipfian,"[""galedi"",""dokine"",""binaku"",""temula""]",0.0,0.0,binaku,kitena,kitena,binaku,kitena,galedi,dokine,binaku,temula,3,2,4
segmentation_trial,227278,0.0-11.0-0.2,2,"[""binaku"",""temula"",""dokine"",""galedi""]",gq9277prpz8crbf,zipfian,"[""galedi"",""dokine"",""binaku"",""temula""]",0.0,1.0,temula,lakubi,temula,lakubi,temula,galedi,dokine,binaku,temula,4,2,181
segmentation_trial,233632,0.0-11.0-0.3,2,"[""binaku"",""temula"",""dokine"",""galedi""]",gq9277prpz8crbf,zipfian,"[""galedi"",""dokine"",""binaku"",""temula""]",1.0,1.0,dokine,negado,negado,dokine,dokine,galedi,dokine,binaku,temula,2,2,39
segmentation_trial,239627,0.0-11.0-0.4,2,"[""binaku"",""temula"",""dokine"",""galedi""]",gq9277prpz8crbf,zipfian,"[""galedi"",""dokine"",""binaku"",""temula""]",1.0,1.0,temula,kitena,kitena,temula,temula,galedi,dokine,binaku,temula,4,2,180
segmentation_trial,254670,0.0-11.0-0.5,2,"[""binaku"",""temula"",""dokine"",""galedi""]",gq9277prpz8crbf,zipfian,"[""galedi"",""dokine"",""binaku"",""temula""]",0.0,1.0,galedi,lakubi,galedi,lakubi,galedi,galedi,dokine,binaku,temula,1,2,45
segmentation_trial,260593,0.0-11.0-0.6,2,"[""binaku"",""temula"",""dokine"",""galedi""]",gq9277prpz8crbf,zipfian,"[""galedi"",""dokine"",""binaku"",""temula""]",1.0,1.0,temula,negado,negado,temula,temula,galedi,dokine,binaku,temula,4,2,183
segmentation_trial,266328,0.0-11.0-0.7,2,"[""binaku"",""temula"",""dokine"",""galedi""]",gq9277prpz8crbf,zipfian,"[""galedi"",""dokine"",""binaku"",""temula""]",1.0,0.0,binaku,mudile,binaku,mudile,mudile,galedi,dokine,binaku,temula,3,2,6
segmentation_trial,272465,0.0-11.0-0.8,2,"[""binaku"",""temula"",""dokine"",""galedi""]",gq9277prpz8crbf,zipfian,"[""galedi"",""dokine"",""binaku"",""temula""]",1.0,1.0,dokine,kitena,kitena,dokine,dokine,galedi,dokine,binaku,temula,2,2,36
segmentation_trial,278419,0.0-11.0-0.9,2,"[""binaku"",""temula"",""dokine"",""galedi""]",gq9277prpz8crbf,zipfian,"[""galedi"",""dokine"",""binaku"",""temula""]",0.0,1.0,galedi,mudile,galedi,mudile,galedi,galedi,dokine,binaku,temula,1,2,46
segmentation_trial,284344,0.0-11.0-0.10,2,"[""binaku"",""temula"",""dokine"",""galedi""]",gq9277prpz8crbf,zipfian,"[""galedi"",""dokine"",""binaku"",""temula""]",0.0,1.0,binaku,lakubi,binaku,lakubi,binaku,galedi,dokine,binaku,temula,3,2,5
segmentation_trial,290955,0.0-11.0-0.11,2,"[""binaku"",""temula"",""dokine"",""galedi""]",gq9277prpz8crbf,zipfian,"[""galedi"",""dokine"",""binaku"",""temula""]",1.0,1.0,galedi,negado,negado,galedi,galedi,galedi,dokine,binaku,temula,1,2,47
segmentation_trial,296610,0.0-11.0-0.12,2,"[""binaku"",""temula"",""dokine"",""galedi""]",gq9277prpz8crbf,zipfian,"[""galedi"",""dokine"",""binaku"",""temula""]",0.0,1.0,dokine,mudile,dokine,mudile,dokine,galedi,dokine,binaku,temula,2,2,38
segmentation_trial,302563,0.0-11.0-0.13,2,"[""binaku"",""temula"",""dokine"",""galedi""]",gq9277prpz8crbf,zipfian,"[""galedi"",""dokine"",""binaku"",""temula""]",0.0,0.0,galedi,kitena,kitena,galedi,kitena,galedi,dokine,binaku,temula,1,2,44
segmentation_trial,308447,0.0-11.0-0.14,2,"[""binaku"",""temula"",""dokine"",""galedi""]",gq9277prpz8crbf,zipfian,"[""galedi"",""dokine"",""binaku"",""temula""]",0.0,1.0,dokine,lakubi,dokine,lakubi,dokine,galedi,dokine,binaku,temula,2,2,37
segmentation_trial,314232,0.0-11.0-0.15,2,"[""binaku"",""temula"",""dokine"",""galedi""]",gq9277prpz8crbf,zipfian,"[""galedi"",""dokine"",""binaku"",""temula""]",0.0,0.0,binaku,negado,negado,binaku,negado,galedi,dokine,binaku,temula,3,2,7
segmentation_trial,271261,0.0-11.0-0.0,2,"[""lakubi"",""negado"",""mudile"",""kitena""]",qrtm4842pzq2dh5,uniform,,0.0,1.0,negado,binaku,negado,binaku,negado,,,,,0,1,152
segmentation_trial,277789,0.0-11.0-0.1,2,"[""lakubi"",""negado"",""mudile"",""kitena""]",qrtm4842pzq2dh5,uniform,,1.0,1.0,mudile,temula,temula,mudile,mudile,,,,,0,1,143
segmentation_trial,284613,0.0-11.0-0.2,2,"[""lakubi"",""negado"",""mudile"",""kitena""]",qrtm4842pzq2dh5,uniform,,0.0,1.0,lakubi,dokine,lakubi,dokine,lakubi,,,,,0,1,97
segmentation_trial,291402,0.0-11.0-0.3,2,"[""lakubi"",""negado"",""mudile"",""kitena""]",qrtm4842pzq2dh5,uniform,,1.0,1.0,mudile,galedi,galedi,mudile,mudile,,,,,0,1,142
segmentation_trial,298766,0.0-11.0-0.4,2,"[""lakubi"",""negado"",""mudile"",""kitena""]",qrtm4842pzq2dh5,uniform,,1.0,0.0,kitena,dokine,kitena,dokine,dokine,,,,,0,1,81
segmentation_trial,306593,0.0-11.0-0.5,2,"[""lakubi"",""negado"",""mudile"",""kitena""]",qrtm4842pzq2dh5,uniform,,1.0,1.0,negado,temula,temula,negado,negado,,,,,0,1,155
segmentation_trial,313487,0.0-11.0-0.6,2,"[""lakubi"",""negado"",""mudile"",""kitena""]",qrtm4842pzq2dh5,uniform,,0.0,1.0,mudile,binaku,mudile,binaku,mudile,,,,,0,1,140
segmentation_trial,320468,0.0-11.0-0.7,2,"[""lakubi"",""negado"",""mudile"",""kitena""]",qrtm4842pzq2dh5,uniform,,1.0,1.0,negado,galedi,galedi,negado,negado,,,,,0,1,154
segmentation_trial,327251,0.0-11.0-0.8,2,"[""lakubi"",""negado"",""mudile"",""kitena""]",qrtm4842pzq2dh5,uniform,,0.0,1.0,mudile,dokine,mudile,dokine,mudile,,,,,0,1,141
segmentation_trial,333555,0.0-11.0-0.9,2,"[""lakubi"",""negado"",""mudile"",""kitena""]",qrtm4842pzq2dh5,uniform,,0.0,1.0,lakubi,binaku,lakubi,binaku,lakubi,,,,,0,1,96
segmentation_trial,340579,0.0-11.0-0.10,2,"[""lakubi"",""negado"",""mudile"",""kitena""]",qrtm4842pzq2dh5,uniform,,1.0,1.0,kitena,galedi,galedi,kitena,kitena,,,,,0,1,82
segmentation_trial,347915,0.0-11.0-0.11,2,"[""lakubi"",""negado"",""mudile"",""kitena""]",qrtm4842pzq2dh5,uniform,,1.0,1.0,lakubi,temula,temula,lakubi,lakubi,,,,,0,1,99
segmentation_trial,354331,0.0-11.0-0.12,2,"[""lakubi"",""negado"",""mudile"",""kitena""]",qrtm4842pzq2dh5,uniform,,0.0,1.0,kitena,binaku,kitena,binaku,kitena,,,,,0,1,80
segmentation_trial,360916,0.0-11.0-0.13,2,"[""lakubi"",""negado"",""mudile"",""kitena""]",qrtm4842pzq2dh5,uniform,,1.0,0.0,negado,dokine,negado,dokine,dokine,,,,,0,1,153
segmentation_trial,367699,0.0-11.0-0.14,2,"[""lakubi"",""negado"",""mudile"",""kitena""]",qrtm4842pzq2dh5,uniform,,1.0,1.0,lakubi,galedi,galedi,lakubi,lakubi,,,,,0,1,98
segmentation_trial,373892,0.0-11.0-0.15,2,"[""lakubi"",""negado"",""mudile"",""kitena""]",qrtm4842pzq2dh5,uniform,,1.0,1.0,kitena,temula,temula,kitena,kitena,,,,,0,1,83
segmentation_trial,456116,0.0-11.0-0.0,3,"[""nadite"",""lebado"",""bogumi"",""gitoka""]",fv3vjd302by4kfu,uniform,,0.0,1.0,gitoka,tebodi,gitoka,tebodi,gitoka,,,,,0,2,55
segmentation_trial,466700,0.0-11.0-0.1,3,"[""nadite"",""lebado"",""bogumi"",""gitoka""]",fv3vjd302by4kfu,uniform,,1.0,1.0,bogumi,kalegu,kalegu,bogumi,bogumi,,,,,0,2,9
segmentation_trial,474268,0.0-11.0-0.2,3,"[""nadite"",""lebado"",""bogumi"",""gitoka""]",fv3vjd302by4kfu,uniform,,1.0,1.0,gitoka,minato,minato,gitoka,gitoka,,,,,0,2,54
segmentation_trial,493482,0.0-11.0-0.3,3,"[""nadite"",""lebado"",""bogumi"",""gitoka""]",fv3vjd302by4kfu,uniform,,0.0,1.0,bogumi,tebodi,bogumi,tebodi,bogumi,,,,,0,2,11
segmentation_trial,540739,0.0-11.0-0.4,3,"[""nadite"",""lebado"",""bogumi"",""gitoka""]",fv3vjd302by4kfu,uniform,,0.0,1.0,gitoka,dogiba,gitoka,dogiba,gitoka,,,,,0,2,52
segmentation_trial,548719,0.0-11.0-0.5,3,"[""nadite"",""lebado"",""bogumi"",""gitoka""]",fv3vjd302by4kfu,uniform,,0.0,0.0,nadite,minato,minato,nadite,minato,,,,,0,2,146
segmentation_trial,556814,0.0-11.0-0.6,3,"[""nadite"",""lebado"",""bogumi"",""gitoka""]",fv3vjd302by4kfu,uniform,,0.0,0.0,lebado,kalegu,kalegu,lebado,kalegu,,,,,0,2,105
segmentation_trial,565038,0.0-11.0-0.7,3,"[""nadite"",""lebado"",""bogumi"",""gitoka""]",fv3vjd302by4kfu,uniform,,1.0,0.0,nadite,dogiba,nadite,dogiba,dogiba,,,,,0,2,144
segmentation_trial,579287,0.0-11.0-0.8,3,"[""nadite"",""lebado"",""bogumi"",""gitoka""]",fv3vjd302by4kfu,uniform,,0.0,0.0,lebado,minato,minato,lebado,minato,,,,,0,2,106
segmentation_trial,586607,0.0-11.0-0.9,3,"[""nadite"",""lebado"",""bogumi"",""gitoka""]",fv3vjd302by4kfu,uniform,,0.0,0.0,nadite,kalegu,kalegu,nadite,kalegu,,,,,0,2,145
segmentation_trial,594657,0.0-11.0-0.10,3,"[""nadite"",""lebado"",""bogumi"",""gitoka""]",fv3vjd302by4kfu,uniform,,1.0,0.0,lebado,tebodi,lebado,tebodi,tebodi,,,,,0,2,107
segmentation_trial,613375,0.0-11.0-0.11,3,"[""nadite"",""lebado"",""bogumi"",""gitoka""]",fv3vjd302by4kfu,uniform,,0.0,1.0,bogumi,dogiba,bogumi,dogiba,bogumi,,,,,0,2,8
segmentation_trial,622606,0.0-11.0-0.12,3,"[""nadite"",""lebado"",""bogumi"",""gitoka""]",fv3vjd302by4kfu,uniform,,1.0,1.0,gitoka,kalegu,kalegu,gitoka,gitoka,,,,,0,2,53
segmentation_trial,630223,0.0-11.0-0.13,3,"[""nadite"",""lebado"",""bogumi"",""gitoka""]",fv3vjd302by4kfu,uniform,,1.0,0.0,lebado,dogiba,lebado,dogiba,dogiba,,,,,0,2,104
segmentation_trial,638050,0.0-11.0-0.14,3,"[""nadite"",""lebado"",""bogumi"",""gitoka""]",fv3vjd302by4kfu,uniform,,0.0,1.0,nadite,tebodi,nadite,tebodi,nadite,,,,,0,2,147
segmentation_trial,645999,0.0-11.0-0.15,3,"[""nadite"",""lebado"",""bogumi"",""gitoka""]",fv3vjd302by4kfu,uniform,,1.0,1.0,bogumi,minato,minato,bogumi,bogumi,,,,,0,2,10
segmentation_trial,319064,0.0-11.0-0.0,4,"[""gumeki"",""letumo"",""nodabu"",""digote""]",1zrjl6rogrh7nka,zipfian,"[""gumeki"",""nodabu"",""letumo"",""digote""]",0.0,1.0,digote,bulego,digote,bulego,digote,gumeki,nodabu,letumo,digote,4,2,24
segmentation_trial,330033,0.0-11.0-0.1,4,"[""gumeki"",""letumo"",""nodabu"",""digote""]",1zrjl6rogrh7nka,zipfian,"[""gumeki"",""nodabu"",""letumo"",""digote""]",1.0,1.0,nodabu,moditu,moditu,nodabu,nodabu,gumeki,nodabu,letumo,digote,2,2,158
segmentation_trial,336280,0.0-11.0-0.2,4,"[""gumeki"",""letumo"",""nodabu"",""digote""]",1zrjl6rogrh7nka,zipfian,"[""gumeki"",""nodabu"",""letumo"",""digote""]",0.0,1.0,gumeki,kinome,gumeki,kinome,gumeki,gumeki,nodabu,letumo,digote,1,2,65
segmentation_trial,343708,0.0-11.0-0.3,4,"[""gumeki"",""letumo"",""nodabu"",""digote""]",1zrjl6rogrh7nka,zipfian,"[""gumeki"",""nodabu"",""letumo"",""digote""]",0.0,0.0,digote,moditu,moditu,digote,moditu,gumeki,nodabu,letumo,digote,4,2,26
segmentation_trial,349868,0.0-11.0-0.4,4,"[""gumeki"",""letumo"",""nodabu"",""digote""]",1zrjl6rogrh7nka,zipfian,"[""gumeki"",""nodabu"",""letumo"",""digote""]",0.0,1.0,letumo,bulego,letumo,bulego,letumo,gumeki,nodabu,letumo,digote,3,2,112
segmentation_trial,356302,0.0-11.0-0.5,4,"[""gumeki"",""letumo"",""nodabu"",""digote""]",1zrjl6rogrh7nka,zipfian,"[""gumeki"",""nodabu"",""letumo"",""digote""]",1.0,1.0,digote,teguda,teguda,digote,digote,gumeki,nodabu,letumo,digote,4,2,27
segmentation_trial,362514,0.0-11.0-0.6,4,"[""gumeki"",""letumo"",""nodabu"",""digote""]",1zrjl6rogrh7nka,zipfian,"[""gumeki"",""nodabu"",""letumo"",""digote""]",0.0,1.0,letumo,kinome,letumo,kinome,letumo,gumeki,nodabu,letumo,digote,3,2,113
segmentation_trial,368962,0.0-11.0-0.7,4,"[""gumeki"",""letumo"",""nodabu"",""digote""]",1zrjl6rogrh7nka,zipfian,"[""gumeki"",""nodabu"",""letumo"",""digote""]",1.0,1.0,gumeki,teguda,teguda,gumeki,gumeki,gumeki,nodabu,letumo,digote,1,2,67
segmentation_trial,375254,0.0-11.0-0.8,4,"[""gumeki"",""letumo"",""nodabu"",""digote""]",1zrjl6rogrh7nka,zipfian,"[""gumeki"",""nodabu"",""letumo"",""digote""]",0.0,1.0,nodabu,bulego,nodabu,bulego,nodabu,gumeki,nodabu,letumo,digote,2,2,156
segmentation_trial,383216,0.0-11.0-0.9,4,"[""gumeki"",""letumo"",""nodabu"",""digote""]",1zrjl6rogrh7nka,zipfian,"[""gumeki"",""nodabu"",""letumo"",""digote""]",0.0,0.0,gumeki,moditu,moditu,gumeki,moditu,gumeki,nodabu,letumo,digote,1,2,66
segmentation_trial,389494,0.0-11.0-0.10,4,"[""gumeki"",""letumo"",""nodabu"",""digote""]",1zrjl6rogrh7nka,zipfian,"[""gumeki"",""nodabu"",""letumo"",""digote""]",0.0,1.0,digote,kinome,digote,kinome,digote,gumeki,nodabu,letumo,digote,4,2,25
segmentation_trial,395728,0.0-11.0-0.11,4,"[""gumeki"",""letumo"",""nodabu"",""digote""]",1zrjl6rogrh7nka,zipfian,"[""gumeki"",""nodabu"",""letumo"",""digote""]",0.0,1.0,gumeki,bulego,gumeki,bulego,gumeki,gumeki,nodabu,letumo,digote,1,2,64
segmentation_trial,405864,0.0-11.0-0.12,4,"[""gumeki"",""letumo"",""nodabu"",""digote""]",1zrjl6rogrh7nka,zipfian,"[""gumeki"",""nodabu"",""letumo"",""digote""]",0.0,0.0,letumo,moditu,moditu,letumo,moditu,gumeki,nodabu,letumo,digote,3,2,114
segmentation_trial,412711,0.0-11.0-0.13,4,"[""gumeki"",""letumo"",""nodabu"",""digote""]",1zrjl6rogrh7nka,zipfian,"[""gumeki"",""nodabu"",""letumo"",""digote""]",1.0,1.0,nodabu,teguda,teguda,nodabu,nodabu,gumeki,nodabu,letumo,digote,2,2,159
segmentation_trial,422060,0.0-11.0-0.14,4,"[""gumeki"",""letumo"",""nodabu"",""digote""]",1zrjl6rogrh7nka,zipfian,"[""gumeki"",""nodabu"",""letumo"",""digote""]",1.0,0.0,nodabu,kinome,nodabu,kinome,kinome,gumeki,nodabu,letumo,digote,2,2,157
segmentation_trial,428102,0.0-11.0-0.15,4,"[""gumeki"",""letumo"",""nodabu"",""digote""]",1zrjl6rogrh7nka,zipfian,"[""gumeki"",""nodabu"",""letumo"",""digote""]",1.0,1.0,letumo,teguda,teguda,letumo,letumo,gumeki,nodabu,letumo,digote,3,2,115
segmentation_trial,245793,0.0-11.0-0.0,2,"[""binaku"",""temula"",""dokine"",""galedi""]",lqjgcdw5u4tggtf,uniform,,0.0,0.0,temula,kitena,kitena,temula,kitena,,,,,0,2,180
segmentation_trial,252805,0.0-11.0-0.1,2,"[""binaku"",""temula"",""dokine"",""galedi""]",lqjgcdw5u4tggtf,uniform,,0.0,1.0,binaku,lakubi,binaku,lakubi,binaku,,,,,0,2,5
segmentation_trial,259704,0.0-11.0-0.2,2,"[""binaku"",""temula"",""dokine"",""galedi""]",lqjgcdw5u4tggtf,uniform,,0.0,0.0,temula,negado,negado,temula,negado,,,,,0,2,183
segmentation_trial,266695,0.0-11.0-0.3,2,"[""binaku"",""temula"",""dokine"",""galedi""]",lqjgcdw5u4tggtf,uniform,,0.0,0.0,binaku,kitena,kitena,binaku,kitena,,,,,0,2,4
segmentation_trial,273118,0.0-11.0-0.4,2,"[""binaku"",""temula"",""dokine"",""galedi""]",lqjgcdw5u4tggtf,uniform,,0.0,1.0,galedi,mudile,galedi,mudile,galedi,,,,,0,2,46
segmentation_trial,279407,0.0-11.0-0.5,2,"[""binaku"",""temula"",""dokine"",""galedi""]",lqjgcdw5u4tggtf,uniform,,1.0,1.0,binaku,negado,negado,binaku,binaku,,,,,0,2,7
segmentation_trial,285547,0.0-11.0-0.6,2,"[""binaku"",""temula"",""dokine"",""galedi""]",lqjgcdw5u4tggtf,uniform,,0.0,1.0,galedi,lakubi,galedi,lakubi,galedi,,,,,0,2,45
segmentation_trial,292185,0.0-11.0-0.7,2,"[""binaku"",""temula"",""dokine"",""galedi""]",lqjgcdw5u4tggtf,uniform,,0.0,1.0,dokine,mudile,dokine,mudile,dokine,,,,,0,2,38
segmentation_trial,298373,0.0-11.0-0.8,2,"[""binaku"",""temula"",""dokine"",""galedi""]",lqjgcdw5u4tggtf,uniform,,1.0,1.0,galedi,negado,negado,galedi,galedi,,,,,0,2,47
segmentation_trial,304522,0.0-11.0-0.9,2,"[""binaku"",""temula"",""dokine"",""galedi""]",lqjgcdw5u4tggtf,uniform,,0.0,1.0,dokine,lakubi,dokine,lakubi,dokine,,,,,0,2,37
segmentation_trial,310449,0.0-11.0-0.10,2,"[""binaku"",""temula"",""dokine"",""galedi""]",lqjgcdw5u4tggtf,uniform,,1.0,0.0,temula,mudile,temula,mudile,mudile,,,,,0,2,182
segmentation_trial,318690,0.0-11.0-0.11,2,"[""binaku"",""temula"",""dokine"",""galedi""]",lqjgcdw5u4tggtf,uniform,,0.0,0.0,dokine,negado,negado,dokine,negado,,,,,0,2,39
segmentation_trial,324596,0.0-11.0-0.12,2,"[""binaku"",""temula"",""dokine"",""galedi""]",lqjgcdw5u4tggtf,uniform,,1.0,1.0,galedi,kitena,kitena,galedi,galedi,,,,,0,2,44
segmentation_trial,331587,0.0-11.0-0.13,2,"[""binaku"",""temula"",""dokine"",""galedi""]",lqjgcdw5u4tggtf,uniform,,0.0,1.0,binaku,mudile,binaku,mudile,binaku,,,,,0,2,6
segmentation_trial,337523,0.0-11.0-0.14,2,"[""binaku"",""temula"",""dokine"",""galedi""]",lqjgcdw5u4tggtf,uniform,,1.0,0.0,temula,lakubi,temula,lakubi,lakubi,,,,,0,2,181
segmentation_trial,344451,0.0-11.0-0.15,2,"[""binaku"",""temula"",""dokine"",""galedi""]",lqjgcdw5u4tggtf,uniform,,1.0,1.0,dokine,kitena,kitena,dokine,dokine,,,,,0,2,36
segmentation_trial,361535,0.0-11.0-0.0,1,"[""kulego"",""nagitu"",""tobuma"",""midobe""]",7q2etrdk8cwkxuk,uniform,,0.0,0.0,nagitu,gibeto,gibeto,nagitu,gibeto,,,,,0,1,150
segmentation_trial,368160,0.0-11.0-0.1,1,"[""kulego"",""nagitu"",""tobuma"",""midobe""]",7q2etrdk8cwkxuk,uniform,,0.0,1.0,tobuma,bugona,tobuma,bugona,tobuma,,,,,0,1,188
segmentation_trial,375224,0.0-11.0-0.2,1,"[""kulego"",""nagitu"",""tobuma"",""midobe""]",7q2etrdk8cwkxuk,uniform,,1.0,1.0,nagitu,dotumi,dotumi,nagitu,nagitu,,,,,0,1,149
segmentation_trial,384668,0.0-11.0-0.3,1,"[""kulego"",""nagitu"",""tobuma"",""midobe""]",7q2etrdk8cwkxuk,uniform,,1.0,0.0,midobe,bugona,midobe,bugona,bugona,,,,,0,1,124
segmentation_trial,391673,0.0-11.0-0.4,1,"[""kulego"",""nagitu"",""tobuma"",""midobe""]",7q2etrdk8cwkxuk,uniform,,1.0,0.0,tobuma,lemaku,tobuma,lemaku,lemaku,,,,,0,1,191
segmentation_trial,398195,0.0-11.0-0.5,1,"[""kulego"",""nagitu"",""tobuma"",""midobe""]",7q2etrdk8cwkxuk,uniform,,1.0,1.0,kulego,gibeto,gibeto,kulego,kulego,,,,,0,1,90
segmentation_trial,405199,0.0-11.0-0.6,1,"[""kulego"",""nagitu"",""tobuma"",""midobe""]",7q2etrdk8cwkxuk,uniform,,0.0,1.0,nagitu,bugona,nagitu,bugona,nagitu,,,,,0,1,148
segmentation_trial,412434,0.0-11.0-0.7,1,"[""kulego"",""nagitu"",""tobuma"",""midobe""]",7q2etrdk8cwkxuk,uniform,,0.0,0.0,midobe,gibeto,gibeto,midobe,gibeto,,,,,0,1,126
segmentation_trial,420874,0.0-11.0-0.8,1,"[""kulego"",""nagitu"",""tobuma"",""midobe""]",7q2etrdk8cwkxuk,uniform,,1.0,0.0,nagitu,lemaku,nagitu,lemaku,lemaku,,,,,0,1,151
segmentation_trial,428896,0.0-11.0-0.9,1,"[""kulego"",""nagitu"",""tobuma"",""midobe""]",7q2etrdk8cwkxuk,uniform,,1.0,1.0,tobuma,dotumi,dotumi,tobuma,tobuma,,,,,0,1,189
segmentation_trial,435103,0.0-11.0-0.10,1,"[""kulego"",""nagitu"",""tobuma"",""midobe""]",7q2etrdk8cwkxuk,uniform,,0.0,1.0,kulego,lemaku,kulego,lemaku,kulego,,,,,0,1,91
segmentation_trial,441773,0.0-11.0-0.11,1,"[""kulego"",""nagitu"",""tobuma"",""midobe""]",7q2etrdk8cwkxuk,uniform,,0.0,0.0,tobuma,gibeto,gibeto,tobuma,gibeto,,,,,0,1,190
segmentation_trial,447704,0.0-11.0-0.12,1,"[""kulego"",""nagitu"",""tobuma"",""midobe""]",7q2etrdk8cwkxuk,uniform,,0.0,1.0,kulego,bugona,kulego,bugona,kulego,,,,,0,1,88
segmentation_trial,454608,0.0-11.0-0.13,1,"[""kulego"",""nagitu"",""tobuma"",""midobe""]",7q2etrdk8cwkxuk,uniform,,1.0,0.0,midobe,lemaku,midobe,lemaku,lemaku,,,,,0,1,127
segmentation_trial,460806,0.0-11.0-0.14,1,"[""kulego"",""nagitu"",""tobuma"",""midobe""]",7q2etrdk8cwkxuk,uniform,,1.0,1.0,kulego,dotumi,dotumi,kulego,kulego,,,,,0,1,89
segmentation_trial,467793,0.0-11.0-0.15,1,"[""kulego"",""nagitu"",""tobuma"",""midobe""]",7q2etrdk8cwkxuk,uniform,,0.0,0.0,midobe,dotumi,dotumi,midobe,dotumi,,,,,0,1,125
segmentation_trial,206256,0.0-11.0-0.0,6,"[""bimegu"",""tegoma"",""kudino"",""labude""]",2866h7j77c87ghv,uniform,,0.0,0.0,kudino,gubila,gubila,kudino,gubila,,,,,0,2,85
segmentation_trial,212237,0.0-11.0-0.1,6,"[""bimegu"",""tegoma"",""kudino"",""labude""]",2866h7j77c87ghv,uniform,,0.0,1.0,labude,nodebu,labude,nodebu,labude,,,,,0,2,95
segmentation_trial,218329,0.0-11.0-0.2,6,"[""bimegu"",""tegoma"",""kudino"",""labude""]",2866h7j77c87ghv,uniform,,0.0,1.0,bimegu,mekugo,bimegu,mekugo,bimegu,,,,,0,2,2
segmentation_trial,224191,0.0-11.0-0.3,6,"[""bimegu"",""tegoma"",""kudino"",""labude""]",2866h7j77c87ghv,uniform,,0.0,1.0,kudino,nodebu,kudino,nodebu,kudino,,,,,0,2,87
segmentation_trial,230867,0.0-11.0-0.4,6,"[""bimegu"",""tegoma"",""kudino"",""labude""]",2866h7j77c87ghv,uniform,,1.0,1.0,bimegu,dimate,dimate,bimegu,bimegu,,,,,0,2,0
segmentation_trial,239215,0.0-11.0-0.5,6,"[""bimegu"",""tegoma"",""kudino"",""labude""]",2866h7j77c87ghv,uniform,,1.0,0.0,kudino,mekugo,kudino,mekugo,mekugo,,,,,0,2,86
segmentation_trial,245047,0.0-11.0-0.6,6,"[""bimegu"",""tegoma"",""kudino"",""labude""]",2866h7j77c87ghv,uniform,,0.0,1.0,bimegu,nodebu,bimegu,nodebu,bimegu,,,,,0,2,3
segmentation_trial,252659,0.0-11.0-0.7,6,"[""bimegu"",""tegoma"",""kudino"",""labude""]",2866h7j77c87ghv,uniform,,0.0,0.0,labude,dimate,dimate,labude,dimate,,,,,0,2,92
segmentation_trial,258781,0.0-11.0-0.8,6,"[""bimegu"",""tegoma"",""kudino"",""labude""]",2866h7j77c87ghv,uniform,,0.0,0.0,bimegu,gubila,gubila,bimegu,gubila,,,,,0,2,1
segmentation_trial,265023,0.0-11.0-0.9,6,"[""bimegu"",""tegoma"",""kudino"",""labude""]",2866h7j77c87ghv,uniform,,1.0,0.0,tegoma,mekugo,tegoma,mekugo,mekugo,,,,,0,2,174
segmentation_trial,271105,0.0-11.0-0.10,6,"[""bimegu"",""tegoma"",""kudino"",""labude""]",2866h7j77c87ghv,uniform,,0.0,0.0,kudino,dimate,dimate,kudino,dimate,,,,,0,2,84
segmentation_trial,280257,0.0-11.0-0.11,6,"[""bimegu"",""tegoma"",""kudino"",""labude""]",2866h7j77c87ghv,uniform,,0.0,1.0,tegoma,nodebu,tegoma,nodebu,tegoma,,,,,0,2,175
segmentation_trial,286129,0.0-11.0-0.12,6,"[""bimegu"",""tegoma"",""kudino"",""labude""]",2866h7j77c87ghv,uniform,,0.0,0.0,labude,gubila,gubila,labude,gubila,,,,,0,2,93
segmentation_trial,293241,0.0-11.0-0.13,6,"[""bimegu"",""tegoma"",""kudino"",""labude""]",2866h7j77c87ghv,uniform,,1.0,1.0,tegoma,dimate,dimate,tegoma,tegoma,,,,,0,2,172
segmentation_trial,301274,0.0-11.0-0.14,6,"[""bimegu"",""tegoma"",""kudino"",""labude""]",2866h7j77c87ghv,uniform,,1.0,0.0,labude,mekugo,labude,mekugo,mekugo,,,,,0,2,94
segmentation_trial,307055,0.0-11.0-0.15,6,"[""bimegu"",""tegoma"",""kudino"",""labude""]",2866h7j77c87ghv,uniform,,1.0,1.0,tegoma,gubila,gubila,tegoma,tegoma,,,,,0,2,173
segmentation_trial,290972,0.0-11.0-0.0,1,"[""lemaku"",""gibeto"",""bugona"",""dotumi""]",fthf2a16091ggbw,uniform,,0.0,0.0,bugona,midobe,midobe,bugona,midobe,,,,,0,2,13
segmentation_trial,297476,0.0-11.0-0.1,1,"[""lemaku"",""gibeto"",""bugona"",""dotumi""]",fthf2a16091ggbw,uniform,,0.0,1.0,dotumi,tobuma,dotumi,tobuma,dotumi,,,,,0,2,43
segmentation_trial,302965,0.0-11.0-0.2,1,"[""lemaku"",""gibeto"",""bugona"",""dotumi""]",fthf2a16091ggbw,uniform,,1.0,1.0,gibeto,nagitu,nagitu,gibeto,gibeto,,,,,0,2,50
segmentation_trial,308844,0.0-11.0-0.3,1,"[""lemaku"",""gibeto"",""bugona"",""dotumi""]",fthf2a16091ggbw,uniform,,1.0,1.0,dotumi,midobe,midobe,dotumi,dotumi,,,,,0,2,41
segmentation_trial,314623,0.0-11.0-0.4,1,"[""lemaku"",""gibeto"",""bugona"",""dotumi""]",fthf2a16091ggbw,uniform,,0.0,1.0,lemaku,kulego,lemaku,kulego,lemaku,,,,,0,2,108
segmentation_trial,320499,0.0-11.0-0.5,1,"[""lemaku"",""gibeto"",""bugona"",""dotumi""]",fthf2a16091ggbw,uniform,,1.0,1.0,gibeto,midobe,midobe,gibeto,gibeto,,,,,0,2,49
segmentation_trial,326182,0.0-11.0-0.6,1,"[""lemaku"",""gibeto"",""bugona"",""dotumi""]",fthf2a16091ggbw,uniform,,0.0,0.0,bugona,nagitu,nagitu,bugona,nagitu,,,,,0,2,14
segmentation_trial,331859,0.0-11.0-0.7,1,"[""lemaku"",""gibeto"",""bugona"",""dotumi""]",fthf2a16091ggbw,uniform,,0.0,1.0,gibeto,tobuma,gibeto,tobuma,gibeto,,,,,0,2,51
segmentation_trial,337567,0.0-11.0-0.8,1,"[""lemaku"",""gibeto"",""bugona"",""dotumi""]",fthf2a16091ggbw,uniform,,0.0,1.0,bugona,kulego,bugona,kulego,bugona,,,,,0,2,12
segmentation_trial,343406,0.0-11.0-0.9,1,"[""lemaku"",""gibeto"",""bugona"",""dotumi""]",fthf2a16091ggbw,uniform,,1.0,1.0,dotumi,nagitu,nagitu,dotumi,dotumi,,,,,0,2,42
segmentation_trial,349131,0.0-11.0-0.10,1,"[""lemaku"",""gibeto"",""bugona"",""dotumi""]",fthf2a16091ggbw,uniform,,0.0,0.0,lemaku,midobe,midobe,lemaku,midobe,,,,,0,2,109
segmentation_trial,355146,0.0-11.0-0.11,1,"[""lemaku"",""gibeto"",""bugona"",""dotumi""]",fthf2a16091ggbw,uniform,,0.0,1.0,gibeto,kulego,gibeto,kulego,gibeto,,,,,0,2,48
segmentation_trial,360915,0.0-11.0-0.12,1,"[""lemaku"",""gibeto"",""bugona"",""dotumi""]",fthf2a16091ggbw,uniform,,1.0,0.0,lemaku,tobuma,lemaku,tobuma,tobuma,,,,,0,2,111
segmentation_trial,367038,0.0-11.0-0.13,1,"[""lemaku"",""gibeto"",""bugona"",""dotumi""]",fthf2a16091ggbw,uniform,,0.0,1.0,dotumi,kulego,dotumi,kulego,dotumi,,,,,0,2,40
segmentation_trial,372758,0.0-11.0-0.14,1,"[""lemaku"",""gibeto"",""bugona"",""dotumi""]",fthf2a16091ggbw,uniform,,1.0,0.0,bugona,tobuma,bugona,tobuma,tobuma,,,,,0,2,15
segmentation_trial,378523,0.0-11.0-0.15,1,"[""lemaku"",""gibeto"",""bugona"",""dotumi""]",fthf2a16091ggbw,uniform,,0.0,0.0,lemaku,nagitu,nagitu,lemaku,nagitu,,,,,0,2,110
segmentation_trial,329649,0.0-11.0-0.0,6,"[""bimegu"",""tegoma"",""kudino"",""labude""]",f9qwyplalea5jx2,zipfian,"[""bimegu"",""labude"",""tegoma"",""kudino""]",1.0,1.0,kudino,dimate,dimate,kudino,kudino,bimegu,labude,tegoma,kudino,4,2,84
segmentation_trial,335833,0.0-11.0-0.1,6,"[""bimegu"",""tegoma"",""kudino"",""labude""]",f9qwyplalea5jx2,zipfian,"[""bimegu"",""labude"",""tegoma"",""kudino""]",1.0,1.0,labude,gubila,gubila,labude,labude,bimegu,labude,tegoma,kudino,2,2,93
segmentation_trial,341858,0.0-11.0-0.2,6,"[""bimegu"",""tegoma"",""kudino"",""labude""]",f9qwyplalea5jx2,zipfian,"[""bimegu"",""labude"",""tegoma"",""kudino""]",0.0,1.0,kudino,mekugo,kudino,mekugo,kudino,bimegu,labude,tegoma,kudino,4,2,86
segmentation_trial,347994,0.0-11.0-0.3,6,"[""bimegu"",""tegoma"",""kudino"",""labude""]",f9qwyplalea5jx2,zipfian,"[""bimegu"",""labude"",""tegoma"",""kudino""]",1.0,1.0,bimegu,dimate,dimate,bimegu,bimegu,bimegu,labude,tegoma,kudino,1,2,0
segmentation_trial,354035,0.0-11.0-0.4,6,"[""bimegu"",""tegoma"",""kudino"",""labude""]",f9qwyplalea5jx2,zipfian,"[""bimegu"",""labude"",""tegoma"",""kudino""]",0.0,1.0,tegoma,nodebu,tegoma,nodebu,tegoma,bimegu,labude,tegoma,kudino,3,2,175
segmentation_trial,359907,0.0-11.0-0.5,6,"[""bimegu"",""tegoma"",""kudino"",""labude""]",f9qwyplalea5jx2,zipfian,"[""bimegu"",""labude"",""tegoma"",""kudino""]",1.0,1.0,labude,dimate,dimate,labude,labude,bimegu,labude,tegoma,kudino,2,2,92
segmentation_trial,365740,0.0-11.0-0.6,6,"[""bimegu"",""tegoma"",""kudino"",""labude""]",f9qwyplalea5jx2,zipfian,"[""bimegu"",""labude"",""tegoma"",""kudino""]",0.0,1.0,bimegu,nodebu,bimegu,nodebu,bimegu,bimegu,labude,tegoma,kudino,1,2,3
segmentation_trial,371820,0.0-11.0-0.7,6,"[""bimegu"",""tegoma"",""kudino"",""labude""]",f9qwyplalea5jx2,zipfian,"[""bimegu"",""labude"",""tegoma"",""kudino""]",1.0,1.0,tegoma,gubila,gubila,tegoma,tegoma,bimegu,labude,tegoma,kudino,3,2,173
segmentation_trial,378588,0.0-11.0-0.8,6,"[""bimegu"",""tegoma"",""kudino"",""labude""]",f9qwyplalea5jx2,zipfian,"[""bimegu"",""labude"",""tegoma"",""kudino""]",0.0,1.0,labude,mekugo,labude,mekugo,labude,bimegu,labude,tegoma,kudino,2,2,94
segmentation_trial,384605,0.0-11.0-0.9,6,"[""bimegu"",""tegoma"",""kudino"",""labude""]",f9qwyplalea5jx2,zipfian,"[""bimegu"",""labude"",""tegoma"",""kudino""]",1.0,1.0,kudino,gubila,gubila,kudino,kudino,bimegu,labude,tegoma,kudino,4,2,85
segmentation_trial,390565,0.0-11.0-0.10,6,"[""bimegu"",""tegoma"",""kudino"",""labude""]",f9qwyplalea5jx2,zipfian,"[""bimegu"",""labude"",""tegoma"",""kudino""]",1.0,1.0,tegoma,dimate,dimate,tegoma,tegoma,bimegu,labude,tegoma,kudino,3,2,172
segmentation_trial,396438,0.0-11.0-0.11,6,"[""bimegu"",""tegoma"",""kudino"",""labude""]",f9qwyplalea5jx2,zipfian,"[""bimegu"",""labude"",""tegoma"",""kudino""]",0.0,1.0,labude,nodebu,labude,nodebu,labude,bimegu,labude,tegoma,kudino,2,2,95
segmentation_trial,404374,0.0-11.0-0.12,6,"[""bimegu"",""tegoma"",""kudino"",""labude""]",f9qwyplalea5jx2,zipfian,"[""bimegu"",""labude"",""tegoma"",""kudino""]",0.0,1.0,bimegu,mekugo,bimegu,mekugo,bimegu,bimegu,labude,tegoma,kudino,1,2,2
segmentation_trial,410230,0.0-11.0-0.13,6,"[""bimegu"",""tegoma"",""kudino"",""labude""]",f9qwyplalea5jx2,zipfian,"[""bimegu"",""labude"",""tegoma"",""kudino""]",0.0,1.0,kudino,nodebu,kudino,nodebu,kudino,bimegu,labude,tegoma,kudino,4,2,87
segmentation_trial,416191,0.0-11.0-0.14,6,"[""bimegu"",""tegoma"",""kudino"",""labude""]",f9qwyplalea5jx2,zipfian,"[""bimegu"",""labude"",""tegoma"",""kudino""]",0.0,1.0,tegoma,mekugo,tegoma,mekugo,tegoma,bimegu,labude,tegoma,kudino,3,2,174
segmentation_trial,422063,0.0-11.0-0.15,6,"[""bimegu"",""tegoma"",""kudino"",""labude""]",f9qwyplalea5jx2,zipfian,"[""bimegu"",""labude"",""tegoma"",""kudino""]",1.0,1.0,bimegu,gubila,gubila,bimegu,bimegu,bimegu,labude,tegoma,kudino,1,2,1
segmentation_trial,207854,0.0-11.0-0.0,4,"[""gumeki"",""letumo"",""nodabu"",""digote""]",xyc7gbpq2chwzv1,uniform,,0.0,1.0,letumo,bulego,letumo,bulego,letumo,,,,,0,2,112
segmentation_trial,215809,0.0-11.0-0.1,4,"[""gumeki"",""letumo"",""nodabu"",""digote""]",xyc7gbpq2chwzv1,uniform,,0.0,0.0,digote,moditu,moditu,digote,moditu,,,,,0,2,26
segmentation_trial,221577,0.0-11.0-0.2,4,"[""gumeki"",""letumo"",""nodabu"",""digote""]",xyc7gbpq2chwzv1,uniform,,0.0,1.0,gumeki,kinome,gumeki,kinome,gumeki,,,,,0,2,65
segmentation_trial,227630,0.0-11.0-0.3,4,"[""gumeki"",""letumo"",""nodabu"",""digote""]",xyc7gbpq2chwzv1,uniform,,1.0,1.0,nodabu,teguda,teguda,nodabu,nodabu,,,,,0,2,159
segmentation_trial,234190,0.0-11.0-0.4,4,"[""gumeki"",""letumo"",""nodabu"",""digote""]",xyc7gbpq2chwzv1,uniform,,0.0,1.0,digote,bulego,digote,bulego,digote,,,,,0,2,24
segmentation_trial,244089,0.0-11.0-0.5,4,"[""gumeki"",""letumo"",""nodabu"",""digote""]",xyc7gbpq2chwzv1,uniform,,1.0,1.0,gumeki,moditu,moditu,gumeki,gumeki,,,,,0,2,66
segmentation_trial,249817,0.0-11.0-0.6,4,"[""gumeki"",""letumo"",""nodabu"",""digote""]",xyc7gbpq2chwzv1,uniform,,0.0,1.0,digote,kinome,digote,kinome,digote,,,,,0,2,25
segmentation_trial,255501,0.0-11.0-0.7,4,"[""gumeki"",""letumo"",""nodabu"",""digote""]",xyc7gbpq2chwzv1,uniform,,0.0,1.0,gumeki,bulego,gumeki,bulego,gumeki,,,,,0,2,64
segmentation_trial,261246,0.0-11.0-0.8,4,"[""gumeki"",""letumo"",""nodabu"",""digote""]",xyc7gbpq2chwzv1,uniform,,0.0,0.0,letumo,moditu,moditu,letumo,moditu,,,,,0,2,114
segmentation_trial,266677,0.0-11.0-0.9,4,"[""gumeki"",""letumo"",""nodabu"",""digote""]",xyc7gbpq2chwzv1,uniform,,1.0,1.0,gumeki,teguda,teguda,gumeki,gumeki,,,,,0,2,67
segmentation_trial,272881,0.0-11.0-0.10,4,"[""gumeki"",""letumo"",""nodabu"",""digote""]",xyc7gbpq2chwzv1,uniform,,0.0,1.0,nodabu,kinome,nodabu,kinome,nodabu,,,,,0,2,157
segmentation_trial,278409,0.0-11.0-0.11,4,"[""gumeki"",""letumo"",""nodabu"",""digote""]",xyc7gbpq2chwzv1,uniform,,1.0,1.0,letumo,teguda,teguda,letumo,letumo,,,,,0,2,115
segmentation_trial,284870,0.0-11.0-0.12,4,"[""gumeki"",""letumo"",""nodabu"",""digote""]",xyc7gbpq2chwzv1,uniform,,0.0,1.0,nodabu,bulego,nodabu,bulego,nodabu,,,,,0,2,156
segmentation_trial,290410,0.0-11.0-0.13,4,"[""gumeki"",""letumo"",""nodabu"",""digote""]",xyc7gbpq2chwzv1,uniform,,1.0,1.0,digote,teguda,teguda,digote,digote,,,,,0,2,27
segmentation_trial,297053,0.0-11.0-0.14,4,"[""gumeki"",""letumo"",""nodabu"",""digote""]",xyc7gbpq2chwzv1,uniform,,1.0,1.0,nodabu,moditu,moditu,nodabu,nodabu,,,,,0,2,158
segmentation_trial,303773,0.0-11.0-0.15,4,"[""gumeki"",""letumo"",""nodabu"",""digote""]",xyc7gbpq2chwzv1,uniform,,1.0,0.0,letumo,kinome,letumo,kinome,kinome,,,,,0,2,113
segmentation_trial,268113,0.0-11.0-0.0,5,"[""tobanu"",""gukema"",""delubo"",""lamodi""]",c65wo8jqhq04alh,uniform,,1.0,0.0,delubo,matolu,delubo,matolu,matolu,,,,,0,1,21
segmentation_trial,274397,0.0-11.0-0.1,5,"[""tobanu"",""gukema"",""delubo"",""lamodi""]",c65wo8jqhq04alh,uniform,,0.0,1.0,tobanu,mogude,tobanu,mogude,tobanu,,,,,0,1,186
segmentation_trial,280580,0.0-11.0-0.2,5,"[""tobanu"",""gukema"",""delubo"",""lamodi""]",c65wo8jqhq04alh,uniform,,1.0,1.0,delubo,kediba,kediba,delubo,delubo,,,,,0,1,20
segmentation_trial,286902,0.0-11.0-0.3,5,"[""tobanu"",""gukema"",""delubo"",""lamodi""]",c65wo8jqhq04alh,uniform,,0.0,1.0,tobanu,matolu,tobanu,matolu,tobanu,,,,,0,1,185
segmentation_trial,293119,0.0-11.0-0.4,5,"[""tobanu"",""gukema"",""delubo"",""lamodi""]",c65wo8jqhq04alh,uniform,,0.0,1.0,delubo,mogude,delubo,mogude,delubo,,,,,0,1,22
segmentation_trial,299377,0.0-11.0-0.5,5,"[""tobanu"",""gukema"",""delubo"",""lamodi""]",c65wo8jqhq04alh,uniform,,1.0,1.0,gukema,nubola,nubola,gukema,gukema,,,,,0,1,63
segmentation_trial,307326,0.0-11.0-0.6,5,"[""tobanu"",""gukema"",""delubo"",""lamodi""]",c65wo8jqhq04alh,uniform,,1.0,1.0,tobanu,kediba,kediba,tobanu,tobanu,,,,,0,1,184
segmentation_trial,313919,0.0-11.0-0.7,5,"[""tobanu"",""gukema"",""delubo"",""lamodi""]",c65wo8jqhq04alh,uniform,,0.0,1.0,gukema,mogude,gukema,mogude,gukema,,,,,0,1,62
segmentation_trial,320277,0.0-11.0-0.8,5,"[""tobanu"",""gukema"",""delubo"",""lamodi""]",c65wo8jqhq04alh,uniform,,0.0,0.0,tobanu,nubola,nubola,tobanu,nubola,,,,,0,1,187
segmentation_trial,326596,0.0-11.0-0.9,5,"[""tobanu"",""gukema"",""delubo"",""lamodi""]",c65wo8jqhq04alh,uniform,,0.0,1.0,lamodi,mogude,lamodi,mogude,lamodi,,,,,0,1,102
segmentation_trial,332476,0.0-11.0-0.10,5,"[""tobanu"",""gukema"",""delubo"",""lamodi""]",c65wo8jqhq04alh,uniform,,0.0,1.0,gukema,matolu,gukema,matolu,gukema,,,,,0,1,61
segmentation_trial,339926,0.0-11.0-0.11,5,"[""tobanu"",""gukema"",""delubo"",""lamodi""]",c65wo8jqhq04alh,uniform,,0.0,0.0,lamodi,nubola,nubola,lamodi,nubola,,,,,0,1,103
segmentation_trial,345865,0.0-11.0-0.12,5,"[""tobanu"",""gukema"",""delubo"",""lamodi""]",c65wo8jqhq04alh,uniform,,1.0,1.0,gukema,kediba,kediba,gukema,gukema,,,,,0,1,60
segmentation_trial,351826,0.0-11.0-0.13,5,"[""tobanu"",""gukema"",""delubo"",""lamodi""]",c65wo8jqhq04alh,uniform,,1.0,1.0,delubo,nubola,nubola,delubo,delubo,,,,,0,1,23
segmentation_trial,359283,0.0-11.0-0.14,5,"[""tobanu"",""gukema"",""delubo"",""lamodi""]",c65wo8jqhq04alh,uniform,,0.0,0.0,lamodi,kediba,kediba,lamodi,kediba,,,,,0,1,100
segmentation_trial,365434,0.0-11.0-0.15,5,"[""tobanu"",""gukema"",""delubo"",""lamodi""]",c65wo8jqhq04alh,uniform,,1.0,0.0,lamodi,matolu,lamodi,matolu,matolu,,,,,0,1,101
segmentation_trial,247765,0.0-11.0-0.0,2,"[""binaku"",""temula"",""dokine"",""galedi""]",d07pcymf2b1fged,uniform,,0.0,1.0,dokine,mudile,dokine,mudile,dokine,,,,,0,2,38
segmentation_trial,254995,0.0-11.0-0.1,2,"[""binaku"",""temula"",""dokine"",""galedi""]",d07pcymf2b1fged,uniform,,0.0,0.0,binaku,negado,negado,binaku,negado,,,,,0,2,7
segmentation_trial,262153,0.0-11.0-0.2,2,"[""binaku"",""temula"",""dokine"",""galedi""]",d07pcymf2b1fged,uniform,,1.0,1.0,dokine,kitena,kitena,dokine,dokine,,,,,0,2,36
segmentation_trial,273606,0.0-11.0-0.3,2,"[""binaku"",""temula"",""dokine"",""galedi""]",d07pcymf2b1fged,uniform,,1.0,1.0,galedi,negado,negado,galedi,galedi,,,,,0,2,47
segmentation_trial,280293,0.0-11.0-0.4,2,"[""binaku"",""temula"",""dokine"",""galedi""]",d07pcymf2b1fged,uniform,,0.0,0.0,temula,kitena,kitena,temula,kitena,,,,,0,2,180
segmentation_trial,287014,0.0-11.0-0.5,2,"[""binaku"",""temula"",""dokine"",""galedi""]",d07pcymf2b1fged,uniform,,0.0,1.0,binaku,mudile,binaku,mudile,binaku,,,,,0,2,6
segmentation_trial,297254,0.0-11.0-0.6,2,"[""binaku"",""temula"",""dokine"",""galedi""]",d07pcymf2b1fged,uniform,,0.0,0.0,galedi,kitena,kitena,galedi,kitena,,,,,0,2,44
segmentation_trial,304034,0.0-11.0-0.7,2,"[""binaku"",""temula"",""dokine"",""galedi""]",d07pcymf2b1fged,uniform,,0.0,0.0,temula,negado,negado,temula,negado,,,,,0,2,183
segmentation_trial,314737,0.0-11.0-0.8,2,"[""binaku"",""temula"",""dokine"",""galedi""]",d07pcymf2b1fged,uniform,,0.0,1.0,dokine,lakubi,dokine,lakubi,dokine,,,,,0,2,37
segmentation_trial,322091,0.0-11.0-0.9,2,"[""binaku"",""temula"",""dokine"",""galedi""]",d07pcymf2b1fged,uniform,,0.0,1.0,temula,mudile,temula,mudile,temula,,,,,0,2,182
segmentation_trial,328887,0.0-11.0-0.10,2,"[""binaku"",""temula"",""dokine"",""galedi""]",d07pcymf2b1fged,uniform,,0.0,1.0,binaku,lakubi,binaku,lakubi,binaku,,,,,0,2,5
segmentation_trial,337934,0.0-11.0-0.11,2,"[""binaku"",""temula"",""dokine"",""galedi""]",d07pcymf2b1fged,uniform,,0.0,0.0,dokine,negado,negado,dokine,negado,,,,,0,2,39
segmentation_trial,345264,0.0-11.0-0.12,2,"[""binaku"",""temula"",""dokine"",""galedi""]",d07pcymf2b1fged,uniform,,0.0,1.0,temula,lakubi,temula,lakubi,temula,,,,,0,2,181
segmentation_trial,352074,0.0-11.0-0.13,2,"[""binaku"",""temula"",""dokine"",""galedi""]",d07pcymf2b1fged,uniform,,1.0,0.0,galedi,mudile,galedi,mudile,mudile,,,,,0,2,46
segmentation_trial,358689,0.0-11.0-0.14,2,"[""binaku"",""temula"",""dokine"",""galedi""]",d07pcymf2b1fged,uniform,,0.0,0.0,binaku,kitena,kitena,binaku,kitena,,,,,0,2,4
segmentation_trial,365121,0.0-11.0-0.15,2,"[""binaku"",""temula"",""dokine"",""galedi""]",d07pcymf2b1fged,uniform,,0.0,1.0,galedi,lakubi,galedi,lakubi,galedi,,,,,0,2,45
segmentation_trial,261865,0.0-11.0-0.0,4,"[""kinome"",""teguda"",""bulego"",""moditu""]",gugp88bfhd21pdn,uniform,,0.0,1.0,moditu,nodabu,moditu,nodabu,moditu,,,,,0,1,135
segmentation_trial,268318,0.0-11.0-0.1,4,"[""kinome"",""teguda"",""bulego"",""moditu""]",gugp88bfhd21pdn,uniform,,0.0,1.0,teguda,gumeki,teguda,gumeki,teguda,,,,,0,1,177
segmentation_trial,274418,0.0-11.0-0.2,4,"[""kinome"",""teguda"",""bulego"",""moditu""]",gugp88bfhd21pdn,uniform,,1.0,1.0,bulego,letumo,letumo,bulego,bulego,,,,,0,1,18
segmentation_trial,280599,0.0-11.0-0.3,4,"[""kinome"",""teguda"",""bulego"",""moditu""]",gugp88bfhd21pdn,uniform,,1.0,1.0,kinome,digote,digote,kinome,kinome,,,,,0,1,76
segmentation_trial,286629,0.0-11.0-0.4,4,"[""kinome"",""teguda"",""bulego"",""moditu""]",gugp88bfhd21pdn,uniform,,0.0,1.0,bulego,gumeki,bulego,gumeki,bulego,,,,,0,1,17
segmentation_trial,293082,0.0-11.0-0.5,4,"[""kinome"",""teguda"",""bulego"",""moditu""]",gugp88bfhd21pdn,uniform,,1.0,1.0,moditu,letumo,letumo,moditu,moditu,,,,,0,1,134
segmentation_trial,299074,0.0-11.0-0.6,4,"[""kinome"",""teguda"",""bulego"",""moditu""]",gugp88bfhd21pdn,uniform,,0.0,1.0,kinome,nodabu,kinome,nodabu,kinome,,,,,0,1,79
segmentation_trial,305480,0.0-11.0-0.7,4,"[""kinome"",""teguda"",""bulego"",""moditu""]",gugp88bfhd21pdn,uniform,,0.0,0.0,teguda,digote,digote,teguda,digote,,,,,0,1,176
segmentation_trial,311659,0.0-11.0-0.8,4,"[""kinome"",""teguda"",""bulego"",""moditu""]",gugp88bfhd21pdn,uniform,,0.0,1.0,moditu,gumeki,moditu,gumeki,moditu,,,,,0,1,133
segmentation_trial,317439,0.0-11.0-0.9,4,"[""kinome"",""teguda"",""bulego"",""moditu""]",gugp88bfhd21pdn,uniform,,0.0,1.0,bulego,nodabu,bulego,nodabu,bulego,,,,,0,1,19
segmentation_trial,323455,0.0-11.0-0.10,4,"[""kinome"",""teguda"",""bulego"",""moditu""]",gugp88bfhd21pdn,uniform,,1.0,1.0,kinome,letumo,letumo,kinome,kinome,,,,,0,1,78
segmentation_trial,329875,0.0-11.0-0.11,4,"[""kinome"",""teguda"",""bulego"",""moditu""]",gugp88bfhd21pdn,uniform,,0.0,0.0,moditu,digote,digote,moditu,digote,,,,,0,1,132
segmentation_trial,335946,0.0-11.0-0.12,4,"[""kinome"",""teguda"",""bulego"",""moditu""]",gugp88bfhd21pdn,uniform,,0.0,1.0,kinome,gumeki,kinome,gumeki,kinome,,,,,0,1,77
segmentation_trial,342804,0.0-11.0-0.13,4,"[""kinome"",""teguda"",""bulego"",""moditu""]",gugp88bfhd21pdn,uniform,,1.0,1.0,teguda,letumo,letumo,teguda,teguda,,,,,0,1,178
segmentation_trial,349030,0.0-11.0-0.14,4,"[""kinome"",""teguda"",""bulego"",""moditu""]",gugp88bfhd21pdn,uniform,,1.0,1.0,bulego,digote,digote,bulego,bulego,,,,,0,1,16
segmentation_trial,355092,0.0-11.0-0.15,4,"[""kinome"",""teguda"",""bulego"",""moditu""]",gugp88bfhd21pdn,uniform,,0.0,1.0,teguda,nodabu,teguda,nodabu,teguda,,,,,0,1,179
segmentation_trial,385858,0.0-11.0-0.0,5,"[""tobanu"",""gukema"",""delubo"",""lamodi""]",qpdx9y7z7jj1crc,uniform,,1.0,1.0,lamodi,nubola,nubola,lamodi,lamodi,,,,,0,1,103
segmentation_trial,396921,0.0-11.0-0.1,5,"[""tobanu"",""gukema"",""delubo"",""lamodi""]",qpdx9y7z7jj1crc,uniform,,0.0,1.0,tobanu,matolu,tobanu,matolu,tobanu,,,,,0,1,185
segmentation_trial,405329,0.0-11.0-0.2,5,"[""tobanu"",""gukema"",""delubo"",""lamodi""]",qpdx9y7z7jj1crc,uniform,,0.0,1.0,gukema,mogude,gukema,mogude,gukema,,,,,0,1,62
segmentation_trial,412849,0.0-11.0-0.3,5,"[""tobanu"",""gukema"",""delubo"",""lamodi""]",qpdx9y7z7jj1crc,uniform,,1.0,1.0,delubo,nubola,nubola,delubo,delubo,,,,,0,1,23
segmentation_trial,419401,0.0-11.0-0.4,5,"[""tobanu"",""gukema"",""delubo"",""lamodi""]",qpdx9y7z7jj1crc,uniform,,0.0,1.0,gukema,matolu,gukema,matolu,gukema,,,,,0,1,61
segmentation_trial,425505,0.0-11.0-0.5,5,"[""tobanu"",""gukema"",""delubo"",""lamodi""]",qpdx9y7z7jj1crc,uniform,,1.0,1.0,lamodi,kediba,kediba,lamodi,lamodi,,,,,0,1,100
segmentation_trial,431897,0.0-11.0-0.6,5,"[""tobanu"",""gukema"",""delubo"",""lamodi""]",qpdx9y7z7jj1crc,uniform,,1.0,1.0,gukema,nubola,nubola,gukema,gukema,,,,,0,1,63
segmentation_trial,437944,0.0-11.0-0.7,5,"[""tobanu"",""gukema"",""delubo"",""lamodi""]",qpdx9y7z7jj1crc,uniform,,0.0,1.0,delubo,mogude,delubo,mogude,delubo,,,,,0,1,22
segmentation_trial,445464,0.0-11.0-0.8,5,"[""tobanu"",""gukema"",""delubo"",""lamodi""]",qpdx9y7z7jj1crc,uniform,,1.0,1.0,tobanu,kediba,kediba,tobanu,tobanu,,,,,0,1,184
segmentation_trial,453808,0.0-11.0-0.9,5,"[""tobanu"",""gukema"",""delubo"",""lamodi""]",qpdx9y7z7jj1crc,uniform,,0.0,1.0,lamodi,mogude,lamodi,mogude,lamodi,,,,,0,1,102
segmentation_trial,459816,0.0-11.0-0.10,5,"[""tobanu"",""gukema"",""delubo"",""lamodi""]",qpdx9y7z7jj1crc,uniform,,0.0,1.0,delubo,matolu,delubo,matolu,delubo,,,,,0,1,21
segmentation_trial,465992,0.0-11.0-0.11,5,"[""tobanu"",""gukema"",""delubo"",""lamodi""]",qpdx9y7z7jj1crc,uniform,,1.0,1.0,gukema,kediba,kediba,gukema,gukema,,,,,0,1,60
segmentation_trial,473000,0.0-11.0-0.12,5,"[""tobanu"",""gukema"",""delubo"",""lamodi""]",qpdx9y7z7jj1crc,uniform,,0.0,1.0,tobanu,mogude,tobanu,mogude,tobanu,,,,,0,1,186
segmentation_trial,478969,0.0-11.0-0.13,5,"[""tobanu"",""gukema"",""delubo"",""lamodi""]",qpdx9y7z7jj1crc,uniform,,1.0,1.0,delubo,kediba,kediba,delubo,delubo,,,,,0,1,20
segmentation_trial,484832,0.0-11.0-0.14,5,"[""tobanu"",""gukema"",""delubo"",""lamodi""]",qpdx9y7z7jj1crc,uniform,,0.0,1.0,lamodi,matolu,lamodi,matolu,lamodi,,,,,0,1,101
segmentation_trial,491289,0.0-11.0-0.15,5,"[""tobanu"",""gukema"",""delubo"",""lamodi""]",qpdx9y7z7jj1crc,uniform,,1.0,1.0,tobanu,nubola,nubola,tobanu,tobanu,,,,,0,1,187
segmentation_trial,287811,0.0-11.0-0.0,2,"[""binaku"",""temula"",""dokine"",""galedi""]",jfuw9t11v7kjy0g,zipfian,"[""binaku"",""dokine"",""temula"",""galedi""]",0.0,0.0,dokine,negado,negado,dokine,negado,binaku,dokine,temula,galedi,2,2,39
segmentation_trial,295243,0.0-11.0-0.1,2,"[""binaku"",""temula"",""dokine"",""galedi""]",jfuw9t11v7kjy0g,zipfian,"[""binaku"",""dokine"",""temula"",""galedi""]",1.0,0.0,temula,lakubi,temula,lakubi,lakubi,binaku,dokine,temula,galedi,3,2,181
segmentation_trial,302395,0.0-11.0-0.2,2,"[""binaku"",""temula"",""dokine"",""galedi""]",jfuw9t11v7kjy0g,zipfian,"[""binaku"",""dokine"",""temula"",""galedi""]",0.0,0.0,dokine,kitena,kitena,dokine,kitena,binaku,dokine,temula,galedi,2,2,36
segmentation_trial,308595,0.0-11.0-0.3,2,"[""binaku"",""temula"",""dokine"",""galedi""]",jfuw9t11v7kjy0g,zipfian,"[""binaku"",""dokine"",""temula"",""galedi""]",0.0,0.0,galedi,negado,negado,galedi,negado,binaku,dokine,temula,galedi,4,2,47
segmentation_trial,314771,0.0-11.0-0.4,2,"[""binaku"",""temula"",""dokine"",""galedi""]",jfuw9t11v7kjy0g,zipfian,"[""binaku"",""dokine"",""temula"",""galedi""]",0.0,1.0,dokine,lakubi,dokine,lakubi,dokine,binaku,dokine,temula,galedi,2,2,37
segmentation_trial,320754,0.0-11.0-0.5,2,"[""binaku"",""temula"",""dokine"",""galedi""]",jfuw9t11v7kjy0g,zipfian,"[""binaku"",""dokine"",""temula"",""galedi""]",0.0,1.0,galedi,mudile,galedi,mudile,galedi,binaku,dokine,temula,galedi,4,2,46
segmentation_trial,327026,0.0-11.0-0.6,2,"[""binaku"",""temula"",""dokine"",""galedi""]",jfuw9t11v7kjy0g,zipfian,"[""binaku"",""dokine"",""temula"",""galedi""]",0.0,1.0,binaku,lakubi,binaku,lakubi,binaku,binaku,dokine,temula,galedi,1,2,5
segmentation_trial,334418,0.0-11.0-0.7,2,"[""binaku"",""temula"",""dokine"",""galedi""]",jfuw9t11v7kjy0g,zipfian,"[""binaku"",""dokine"",""temula"",""galedi""]",0.0,0.0,temula,negado,negado,temula,negado,binaku,dokine,temula,galedi,3,2,183
segmentation_trial,340307,0.0-11.0-0.8,2,"[""binaku"",""temula"",""dokine"",""galedi""]",jfuw9t11v7kjy0g,zipfian,"[""binaku"",""dokine"",""temula"",""galedi""]",0.0,1.0,dokine,mudile,dokine,mudile,dokine,binaku,dokine,temula,galedi,2,2,38
segmentation_trial,346299,0.0-11.0-0.9,2,"[""binaku"",""temula"",""dokine"",""galedi""]",jfuw9t11v7kjy0g,zipfian,"[""binaku"",""dokine"",""temula"",""galedi""]",0.0,0.0,binaku,negado,negado,binaku,negado,binaku,dokine,temula,galedi,1,2,7
segmentation_trial,352586,0.0-11.0-0.10,2,"[""binaku"",""temula"",""dokine"",""galedi""]",jfuw9t11v7kjy0g,zipfian,"[""binaku"",""dokine"",""temula"",""galedi""]",0.0,1.0,temula,mudile,temula,mudile,temula,binaku,dokine,temula,galedi,3,2,182
segmentation_trial,359475,0.0-11.0-0.11,2,"[""binaku"",""temula"",""dokine"",""galedi""]",jfuw9t11v7kjy0g,zipfian,"[""binaku"",""dokine"",""temula"",""galedi""]",1.0,1.0,binaku,kitena,kitena,binaku,binaku,binaku,dokine,temula,galedi,1,2,4
segmentation_trial,365426,0.0-11.0-0.12,2,"[""binaku"",""temula"",""dokine"",""galedi""]",jfuw9t11v7kjy0g,zipfian,"[""binaku"",""dokine"",""temula"",""galedi""]",0.0,1.0,galedi,lakubi,galedi,lakubi,galedi,binaku,dokine,temula,galedi,4,2,45
segmentation_trial,371282,0.0-11.0-0.13,2,"[""binaku"",""temula"",""dokine"",""galedi""]",jfuw9t11v7kjy0g,zipfian,"[""binaku"",""dokine"",""temula"",""galedi""]",1.0,0.0,binaku,mudile,binaku,mudile,mudile,binaku,dokine,temula,galedi,1,2,6
segmentation_trial,378826,0.0-11.0-0.14,2,"[""binaku"",""temula"",""dokine"",""galedi""]",jfuw9t11v7kjy0g,zipfian,"[""binaku"",""dokine"",""temula"",""galedi""]",0.0,0.0,galedi,kitena,kitena,galedi,kitena,binaku,dokine,temula,galedi,4,2,44
segmentation_trial,386105,0.0-11.0-0.15,2,"[""binaku"",""temula"",""dokine"",""galedi""]",jfuw9t11v7kjy0g,zipfian,"[""binaku"",""dokine"",""temula"",""galedi""]",1.0,1.0,temula,kitena,kitena,temula,temula,binaku,dokine,temula,galedi,3,2,180
segmentation_trial,214121,0.0-11.0-0.0,2,"[""binaku"",""temula"",""dokine"",""galedi""]",ywtrqoszfhsexc7,uniform,,1.0,1.0,temula,negado,negado,temula,temula,,,,,0,2,183
segmentation_trial,220109,0.0-11.0-0.1,2,"[""binaku"",""temula"",""dokine"",""galedi""]",ywtrqoszfhsexc7,uniform,,0.0,1.0,dokine,mudile,dokine,mudile,dokine,,,,,0,2,38
segmentation_trial,226141,0.0-11.0-0.2,2,"[""binaku"",""temula"",""dokine"",""galedi""]",ywtrqoszfhsexc7,uniform,,1.0,1.0,galedi,negado,negado,galedi,galedi,,,,,0,2,47
segmentation_trial,232260,0.0-11.0-0.3,2,"[""binaku"",""temula"",""dokine"",""galedi""]",ywtrqoszfhsexc7,uniform,,0.0,0.0,dokine,kitena,kitena,dokine,kitena,,,,,0,2,36
segmentation_trial,238204,0.0-11.0-0.4,2,"[""binaku"",""temula"",""dokine"",""galedi""]",ywtrqoszfhsexc7,uniform,,0.0,1.0,galedi,mudile,galedi,mudile,galedi,,,,,0,2,46
segmentation_trial,244358,0.0-11.0-0.5,2,"[""binaku"",""temula"",""dokine"",""galedi""]",ywtrqoszfhsexc7,uniform,,1.0,1.0,temula,kitena,kitena,temula,temula,,,,,0,2,180
segmentation_trial,251014,0.0-11.0-0.6,2,"[""binaku"",""temula"",""dokine"",""galedi""]",ywtrqoszfhsexc7,uniform,,1.0,0.0,binaku,lakubi,binaku,lakubi,lakubi,,,,,0,2,5
segmentation_trial,257154,0.0-11.0-0.7,2,"[""binaku"",""temula"",""dokine"",""galedi""]",ywtrqoszfhsexc7,uniform,,1.0,1.0,galedi,kitena,kitena,galedi,galedi,,,,,0,2,44
segmentation_trial,263060,0.0-11.0-0.8,2,"[""binaku"",""temula"",""dokine"",""galedi""]",ywtrqoszfhsexc7,uniform,,0.0,1.0,temula,lakubi,temula,lakubi,temula,,,,,0,2,181
segmentation_trial,268812,0.0-11.0-0.9,2,"[""binaku"",""temula"",""dokine"",""galedi""]",ywtrqoszfhsexc7,uniform,,1.0,0.0,binaku,mudile,binaku,mudile,mudile,,,,,0,2,6
segmentation_trial,274575,0.0-11.0-0.10,2,"[""binaku"",""temula"",""dokine"",""galedi""]",ywtrqoszfhsexc7,uniform,,0.0,1.0,dokine,lakubi,dokine,lakubi,dokine,,,,,0,2,37
segmentation_trial,280189,0.0-11.0-0.11,2,"[""binaku"",""temula"",""dokine"",""galedi""]",ywtrqoszfhsexc7,uniform,,0.0,0.0,binaku,negado,negado,binaku,negado,,,,,0,2,7
segmentation_trial,285987,0.0-11.0-0.12,2,"[""binaku"",""temula"",""dokine"",""galedi""]",ywtrqoszfhsexc7,uniform,,0.0,1.0,galedi,lakubi,galedi,lakubi,galedi,,,,,0,2,45
segmentation_trial,291627,0.0-11.0-0.13,2,"[""binaku"",""temula"",""dokine"",""galedi""]",ywtrqoszfhsexc7,uniform,,0.0,0.0,dokine,negado,negado,dokine,negado,,,,,0,2,39
segmentation_trial,297326,0.0-11.0-0.14,2,"[""binaku"",""temula"",""dokine"",""galedi""]",ywtrqoszfhsexc7,uniform,,0.0,1.0,temula,mudile,temula,mudile,temula,,,,,0,2,182
segmentation_trial,302995,0.0-11.0-0.15,2,"[""binaku"",""temula"",""dokine"",""galedi""]",ywtrqoszfhsexc7,uniform,,0.0,0.0,binaku,kitena,kitena,binaku,kitena,,,,,0,2,4
segmentation_trial,338539,0.0-11.0-0.0,1,"[""kulego"",""nagitu"",""tobuma"",""midobe""]",261ty9gfev84qlf,zipfian,"[""kulego"",""nagitu"",""midobe"",""tobuma""]",0.0,1.0,midobe,bugona,midobe,bugona,midobe,kulego,nagitu,midobe,tobuma,3,1,124
segmentation_trial,346225,0.0-11.0-0.1,1,"[""kulego"",""nagitu"",""tobuma"",""midobe""]",261ty9gfev84qlf,zipfian,"[""kulego"",""nagitu"",""midobe"",""tobuma""]",1.0,1.0,kulego,dotumi,dotumi,kulego,kulego,kulego,nagitu,midobe,tobuma,1,1,89
segmentation_trial,353035,0.0-11.0-0.2,1,"[""kulego"",""nagitu"",""tobuma"",""midobe""]",261ty9gfev84qlf,zipfian,"[""kulego"",""nagitu"",""midobe"",""tobuma""]",0.0,1.0,tobuma,lemaku,tobuma,lemaku,tobuma,kulego,nagitu,midobe,tobuma,4,1,191
segmentation_trial,366930,0.0-11.0-0.3,1,"[""kulego"",""nagitu"",""tobuma"",""midobe""]",261ty9gfev84qlf,zipfian,"[""kulego"",""nagitu"",""midobe"",""tobuma""]",0.0,1.0,kulego,bugona,kulego,bugona,kulego,kulego,nagitu,midobe,tobuma,1,1,88
segmentation_trial,374657,0.0-11.0-0.4,1,"[""kulego"",""nagitu"",""tobuma"",""midobe""]",261ty9gfev84qlf,zipfian,"[""kulego"",""nagitu"",""midobe"",""tobuma""]",0.0,0.0,tobuma,gibeto,gibeto,tobuma,gibeto,kulego,nagitu,midobe,tobuma,4,1,190
segmentation_trial,381328,0.0-11.0-0.5,1,"[""kulego"",""nagitu"",""tobuma"",""midobe""]",261ty9gfev84qlf,zipfian,"[""kulego"",""nagitu"",""midobe"",""tobuma""]",0.0,1.0,midobe,lemaku,midobe,lemaku,midobe,kulego,nagitu,midobe,tobuma,3,1,127
segmentation_trial,390496,0.0-11.0-0.6,1,"[""kulego"",""nagitu"",""tobuma"",""midobe""]",261ty9gfev84qlf,zipfian,"[""kulego"",""nagitu"",""midobe"",""tobuma""]",1.0,0.0,nagitu,bugona,nagitu,bugona,bugona,kulego,nagitu,midobe,tobuma,2,1,148
segmentation_trial,396848,0.0-11.0-0.7,1,"[""kulego"",""nagitu"",""tobuma"",""midobe""]",261ty9gfev84qlf,zipfian,"[""kulego"",""nagitu"",""midobe"",""tobuma""]",0.0,1.0,kulego,lemaku,kulego,lemaku,kulego,kulego,nagitu,midobe,tobuma,1,1,91
segmentation_trial,403960,0.0-11.0-0.8,1,"[""kulego"",""nagitu"",""tobuma"",""midobe""]",261ty9gfev84qlf,zipfian,"[""kulego"",""nagitu"",""midobe"",""tobuma""]",0.0,0.0,midobe,dotumi,dotumi,midobe,dotumi,kulego,nagitu,midobe,tobuma,3,1,125
segmentation_trial,410312,0.0-11.0-0.9,1,"[""kulego"",""nagitu"",""tobuma"",""midobe""]",261ty9gfev84qlf,zipfian,"[""kulego"",""nagitu"",""midobe"",""tobuma""]",0.0,1.0,nagitu,lemaku,nagitu,lemaku,nagitu,kulego,nagitu,midobe,tobuma,2,1,151
segmentation_trial,417680,0.0-11.0-0.10,1,"[""kulego"",""nagitu"",""tobuma"",""midobe""]",261ty9gfev84qlf,zipfian,"[""kulego"",""nagitu"",""midobe"",""tobuma""]",1.0,1.0,midobe,gibeto,gibeto,midobe,midobe,kulego,nagitu,midobe,tobuma,3,1,126
segmentation_trial,423958,0.0-11.0-0.11,1,"[""kulego"",""nagitu"",""tobuma"",""midobe""]",261ty9gfev84qlf,zipfian,"[""kulego"",""nagitu"",""midobe"",""tobuma""]",1.0,1.0,nagitu,dotumi,dotumi,nagitu,nagitu,kulego,nagitu,midobe,tobuma,2,1,149
segmentation_trial,430146,0.0-11.0-0.12,1,"[""kulego"",""nagitu"",""tobuma"",""midobe""]",261ty9gfev84qlf,zipfian,"[""kulego"",""nagitu"",""midobe"",""tobuma""]",1.0,1.0,kulego,gibeto,gibeto,kulego,kulego,kulego,nagitu,midobe,tobuma,1,1,90
segmentation_trial,436453,0.0-11.0-0.13,1,"[""kulego"",""nagitu"",""tobuma"",""midobe""]",261ty9gfev84qlf,zipfian,"[""kulego"",""nagitu"",""midobe"",""tobuma""]",0.0,1.0,tobuma,bugona,tobuma,bugona,tobuma,kulego,nagitu,midobe,tobuma,4,1,188
segmentation_trial,445355,0.0-11.0-0.14,1,"[""kulego"",""nagitu"",""tobuma"",""midobe""]",261ty9gfev84qlf,zipfian,"[""kulego"",""nagitu"",""midobe"",""tobuma""]",1.0,1.0,nagitu,gibeto,gibeto,nagitu,nagitu,kulego,nagitu,midobe,tobuma,2,1,150
segmentation_trial,452699,0.0-11.0-0.15,1,"[""kulego"",""nagitu"",""tobuma"",""midobe""]",261ty9gfev84qlf,zipfian,"[""kulego"",""nagitu"",""midobe"",""tobuma""]",0.0,0.0,tobuma,dotumi,dotumi,tobuma,dotumi,kulego,nagitu,midobe,tobuma,4,1,189
segmentation_trial,277084,0.0-11.0-0.0,6,"[""nodebu"",""dimate"",""mekugo"",""gubila""]",jb1tn28wpme4tnt,zipfian,"[""dimate"",""nodebu"",""mekugo"",""gubila""]",1.0,0.0,gubila,bimegu,gubila,bimegu,bimegu,dimate,nodebu,mekugo,gubila,4,1,56
segmentation_trial,283189,0.0-11.0-0.1,6,"[""nodebu"",""dimate"",""mekugo"",""gubila""]",jb1tn28wpme4tnt,zipfian,"[""dimate"",""nodebu"",""mekugo"",""gubila""]",0.0,1.0,mekugo,kudino,mekugo,kudino,mekugo,dimate,nodebu,mekugo,gubila,3,1,121
segmentation_trial,289333,0.0-11.0-0.2,6,"[""nodebu"",""dimate"",""mekugo"",""gubila""]",jb1tn28wpme4tnt,zipfian,"[""dimate"",""nodebu"",""mekugo"",""gubila""]",1.0,1.0,dimate,labude,labude,dimate,dimate,dimate,nodebu,mekugo,gubila,1,1,30
segmentation_trial,295683,0.0-11.0-0.3,6,"[""nodebu"",""dimate"",""mekugo"",""gubila""]",jb1tn28wpme4tnt,zipfian,"[""dimate"",""nodebu"",""mekugo"",""gubila""]",0.0,0.0,gubila,tegoma,tegoma,gubila,tegoma,dimate,nodebu,mekugo,gubila,4,1,59
segmentation_trial,302220,0.0-11.0-0.4,6,"[""nodebu"",""dimate"",""mekugo"",""gubila""]",jb1tn28wpme4tnt,zipfian,"[""dimate"",""nodebu"",""mekugo"",""gubila""]",0.0,0.0,nodebu,labude,labude,nodebu,labude,dimate,nodebu,mekugo,gubila,2,1,162
segmentation_trial,308269,0.0-11.0-0.5,6,"[""nodebu"",""dimate"",""mekugo"",""gubila""]",jb1tn28wpme4tnt,zipfian,"[""dimate"",""nodebu"",""mekugo"",""gubila""]",0.0,1.0,dimate,kudino,dimate,kudino,dimate,dimate,nodebu,mekugo,gubila,1,1,29
segmentation_trial,314277,0.0-11.0-0.6,6,"[""nodebu"",""dimate"",""mekugo"",""gubila""]",jb1tn28wpme4tnt,zipfian,"[""dimate"",""nodebu"",""mekugo"",""gubila""]",1.0,1.0,mekugo,labude,labude,mekugo,mekugo,dimate,nodebu,mekugo,gubila,3,1,122
segmentation_trial,320908,0.0-11.0-0.7,6,"[""nodebu"",""dimate"",""mekugo"",""gubila""]",jb1tn28wpme4tnt,zipfian,"[""dimate"",""nodebu"",""mekugo"",""gubila""]",1.0,0.0,nodebu,bimegu,nodebu,bimegu,bimegu,dimate,nodebu,mekugo,gubila,2,1,160
segmentation_trial,328187,0.0-11.0-0.8,6,"[""nodebu"",""dimate"",""mekugo"",""gubila""]",jb1tn28wpme4tnt,zipfian,"[""dimate"",""nodebu"",""mekugo"",""gubila""]",1.0,1.0,gubila,labude,labude,gubila,gubila,dimate,nodebu,mekugo,gubila,4,1,58
segmentation_trial,334286,0.0-11.0-0.9,6,"[""nodebu"",""dimate"",""mekugo"",""gubila""]",jb1tn28wpme4tnt,zipfian,"[""dimate"",""nodebu"",""mekugo"",""gubila""]",0.0,1.0,mekugo,bimegu,mekugo,bimegu,mekugo,dimate,nodebu,mekugo,gubila,3,1,120
segmentation_trial,343235,0.0-11.0-0.10,6,"[""nodebu"",""dimate"",""mekugo"",""gubila""]",jb1tn28wpme4tnt,zipfian,"[""dimate"",""nodebu"",""mekugo"",""gubila""]",0.0,1.0,nodebu,kudino,nodebu,kudino,nodebu,dimate,nodebu,mekugo,gubila,2,1,161
segmentation_trial,349213,0.0-11.0-0.11,6,"[""nodebu"",""dimate"",""mekugo"",""gubila""]",jb1tn28wpme4tnt,zipfian,"[""dimate"",""nodebu"",""mekugo"",""gubila""]",0.0,1.0,dimate,bimegu,dimate,bimegu,dimate,dimate,nodebu,mekugo,gubila,1,1,28
segmentation_trial,355244,0.0-11.0-0.12,6,"[""nodebu"",""dimate"",""mekugo"",""gubila""]",jb1tn28wpme4tnt,zipfian,"[""dimate"",""nodebu"",""mekugo"",""gubila""]",0.0,0.0,nodebu,tegoma,tegoma,nodebu,tegoma,dimate,nodebu,mekugo,gubila,2,1,163
segmentation_trial,361731,0.0-11.0-0.13,6,"[""nodebu"",""dimate"",""mekugo"",""gubila""]",jb1tn28wpme4tnt,zipfian,"[""dimate"",""nodebu"",""mekugo"",""gubila""]",0.0,1.0,gubila,kudino,gubila,kudino,gubila,dimate,nodebu,mekugo,gubila,4,1,57
segmentation_trial,368563,0.0-11.0-0.14,6,"[""nodebu"",""dimate"",""mekugo"",""gubila""]",jb1tn28wpme4tnt,zipfian,"[""dimate"",""nodebu"",""mekugo"",""gubila""]",1.0,1.0,dimate,tegoma,tegoma,dimate,dimate,dimate,nodebu,mekugo,gubila,1,1,31
segmentation_trial,375699,0.0-11.0-0.15,6,"[""nodebu"",""dimate"",""mekugo"",""gubila""]",jb1tn28wpme4tnt,zipfian,"[""dimate"",""nodebu"",""mekugo"",""gubila""]",1.0,1.0,mekugo,tegoma,tegoma,mekugo,mekugo,dimate,nodebu,mekugo,gubila,3,1,123
segmentation_trial,257226,0.0-11.0-0.0,6,"[""nodebu"",""dimate"",""mekugo"",""gubila""]",4a8l8u4qqkfp184,zipfian,"[""nodebu"",""dimate"",""gubila"",""mekugo""]",0.0,0.0,dimate,labude,labude,dimate,labude,nodebu,dimate,gubila,mekugo,2,1,30
segmentation_trial,266575,0.0-11.0-0.1,6,"[""nodebu"",""dimate"",""mekugo"",""gubila""]",4a8l8u4qqkfp184,zipfian,"[""nodebu"",""dimate"",""gubila"",""mekugo""]",0.0,0.0,nodebu,tegoma,tegoma,nodebu,tegoma,nodebu,dimate,gubila,mekugo,1,1,163
segmentation_trial,273992,0.0-11.0-0.2,6,"[""nodebu"",""dimate"",""mekugo"",""gubila""]",4a8l8u4qqkfp184,zipfian,"[""nodebu"",""dimate"",""gubila"",""mekugo""]",0.0,0.0,gubila,labude,labude,gubila,labude,nodebu,dimate,gubila,mekugo,3,1,58
segmentation_trial,282309,0.0-11.0-0.3,6,"[""nodebu"",""dimate"",""mekugo"",""gubila""]",4a8l8u4qqkfp184,zipfian,"[""nodebu"",""dimate"",""gubila"",""mekugo""]",0.0,1.0,nodebu,kudino,nodebu,kudino,nodebu,nodebu,dimate,gubila,mekugo,1,1,161
segmentation_trial,288559,0.0-11.0-0.4,6,"[""nodebu"",""dimate"",""mekugo"",""gubila""]",4a8l8u4qqkfp184,zipfian,"[""nodebu"",""dimate"",""gubila"",""mekugo""]",1.0,0.0,dimate,bimegu,dimate,bimegu,bimegu,nodebu,dimate,gubila,mekugo,2,1,28
segmentation_trial,295126,0.0-11.0-0.5,6,"[""nodebu"",""dimate"",""mekugo"",""gubila""]",4a8l8u4qqkfp184,zipfian,"[""nodebu"",""dimate"",""gubila"",""mekugo""]",1.0,1.0,mekugo,tegoma,tegoma,mekugo,mekugo,nodebu,dimate,gubila,mekugo,4,1,123
segmentation_trial,301276,0.0-11.0-0.6,6,"[""nodebu"",""dimate"",""mekugo"",""gubila""]",4a8l8u4qqkfp184,zipfian,"[""nodebu"",""dimate"",""gubila"",""mekugo""]",0.0,1.0,gubila,bimegu,gubila,bimegu,gubila,nodebu,dimate,gubila,mekugo,3,1,56
segmentation_trial,308625,0.0-11.0-0.7,6,"[""nodebu"",""dimate"",""mekugo"",""gubila""]",4a8l8u4qqkfp184,zipfian,"[""nodebu"",""dimate"",""gubila"",""mekugo""]",1.0,1.0,dimate,tegoma,tegoma,dimate,dimate,nodebu,dimate,gubila,mekugo,2,1,31
segmentation_trial,314709,0.0-11.0-0.8,6,"[""nodebu"",""dimate"",""mekugo"",""gubila""]",4a8l8u4qqkfp184,zipfian,"[""nodebu"",""dimate"",""gubila"",""mekugo""]",0.0,1.0,gubila,kudino,gubila,kudino,gubila,nodebu,dimate,gubila,mekugo,3,1,57
segmentation_trial,321242,0.0-11.0-0.9,6,"[""nodebu"",""dimate"",""mekugo"",""gubila""]",4a8l8u4qqkfp184,zipfian,"[""nodebu"",""dimate"",""gubila"",""mekugo""]",0.0,0.0,nodebu,labude,labude,nodebu,labude,nodebu,dimate,gubila,mekugo,1,1,162
segmentation_trial,327726,0.0-11.0-0.10,6,"[""nodebu"",""dimate"",""mekugo"",""gubila""]",4a8l8u4qqkfp184,zipfian,"[""nodebu"",""dimate"",""gubila"",""mekugo""]",0.0,1.0,dimate,kudino,dimate,kudino,dimate,nodebu,dimate,gubila,mekugo,2,1,29
segmentation_trial,334226,0.0-11.0-0.11,6,"[""nodebu"",""dimate"",""mekugo"",""gubila""]",4a8l8u4qqkfp184,zipfian,"[""nodebu"",""dimate"",""gubila"",""mekugo""]",0.0,0.0,gubila,tegoma,tegoma,gubila,tegoma,nodebu,dimate,gubila,mekugo,3,1,59
segmentation_trial,340959,0.0-11.0-0.12,6,"[""nodebu"",""dimate"",""mekugo"",""gubila""]",4a8l8u4qqkfp184,zipfian,"[""nodebu"",""dimate"",""gubila"",""mekugo""]",1.0,0.0,nodebu,bimegu,nodebu,bimegu,bimegu,nodebu,dimate,gubila,mekugo,1,1,160
segmentation_trial,347359,0.0-11.0-0.13,6,"[""nodebu"",""dimate"",""mekugo"",""gubila""]",4a8l8u4qqkfp184,zipfian,"[""nodebu"",""dimate"",""gubila"",""mekugo""]",0.0,0.0,mekugo,labude,labude,mekugo,labude,nodebu,dimate,gubila,mekugo,4,1,122
segmentation_trial,354425,0.0-11.0-0.14,6,"[""nodebu"",""dimate"",""mekugo"",""gubila""]",4a8l8u4qqkfp184,zipfian,"[""nodebu"",""dimate"",""gubila"",""mekugo""]",1.0,0.0,mekugo,kudino,mekugo,kudino,kudino,nodebu,dimate,gubila,mekugo,4,1,121
segmentation_trial,361342,0.0-11.0-0.15,6,"[""nodebu"",""dimate"",""mekugo"",""gubila""]",4a8l8u4qqkfp184,zipfian,"[""nodebu"",""dimate"",""gubila"",""mekugo""]",0.0,1.0,mekugo,bimegu,mekugo,bimegu,mekugo,nodebu,dimate,gubila,mekugo,4,1,120
segmentation_trial,408561,0.0-11.0-0.0,1,"[""lemaku"",""gibeto"",""bugona"",""dotumi""]",sr3qy5pgkxq8oqe,zipfian,"[""bugona"",""dotumi"",""gibeto"",""lemaku""]",1.0,1.0,bugona,midobe,midobe,bugona,bugona,bugona,dotumi,gibeto,lemaku,1,2,13
segmentation_trial,416287,0.0-11.0-0.1,1,"[""lemaku"",""gibeto"",""bugona"",""dotumi""]",sr3qy5pgkxq8oqe,zipfian,"[""bugona"",""dotumi"",""gibeto"",""lemaku""]",0.0,1.0,lemaku,kulego,lemaku,kulego,lemaku,bugona,dotumi,gibeto,lemaku,4,2,108
segmentation_trial,422811,0.0-11.0-0.2,1,"[""lemaku"",""gibeto"",""bugona"",""dotumi""]",sr3qy5pgkxq8oqe,zipfian,"[""bugona"",""dotumi"",""gibeto"",""lemaku""]",0.0,1.0,gibeto,tobuma,gibeto,tobuma,gibeto,bugona,dotumi,gibeto,lemaku,3,2,51
segmentation_trial,430275,0.0-11.0-0.3,1,"[""lemaku"",""gibeto"",""bugona"",""dotumi""]",sr3qy5pgkxq8oqe,zipfian,"[""bugona"",""dotumi"",""gibeto"",""lemaku""]",1.0,1.0,bugona,nagitu,nagitu,bugona,bugona,bugona,dotumi,gibeto,lemaku,1,2,14
segmentation_trial,438211,0.0-11.0-0.4,1,"[""lemaku"",""gibeto"",""bugona"",""dotumi""]",sr3qy5pgkxq8oqe,zipfian,"[""bugona"",""dotumi"",""gibeto"",""lemaku""]",1.0,0.0,gibeto,kulego,gibeto,kulego,kulego,bugona,dotumi,gibeto,lemaku,3,2,48
segmentation_trial,444595,0.0-11.0-0.5,1,"[""lemaku"",""gibeto"",""bugona"",""dotumi""]",sr3qy5pgkxq8oqe,zipfian,"[""bugona"",""dotumi"",""gibeto"",""lemaku""]",1.0,1.0,lemaku,nagitu,nagitu,lemaku,lemaku,bugona,dotumi,gibeto,lemaku,4,2,110
segmentation_trial,452136,0.0-11.0-0.6,1,"[""lemaku"",""gibeto"",""bugona"",""dotumi""]",sr3qy5pgkxq8oqe,zipfian,"[""bugona"",""dotumi"",""gibeto"",""lemaku""]",0.0,1.0,bugona,kulego,bugona,kulego,bugona,bugona,dotumi,gibeto,lemaku,1,2,12
segmentation_trial,459354,0.0-11.0-0.7,1,"[""lemaku"",""gibeto"",""bugona"",""dotumi""]",sr3qy5pgkxq8oqe,zipfian,"[""bugona"",""dotumi"",""gibeto"",""lemaku""]",1.0,1.0,dotumi,midobe,midobe,dotumi,dotumi,bugona,dotumi,gibeto,lemaku,2,2,41
segmentation_trial,465917,0.0-11.0-0.8,1,"[""lemaku"",""gibeto"",""bugona"",""dotumi""]",sr3qy5pgkxq8oqe,zipfian,"[""bugona"",""dotumi"",""gibeto"",""lemaku""]",0.0,1.0,bugona,tobuma,bugona,tobuma,bugona,bugona,dotumi,gibeto,lemaku,1,2,15
segmentation_trial,475024,0.0-11.0-0.9,1,"[""lemaku"",""gibeto"",""bugona"",""dotumi""]",sr3qy5pgkxq8oqe,zipfian,"[""bugona"",""dotumi"",""gibeto"",""lemaku""]",0.0,0.0,gibeto,midobe,midobe,gibeto,midobe,bugona,dotumi,gibeto,lemaku,3,2,49
segmentation_trial,481304,0.0-11.0-0.10,1,"[""lemaku"",""gibeto"",""bugona"",""dotumi""]",sr3qy5pgkxq8oqe,zipfian,"[""bugona"",""dotumi"",""gibeto"",""lemaku""]",0.0,1.0,dotumi,kulego,dotumi,kulego,dotumi,bugona,dotumi,gibeto,lemaku,2,2,40
segmentation_trial,489474,0.0-11.0-0.11,1,"[""lemaku"",""gibeto"",""bugona"",""dotumi""]",sr3qy5pgkxq8oqe,zipfian,"[""bugona"",""dotumi"",""gibeto"",""lemaku""]",1.0,1.0,gibeto,nagitu,nagitu,gibeto,gibeto,bugona,dotumi,gibeto,lemaku,3,2,50
segmentation_trial,496924,0.0-11.0-0.12,1,"[""lemaku"",""gibeto"",""bugona"",""dotumi""]",sr3qy5pgkxq8oqe,zipfian,"[""bugona"",""dotumi"",""gibeto"",""lemaku""]",0.0,1.0,dotumi,tobuma,dotumi,tobuma,dotumi,bugona,dotumi,gibeto,lemaku,2,2,43
segmentation_trial,503514,0.0-11.0-0.13,1,"[""lemaku"",""gibeto"",""bugona"",""dotumi""]",sr3qy5pgkxq8oqe,zipfian,"[""bugona"",""dotumi"",""gibeto"",""lemaku""]",0.0,0.0,lemaku,midobe,midobe,lemaku,midobe,bugona,dotumi,gibeto,lemaku,4,2,109
segmentation_trial,510614,0.0-11.0-0.14,1,"[""lemaku"",""gibeto"",""bugona"",""dotumi""]",sr3qy5pgkxq8oqe,zipfian,"[""bugona"",""dotumi"",""gibeto"",""lemaku""]",1.0,1.0,dotumi,nagitu,nagitu,dotumi,dotumi,bugona,dotumi,gibeto,lemaku,2,2,42
segmentation_trial,520634,0.0-11.0-0.15,1,"[""lemaku"",""gibeto"",""bugona"",""dotumi""]",sr3qy5pgkxq8oqe,zipfian,"[""bugona"",""dotumi"",""gibeto"",""lemaku""]",1.0,0.0,lemaku,tobuma,lemaku,tobuma,tobuma,bugona,dotumi,gibeto,lemaku,4,2,111
segmentation_trial,249190,0.0-11.0-0.0,5,"[""tobanu"",""gukema"",""delubo"",""lamodi""]",gyge3kplrupdlam,zipfian,"[""gukema"",""delubo"",""tobanu"",""lamodi""]",0.0,1.0,delubo,mogude,delubo,mogude,delubo,gukema,delubo,tobanu,lamodi,2,1,22
segmentation_trial,258780,0.0-11.0-0.1,5,"[""tobanu"",""gukema"",""delubo"",""lamodi""]",gyge3kplrupdlam,zipfian,"[""gukema"",""delubo"",""tobanu"",""lamodi""]",1.0,0.0,lamodi,matolu,lamodi,matolu,matolu,gukema,delubo,tobanu,lamodi,4,1,101
segmentation_trial,264920,0.0-11.0-0.2,5,"[""tobanu"",""gukema"",""delubo"",""lamodi""]",gyge3kplrupdlam,zipfian,"[""gukema"",""delubo"",""tobanu"",""lamodi""]",1.0,1.0,gukema,nubola,nubola,gukema,gukema,gukema,delubo,tobanu,lamodi,1,1,63
segmentation_trial,270975,0.0-11.0-0.3,5,"[""tobanu"",""gukema"",""delubo"",""lamodi""]",gyge3kplrupdlam,zipfian,"[""gukema"",""delubo"",""tobanu"",""lamodi""]",1.0,1.0,delubo,kediba,kediba,delubo,delubo,gukema,delubo,tobanu,lamodi,2,1,20
segmentation_trial,277694,0.0-11.0-0.4,5,"[""tobanu"",""gukema"",""delubo"",""lamodi""]",gyge3kplrupdlam,zipfian,"[""gukema"",""delubo"",""tobanu"",""lamodi""]",1.0,1.0,lamodi,nubola,nubola,lamodi,lamodi,gukema,delubo,tobanu,lamodi,4,1,103
segmentation_trial,284575,0.0-11.0-0.5,5,"[""tobanu"",""gukema"",""delubo"",""lamodi""]",gyge3kplrupdlam,zipfian,"[""gukema"",""delubo"",""tobanu"",""lamodi""]",1.0,1.0,tobanu,kediba,kediba,tobanu,tobanu,gukema,delubo,tobanu,lamodi,3,1,184
segmentation_trial,291529,0.0-11.0-0.6,5,"[""tobanu"",""gukema"",""delubo"",""lamodi""]",gyge3kplrupdlam,zipfian,"[""gukema"",""delubo"",""tobanu"",""lamodi""]",0.0,1.0,gukema,mogude,gukema,mogude,gukema,gukema,delubo,tobanu,lamodi,1,1,62
segmentation_trial,297808,0.0-11.0-0.7,5,"[""tobanu"",""gukema"",""delubo"",""lamodi""]",gyge3kplrupdlam,zipfian,"[""gukema"",""delubo"",""tobanu"",""lamodi""]",1.0,0.0,tobanu,matolu,tobanu,matolu,matolu,gukema,delubo,tobanu,lamodi,3,1,185
segmentation_trial,304245,0.0-11.0-0.8,5,"[""tobanu"",""gukema"",""delubo"",""lamodi""]",gyge3kplrupdlam,zipfian,"[""gukema"",""delubo"",""tobanu"",""lamodi""]",1.0,1.0,gukema,kediba,kediba,gukema,gukema,gukema,delubo,tobanu,lamodi,1,1,60
segmentation_trial,313468,0.0-11.0-0.9,5,"[""tobanu"",""gukema"",""delubo"",""lamodi""]",gyge3kplrupdlam,zipfian,"[""gukema"",""delubo"",""tobanu"",""lamodi""]",1.0,1.0,tobanu,nubola,nubola,tobanu,tobanu,gukema,delubo,tobanu,lamodi,3,1,187
segmentation_trial,319808,0.0-11.0-0.10,5,"[""tobanu"",""gukema"",""delubo"",""lamodi""]",gyge3kplrupdlam,zipfian,"[""gukema"",""delubo"",""tobanu"",""lamodi""]",1.0,1.0,lamodi,kediba,kediba,lamodi,lamodi,gukema,delubo,tobanu,lamodi,4,1,100
segmentation_trial,330934,0.0-11.0-0.11,5,"[""tobanu"",""gukema"",""delubo"",""lamodi""]",gyge3kplrupdlam,zipfian,"[""gukema"",""delubo"",""tobanu"",""lamodi""]",0.0,1.0,gukema,matolu,gukema,matolu,gukema,gukema,delubo,tobanu,lamodi,1,1,61
segmentation_trial,337691,0.0-11.0-0.12,5,"[""tobanu"",""gukema"",""delubo"",""lamodi""]",gyge3kplrupdlam,zipfian,"[""gukema"",""delubo"",""tobanu"",""lamodi""]",0.0,1.0,lamodi,mogude,lamodi,mogude,lamodi,gukema,delubo,tobanu,lamodi,4,1,102
segmentation_trial,345269,0.0-11.0-0.13,5,"[""tobanu"",""gukema"",""delubo"",""lamodi""]",gyge3kplrupdlam,zipfian,"[""gukema"",""delubo"",""tobanu"",""lamodi""]",1.0,0.0,delubo,matolu,delubo,matolu,matolu,gukema,delubo,tobanu,lamodi,2,1,21
segmentation_trial,352031,0.0-11.0-0.14,5,"[""tobanu"",""gukema"",""delubo"",""lamodi""]",gyge3kplrupdlam,zipfian,"[""gukema"",""delubo"",""tobanu"",""lamodi""]",0.0,1.0,tobanu,mogude,tobanu,mogude,tobanu,gukema,delubo,tobanu,lamodi,3,1,186
segmentation_trial,360171,0.0-11.0-0.15,5,"[""tobanu"",""gukema"",""delubo"",""lamodi""]",gyge3kplrupdlam,zipfian,"[""gukema"",""delubo"",""tobanu"",""lamodi""]",1.0,1.0,delubo,nubola,nubola,delubo,delubo,gukema,delubo,tobanu,lamodi,2,1,23
segmentation_trial,281164,0.0-11.0-0.0,3,"[""dogiba"",""kalegu"",""tebodi"",""minato""]",q33aumpakgf529b,zipfian,"[""tebodi"",""dogiba"",""minato"",""kalegu""]",1.0,1.0,minato,lebado,lebado,minato,minato,tebodi,dogiba,minato,kalegu,3,1,130
segmentation_trial,297922,0.0-11.0-0.1,3,"[""dogiba"",""kalegu"",""tebodi"",""minato""]",q33aumpakgf529b,zipfian,"[""tebodi"",""dogiba"",""minato"",""kalegu""]",1.0,1.0,tebodi,gitoka,gitoka,tebodi,tebodi,tebodi,dogiba,minato,kalegu,1,1,169
segmentation_trial,309339,0.0-11.0-0.2,3,"[""dogiba"",""kalegu"",""tebodi"",""minato""]",q33aumpakgf529b,zipfian,"[""tebodi"",""dogiba"",""minato"",""kalegu""]",0.0,1.0,minato,bogumi,minato,bogumi,minato,tebodi,dogiba,minato,kalegu,3,1,128
segmentation_trial,325462,0.0-11.0-0.3,3,"[""dogiba"",""kalegu"",""tebodi"",""minato""]",q33aumpakgf529b,zipfian,"[""tebodi"",""dogiba"",""minato"",""kalegu""]",1.0,1.0,dogiba,lebado,lebado,dogiba,dogiba,tebodi,dogiba,minato,kalegu,2,1,34
segmentation_trial,339172,0.0-11.0-0.4,3,"[""dogiba"",""kalegu"",""tebodi"",""minato""]",q33aumpakgf529b,zipfian,"[""tebodi"",""dogiba"",""minato"",""kalegu""]",0.0,1.0,tebodi,nadite,tebodi,nadite,tebodi,tebodi,dogiba,minato,kalegu,1,1,171
segmentation_trial,356020,0.0-11.0-0.5,3,"[""dogiba"",""kalegu"",""tebodi"",""minato""]",q33aumpakgf529b,zipfian,"[""tebodi"",""dogiba"",""minato"",""kalegu""]",1.0,1.0,kalegu,gitoka,gitoka,kalegu,kalegu,tebodi,dogiba,minato,kalegu,4,1,69
segmentation_trial,368282,0.0-11.0-0.6,3,"[""dogiba"",""kalegu"",""tebodi"",""minato""]",q33aumpakgf529b,zipfian,"[""tebodi"",""dogiba"",""minato"",""kalegu""]",0.0,1.0,minato,nadite,minato,nadite,minato,tebodi,dogiba,minato,kalegu,3,1,131
segmentation_trial,382472,0.0-11.0-0.7,3,"[""dogiba"",""kalegu"",""tebodi"",""minato""]",q33aumpakgf529b,zipfian,"[""tebodi"",""dogiba"",""minato"",""kalegu""]",1.0,0.0,kalegu,bogumi,kalegu,bogumi,bogumi,tebodi,dogiba,minato,kalegu,4,1,68
segmentation_trial,398523,0.0-11.0-0.8,3,"[""dogiba"",""kalegu"",""tebodi"",""minato""]",q33aumpakgf529b,zipfian,"[""tebodi"",""dogiba"",""minato"",""kalegu""]",0.0,0.0,tebodi,lebado,lebado,tebodi,lebado,tebodi,dogiba,minato,kalegu,1,1,170
segmentation_trial,404710,0.0-11.0-0.9,3,"[""dogiba"",""kalegu"",""tebodi"",""minato""]",q33aumpakgf529b,zipfian,"[""tebodi"",""dogiba"",""minato"",""kalegu""]",0.0,1.0,dogiba,bogumi,dogiba,bogumi,dogiba,tebodi,dogiba,minato,kalegu,2,1,32
segmentation_trial,411639,0.0-11.0-0.10,3,"[""dogiba"",""kalegu"",""tebodi"",""minato""]",q33aumpakgf529b,zipfian,"[""tebodi"",""dogiba"",""minato"",""kalegu""]",1.0,1.0,minato,gitoka,gitoka,minato,minato,tebodi,dogiba,minato,kalegu,3,1,129
segmentation_trial,419015,0.0-11.0-0.11,3,"[""dogiba"",""kalegu"",""tebodi"",""minato""]",q33aumpakgf529b,zipfian,"[""tebodi"",""dogiba"",""minato"",""kalegu""]",0.0,1.0,kalegu,nadite,kalegu,nadite,kalegu,tebodi,dogiba,minato,kalegu,4,1,71
segmentation_trial,430329,0.0-11.0-0.12,3,"[""dogiba"",""kalegu"",""tebodi"",""minato""]",q33aumpakgf529b,zipfian,"[""tebodi"",""dogiba"",""minato"",""kalegu""]",1.0,1.0,dogiba,gitoka,gitoka,dogiba,dogiba,tebodi,dogiba,minato,kalegu,2,1,33
segmentation_trial,439779,0.0-11.0-0.13,3,"[""dogiba"",""kalegu"",""tebodi"",""minato""]",q33aumpakgf529b,zipfian,"[""tebodi"",""dogiba"",""minato"",""kalegu""]",1.0,0.0,tebodi,bogumi,tebodi,bogumi,bogumi,tebodi,dogiba,minato,kalegu,1,1,168
segmentation_trial,446959,0.0-11.0-0.14,3,"[""dogiba"",""kalegu"",""tebodi"",""minato""]",q33aumpakgf529b,zipfian,"[""tebodi"",""dogiba"",""minato"",""kalegu""]",0.0,1.0,dogiba,nadite,dogiba,nadite,dogiba,tebodi,dogiba,minato,kalegu,2,1,35
segmentation_trial,459811,0.0-11.0-0.15,3,"[""dogiba"",""kalegu"",""tebodi"",""minato""]",q33aumpakgf529b,zipfian,"[""tebodi"",""dogiba"",""minato"",""kalegu""]",0.0,0.0,kalegu,lebado,lebado,kalegu,lebado,tebodi,dogiba,minato,kalegu,4,1,70
segmentation_trial,313869,0.0-11.0-0.0,1,"[""lemaku"",""gibeto"",""bugona"",""dotumi""]",4x84t3na8tnk8vp,zipfian,"[""lemaku"",""gibeto"",""dotumi"",""bugona""]",0.0,1.0,bugona,kulego,bugona,kulego,bugona,lemaku,gibeto,dotumi,bugona,4,2,12
segmentation_trial,320602,0.0-11.0-0.1,1,"[""lemaku"",""gibeto"",""bugona"",""dotumi""]",4x84t3na8tnk8vp,zipfian,"[""lemaku"",""gibeto"",""dotumi"",""bugona""]",1.0,1.0,lemaku,nagitu,nagitu,lemaku,lemaku,lemaku,gibeto,dotumi,bugona,1,2,110
segmentation_trial,327224,0.0-11.0-0.2,1,"[""lemaku"",""gibeto"",""bugona"",""dotumi""]",4x84t3na8tnk8vp,zipfian,"[""lemaku"",""gibeto"",""dotumi"",""bugona""]",0.0,1.0,dotumi,tobuma,dotumi,tobuma,dotumi,lemaku,gibeto,dotumi,bugona,3,2,43
segmentation_trial,334715,0.0-11.0-0.3,1,"[""lemaku"",""gibeto"",""bugona"",""dotumi""]",4x84t3na8tnk8vp,zipfian,"[""lemaku"",""gibeto"",""dotumi"",""bugona""]",0.0,1.0,lemaku,kulego,lemaku,kulego,lemaku,lemaku,gibeto,dotumi,bugona,1,2,108
segmentation_trial,341717,0.0-11.0-0.4,1,"[""lemaku"",""gibeto"",""bugona"",""dotumi""]",4x84t3na8tnk8vp,zipfian,"[""lemaku"",""gibeto"",""dotumi"",""bugona""]",1.0,1.0,bugona,midobe,midobe,bugona,bugona,lemaku,gibeto,dotumi,bugona,4,2,13
segmentation_trial,348371,0.0-11.0-0.5,1,"[""lemaku"",""gibeto"",""bugona"",""dotumi""]",4x84t3na8tnk8vp,zipfian,"[""lemaku"",""gibeto"",""dotumi"",""bugona""]",0.0,1.0,gibeto,kulego,gibeto,kulego,gibeto,lemaku,gibeto,dotumi,bugona,2,2,48
segmentation_trial,354942,0.0-11.0-0.6,1,"[""lemaku"",""gibeto"",""bugona"",""dotumi""]",4x84t3na8tnk8vp,zipfian,"[""lemaku"",""gibeto"",""dotumi"",""bugona""]",1.0,1.0,dotumi,midobe,midobe,dotumi,dotumi,lemaku,gibeto,dotumi,bugona,3,2,41
segmentation_trial,361375,0.0-11.0-0.7,1,"[""lemaku"",""gibeto"",""bugona"",""dotumi""]",4x84t3na8tnk8vp,zipfian,"[""lemaku"",""gibeto"",""dotumi"",""bugona""]",1.0,1.0,bugona,nagitu,nagitu,bugona,bugona,lemaku,gibeto,dotumi,bugona,4,2,14
segmentation_trial,368225,0.0-11.0-0.8,1,"[""lemaku"",""gibeto"",""bugona"",""dotumi""]",4x84t3na8tnk8vp,zipfian,"[""lemaku"",""gibeto"",""dotumi"",""bugona""]",0.0,1.0,dotumi,kulego,dotumi,kulego,dotumi,lemaku,gibeto,dotumi,bugona,3,2,40
segmentation_trial,374648,0.0-11.0-0.9,1,"[""lemaku"",""gibeto"",""bugona"",""dotumi""]",4x84t3na8tnk8vp,zipfian,"[""lemaku"",""gibeto"",""dotumi"",""bugona""]",0.0,1.0,lemaku,tobuma,lemaku,tobuma,lemaku,lemaku,gibeto,dotumi,bugona,1,2,111
segmentation_trial,381012,0.0-11.0-0.10,1,"[""lemaku"",""gibeto"",""bugona"",""dotumi""]",4x84t3na8tnk8vp,zipfian,"[""lemaku"",""gibeto"",""dotumi"",""bugona""]",1.0,1.0,dotumi,nagitu,nagitu,dotumi,dotumi,lemaku,gibeto,dotumi,bugona,3,2,42
segmentation_trial,387849,0.0-11.0-0.11,1,"[""lemaku"",""gibeto"",""bugona"",""dotumi""]",4x84t3na8tnk8vp,zipfian,"[""lemaku"",""gibeto"",""dotumi"",""bugona""]",0.0,0.0,gibeto,midobe,midobe,gibeto,midobe,lemaku,gibeto,dotumi,bugona,2,2,49
segmentation_trial,393995,0.0-11.0-0.12,1,"[""lemaku"",""gibeto"",""bugona"",""dotumi""]",4x84t3na8tnk8vp,zipfian,"[""lemaku"",""gibeto"",""dotumi"",""bugona""]",0.0,1.0,bugona,tobuma,bugona,tobuma,bugona,lemaku,gibeto,dotumi,bugona,4,2,15
segmentation_trial,400453,0.0-11.0-0.13,1,"[""lemaku"",""gibeto"",""bugona"",""dotumi""]",4x84t3na8tnk8vp,zipfian,"[""lemaku"",""gibeto"",""dotumi"",""bugona""]",0.0,0.0,lemaku,midobe,midobe,lemaku,midobe,lemaku,gibeto,dotumi,bugona,1,2,109
segmentation_trial,407982,0.0-11.0-0.14,1,"[""lemaku"",""gibeto"",""bugona"",""dotumi""]",4x84t3na8tnk8vp,zipfian,"[""lemaku"",""gibeto"",""dotumi"",""bugona""]",1.0,1.0,gibeto,nagitu,nagitu,gibeto,gibeto,lemaku,gibeto,dotumi,bugona,2,2,50
segmentation_trial,418304,0.0-11.0-0.15,1,"[""lemaku"",""gibeto"",""bugona"",""dotumi""]",4x84t3na8tnk8vp,zipfian,"[""lemaku"",""gibeto"",""dotumi"",""bugona""]",1.0,0.0,gibeto,tobuma,gibeto,tobuma,tobuma,lemaku,gibeto,dotumi,bugona,2,2,51
segmentation_trial,376406,0.0-11.0-0.0,3,"[""nadite"",""lebado"",""bogumi"",""gitoka""]",hugjckfrh7opz47,uniform,,0.0,1.0,lebado,tebodi,lebado,tebodi,lebado,,,,,0,2,107
segmentation_trial,383641,0.0-11.0-0.1,3,"[""nadite"",""lebado"",""bogumi"",""gitoka""]",hugjckfrh7opz47,uniform,,1.0,1.0,gitoka,kalegu,kalegu,gitoka,gitoka,,,,,0,2,53
segmentation_trial,390243,0.0-11.0-0.2,3,"[""nadite"",""lebado"",""bogumi"",""gitoka""]",hugjckfrh7opz47,uniform,,0.0,0.0,nadite,minato,minato,nadite,minato,,,,,0,2,146
segmentation_trial,396597,0.0-11.0-0.3,3,"[""nadite"",""lebado"",""bogumi"",""gitoka""]",hugjckfrh7opz47,uniform,,1.0,0.0,lebado,dogiba,lebado,dogiba,dogiba,,,,,0,2,104
segmentation_trial,402544,0.0-11.0-0.4,3,"[""nadite"",""lebado"",""bogumi"",""gitoka""]",hugjckfrh7opz47,uniform,,1.0,1.0,nadite,kalegu,kalegu,nadite,nadite,,,,,0,2,145
segmentation_trial,410283,0.0-11.0-0.5,3,"[""nadite"",""lebado"",""bogumi"",""gitoka""]",hugjckfrh7opz47,uniform,,0.0,1.0,bogumi,tebodi,bogumi,tebodi,bogumi,,,,,0,2,11
segmentation_trial,417935,0.0-11.0-0.6,3,"[""nadite"",""lebado"",""bogumi"",""gitoka""]",hugjckfrh7opz47,uniform,,0.0,1.0,nadite,dogiba,nadite,dogiba,nadite,,,,,0,2,144
segmentation_trial,423854,0.0-11.0-0.7,3,"[""nadite"",""lebado"",""bogumi"",""gitoka""]",hugjckfrh7opz47,uniform,,1.0,1.0,lebado,kalegu,kalegu,lebado,lebado,,,,,0,2,105
segmentation_trial,431086,0.0-11.0-0.8,3,"[""nadite"",""lebado"",""bogumi"",""gitoka""]",hugjckfrh7opz47,uniform,,0.0,1.0,nadite,tebodi,nadite,tebodi,nadite,,,,,0,2,147
segmentation_trial,439887,0.0-11.0-0.9,3,"[""nadite"",""lebado"",""bogumi"",""gitoka""]",hugjckfrh7opz47,uniform,,0.0,0.0,gitoka,minato,minato,gitoka,minato,,,,,0,2,54
segmentation_trial,446019,0.0-11.0-0.10,3,"[""nadite"",""lebado"",""bogumi"",""gitoka""]",hugjckfrh7opz47,uniform,,1.0,0.0,bogumi,dogiba,bogumi,dogiba,dogiba,,,,,0,2,8
segmentation_trial,452058,0.0-11.0-0.11,3,"[""nadite"",""lebado"",""bogumi"",""gitoka""]",hugjckfrh7opz47,uniform,,0.0,1.0,gitoka,tebodi,gitoka,tebodi,gitoka,,,,,0,2,55
segmentation_trial,458443,0.0-11.0-0.12,3,"[""nadite"",""lebado"",""bogumi"",""gitoka""]",hugjckfrh7opz47,uniform,,1.0,1.0,bogumi,kalegu,kalegu,bogumi,bogumi,,,,,0,2,9
segmentation_trial,464539,0.0-11.0-0.13,3,"[""nadite"",""lebado"",""bogumi"",""gitoka""]",hugjckfrh7opz47,uniform,,0.0,1.0,gitoka,dogiba,gitoka,dogiba,gitoka,,,,,0,2,52
segmentation_trial,470484,0.0-11.0-0.14,3,"[""nadite"",""lebado"",""bogumi"",""gitoka""]",hugjckfrh7opz47,uniform,,0.0,0.0,bogumi,minato,minato,bogumi,minato,,,,,0,2,10
segmentation_trial,476562,0.0-11.0-0.15,3,"[""nadite"",""lebado"",""bogumi"",""gitoka""]",hugjckfrh7opz47,uniform,,0.0,0.0,lebado,minato,minato,lebado,minato,,,,,0,2,106
segmentation_trial,265906,0.0-11.0-0.0,5,"[""matolu"",""nubola"",""mogude"",""kediba""]",zaq5v467spfg94j,uniform,,0.0,0.0,matolu,lamodi,lamodi,matolu,lamodi,,,,,0,2,118
segmentation_trial,275389,0.0-11.0-0.1,5,"[""matolu"",""nubola"",""mogude"",""kediba""]",zaq5v467spfg94j,uniform,,1.0,0.0,nubola,tobanu,nubola,tobanu,tobanu,,,,,0,2,167
segmentation_trial,284289,0.0-11.0-0.2,5,"[""matolu"",""nubola"",""mogude"",""kediba""]",zaq5v467spfg94j,uniform,,0.0,0.0,mogude,gukema,gukema,mogude,gukema,,,,,0,2,137
segmentation_trial,292072,0.0-11.0-0.3,5,"[""matolu"",""nubola"",""mogude"",""kediba""]",zaq5v467spfg94j,uniform,,0.0,1.0,matolu,tobanu,matolu,tobanu,matolu,,,,,0,2,119
segmentation_trial,301106,0.0-11.0-0.4,5,"[""matolu"",""nubola"",""mogude"",""kediba""]",zaq5v467spfg94j,uniform,,0.0,0.0,kediba,lamodi,lamodi,kediba,lamodi,,,,,0,2,74
segmentation_trial,311854,0.0-11.0-0.5,5,"[""matolu"",""nubola"",""mogude"",""kediba""]",zaq5v467spfg94j,uniform,,0.0,1.0,mogude,delubo,mogude,delubo,mogude,,,,,0,2,136
segmentation_trial,322839,0.0-11.0-0.6,5,"[""matolu"",""nubola"",""mogude"",""kediba""]",zaq5v467spfg94j,uniform,,1.0,1.0,nubola,lamodi,lamodi,nubola,nubola,,,,,0,2,166
segmentation_trial,331339,0.0-11.0-0.7,5,"[""matolu"",""nubola"",""mogude"",""kediba""]",zaq5v467spfg94j,uniform,,0.0,0.0,kediba,gukema,gukema,kediba,gukema,,,,,0,2,73
segmentation_trial,338405,0.0-11.0-0.8,5,"[""matolu"",""nubola"",""mogude"",""kediba""]",zaq5v467spfg94j,uniform,,1.0,0.0,matolu,delubo,matolu,delubo,delubo,,,,,0,2,116
segmentation_trial,345572,0.0-11.0-0.9,5,"[""matolu"",""nubola"",""mogude"",""kediba""]",zaq5v467spfg94j,uniform,,1.0,0.0,mogude,tobanu,mogude,tobanu,tobanu,,,,,0,2,139
segmentation_trial,354689,0.0-11.0-0.10,5,"[""matolu"",""nubola"",""mogude"",""kediba""]",zaq5v467spfg94j,uniform,,1.0,1.0,nubola,gukema,gukema,nubola,nubola,,,,,0,2,165
segmentation_trial,361272,0.0-11.0-0.11,5,"[""matolu"",""nubola"",""mogude"",""kediba""]",zaq5v467spfg94j,uniform,,0.0,0.0,mogude,lamodi,lamodi,mogude,lamodi,,,,,0,2,138
segmentation_trial,369405,0.0-11.0-0.12,5,"[""matolu"",""nubola"",""mogude"",""kediba""]",zaq5v467spfg94j,uniform,,0.0,1.0,nubola,delubo,nubola,delubo,nubola,,,,,0,2,164
segmentation_trial,377872,0.0-11.0-0.13,5,"[""matolu"",""nubola"",""mogude"",""kediba""]",zaq5v467spfg94j,uniform,,0.0,1.0,kediba,tobanu,kediba,tobanu,kediba,,,,,0,2,75
segmentation_trial,385555,0.0-11.0-0.14,5,"[""matolu"",""nubola"",""mogude"",""kediba""]",zaq5v467spfg94j,uniform,,0.0,0.0,matolu,gukema,gukema,matolu,gukema,,,,,0,2,117
segmentation_trial,394255,0.0-11.0-0.15,5,"[""matolu"",""nubola"",""mogude"",""kediba""]",zaq5v467spfg94j,uniform,,1.0,0.0,kediba,delubo,kediba,delubo,delubo,,,,,0,2,72
segmentation_trial,327326,0.0-11.0-0.0,2,"[""lakubi"",""negado"",""mudile"",""kitena""]",k53y6bsg7d8neea,zipfian,"[""kitena"",""mudile"",""negado"",""lakubi""]",1.0,1.0,negado,temula,temula,negado,negado,kitena,mudile,negado,lakubi,3,1,155
segmentation_trial,333907,0.0-11.0-0.1,2,"[""lakubi"",""negado"",""mudile"",""kitena""]",k53y6bsg7d8neea,zipfian,"[""kitena"",""mudile"",""negado"",""lakubi""]",0.0,1.0,mudile,dokine,mudile,dokine,mudile,kitena,mudile,negado,lakubi,2,1,141
segmentation_trial,341303,0.0-11.0-0.2,2,"[""lakubi"",""negado"",""mudile"",""kitena""]",k53y6bsg7d8neea,zipfian,"[""kitena"",""mudile"",""negado"",""lakubi""]",1.0,1.0,lakubi,galedi,galedi,lakubi,lakubi,kitena,mudile,negado,lakubi,4,1,98
segmentation_trial,347968,0.0-11.0-0.3,2,"[""lakubi"",""negado"",""mudile"",""kitena""]",k53y6bsg7d8neea,zipfian,"[""kitena"",""mudile"",""negado"",""lakubi""]",0.0,1.0,mudile,binaku,mudile,binaku,mudile,kitena,mudile,negado,lakubi,2,1,140
segmentation_trial,356193,0.0-11.0-0.4,2,"[""lakubi"",""negado"",""mudile"",""kitena""]",k53y6bsg7d8neea,zipfian,"[""kitena"",""mudile"",""negado"",""lakubi""]",1.0,1.0,lakubi,temula,temula,lakubi,lakubi,kitena,mudile,negado,lakubi,4,1,99
segmentation_trial,363128,0.0-11.0-0.5,2,"[""lakubi"",""negado"",""mudile"",""kitena""]",k53y6bsg7d8neea,zipfian,"[""kitena"",""mudile"",""negado"",""lakubi""]",0.0,1.0,negado,dokine,negado,dokine,negado,kitena,mudile,negado,lakubi,3,1,153
segmentation_trial,369560,0.0-11.0-0.6,2,"[""lakubi"",""negado"",""mudile"",""kitena""]",k53y6bsg7d8neea,zipfian,"[""kitena"",""mudile"",""negado"",""lakubi""]",1.0,1.0,kitena,galedi,galedi,kitena,kitena,kitena,mudile,negado,lakubi,1,1,82
segmentation_trial,375810,0.0-11.0-0.7,2,"[""lakubi"",""negado"",""mudile"",""kitena""]",k53y6bsg7d8neea,zipfian,"[""kitena"",""mudile"",""negado"",""lakubi""]",1.0,1.0,mudile,temula,temula,mudile,mudile,kitena,mudile,negado,lakubi,2,1,143
segmentation_trial,382344,0.0-11.0-0.8,2,"[""lakubi"",""negado"",""mudile"",""kitena""]",k53y6bsg7d8neea,zipfian,"[""kitena"",""mudile"",""negado"",""lakubi""]",0.0,1.0,kitena,binaku,kitena,binaku,kitena,kitena,mudile,negado,lakubi,1,1,80
segmentation_trial,388668,0.0-11.0-0.9,2,"[""lakubi"",""negado"",""mudile"",""kitena""]",k53y6bsg7d8neea,zipfian,"[""kitena"",""mudile"",""negado"",""lakubi""]",1.0,1.0,mudile,galedi,galedi,mudile,mudile,kitena,mudile,negado,lakubi,2,1,142
segmentation_trial,395188,0.0-11.0-0.10,2,"[""lakubi"",""negado"",""mudile"",""kitena""]",k53y6bsg7d8neea,zipfian,"[""kitena"",""mudile"",""negado"",""lakubi""]",1.0,0.0,lakubi,dokine,lakubi,dokine,dokine,kitena,mudile,negado,lakubi,4,1,97
segmentation_trial,401447,0.0-11.0-0.11,2,"[""lakubi"",""negado"",""mudile"",""kitena""]",k53y6bsg7d8neea,zipfian,"[""kitena"",""mudile"",""negado"",""lakubi""]",1.0,1.0,negado,galedi,galedi,negado,negado,kitena,mudile,negado,lakubi,3,1,154
segmentation_trial,407822,0.0-11.0-0.12,2,"[""lakubi"",""negado"",""mudile"",""kitena""]",k53y6bsg7d8neea,zipfian,"[""kitena"",""mudile"",""negado"",""lakubi""]",0.0,1.0,lakubi,binaku,lakubi,binaku,lakubi,kitena,mudile,negado,lakubi,4,1,96
segmentation_trial,414216,0.0-11.0-0.13,2,"[""lakubi"",""negado"",""mudile"",""kitena""]",k53y6bsg7d8neea,zipfian,"[""kitena"",""mudile"",""negado"",""lakubi""]",1.0,1.0,kitena,temula,temula,kitena,kitena,kitena,mudile,negado,lakubi,1,1,83
segmentation_trial,420520,0.0-11.0-0.14,2,"[""lakubi"",""negado"",""mudile"",""kitena""]",k53y6bsg7d8neea,zipfian,"[""kitena"",""mudile"",""negado"",""lakubi""]",0.0,1.0,negado,binaku,negado,binaku,negado,kitena,mudile,negado,lakubi,3,1,152
segmentation_trial,426746,0.0-11.0-0.15,2,"[""lakubi"",""negado"",""mudile"",""kitena""]",k53y6bsg7d8neea,zipfian,"[""kitena"",""mudile"",""negado"",""lakubi""]",0.0,1.0,kitena,dokine,kitena,dokine,kitena,kitena,mudile,negado,lakubi,1,1,81
segmentation_trial,261206,0.0-11.0-0.0,4,"[""kinome"",""teguda"",""bulego"",""moditu""]",a825x4un00xserc,uniform,,0.0,0.0,moditu,letumo,letumo,moditu,letumo,,,,,0,1,134
segmentation_trial,267502,0.0-11.0-0.1,4,"[""kinome"",""teguda"",""bulego"",""moditu""]",a825x4un00xserc,uniform,,0.0,0.0,kinome,digote,digote,kinome,digote,,,,,0,1,76
segmentation_trial,272957,0.0-11.0-0.2,4,"[""kinome"",""teguda"",""bulego"",""moditu""]",a825x4un00xserc,uniform,,1.0,0.0,moditu,gumeki,moditu,gumeki,gumeki,,,,,0,1,133
segmentation_trial,279262,0.0-11.0-0.3,4,"[""kinome"",""teguda"",""bulego"",""moditu""]",a825x4un00xserc,uniform,,1.0,0.0,teguda,nodabu,teguda,nodabu,nodabu,,,,,0,1,179
segmentation_trial,285334,0.0-11.0-0.4,4,"[""kinome"",""teguda"",""bulego"",""moditu""]",a825x4un00xserc,uniform,,0.0,0.0,moditu,digote,digote,moditu,digote,,,,,0,1,132
segmentation_trial,290966,0.0-11.0-0.5,4,"[""kinome"",""teguda"",""bulego"",""moditu""]",a825x4un00xserc,uniform,,1.0,1.0,bulego,letumo,letumo,bulego,bulego,,,,,0,1,18
segmentation_trial,303302,0.0-11.0-0.6,4,"[""kinome"",""teguda"",""bulego"",""moditu""]",a825x4un00xserc,uniform,,0.0,0.0,teguda,digote,digote,teguda,digote,,,,,0,1,176
segmentation_trial,309022,0.0-11.0-0.7,4,"[""kinome"",""teguda"",""bulego"",""moditu""]",a825x4un00xserc,uniform,,1.0,0.0,bulego,gumeki,bulego,gumeki,gumeki,,,,,0,1,17
segmentation_trial,314871,0.0-11.0-0.8,4,"[""kinome"",""teguda"",""bulego"",""moditu""]",a825x4un00xserc,uniform,,1.0,1.0,teguda,letumo,letumo,teguda,teguda,,,,,0,1,178
segmentation_trial,321445,0.0-11.0-0.9,4,"[""kinome"",""teguda"",""bulego"",""moditu""]",a825x4un00xserc,uniform,,1.0,0.0,kinome,nodabu,kinome,nodabu,nodabu,,,,,0,1,79
segmentation_trial,327326,0.0-11.0-0.10,4,"[""kinome"",""teguda"",""bulego"",""moditu""]",a825x4un00xserc,uniform,,0.0,1.0,teguda,gumeki,teguda,gumeki,teguda,,,,,0,1,177
segmentation_trial,333006,0.0-11.0-0.11,4,"[""kinome"",""teguda"",""bulego"",""moditu""]",a825x4un00xserc,uniform,,1.0,0.0,moditu,nodabu,moditu,nodabu,nodabu,,,,,0,1,135
segmentation_trial,338623,0.0-11.0-0.12,4,"[""kinome"",""teguda"",""bulego"",""moditu""]",a825x4un00xserc,uniform,,1.0,1.0,kinome,letumo,letumo,kinome,kinome,,,,,0,1,78
segmentation_trial,344422,0.0-11.0-0.13,4,"[""kinome"",""teguda"",""bulego"",""moditu""]",a825x4un00xserc,uniform,,1.0,0.0,bulego,nodabu,bulego,nodabu,nodabu,,,,,0,1,19
segmentation_trial,350680,0.0-11.0-0.14,4,"[""kinome"",""teguda"",""bulego"",""moditu""]",a825x4un00xserc,uniform,,0.0,1.0,kinome,gumeki,kinome,gumeki,kinome,,,,,0,1,77
segmentation_trial,356486,0.0-11.0-0.15,4,"[""kinome"",""teguda"",""bulego"",""moditu""]",a825x4un00xserc,uniform,,1.0,1.0,bulego,digote,digote,bulego,bulego,,,,,0,1,16
segmentation_trial,218902,0.0-11.0-0.0,6,"[""bimegu"",""tegoma"",""kudino"",""labude""]",vxblxuxvqsr6u5b,zipfian,"[""labude"",""kudino"",""tegoma"",""bimegu""]",0.0,1.0,tegoma,nodebu,tegoma,nodebu,tegoma,labude,kudino,tegoma,bimegu,3,2,175
segmentation_trial,225290,0.0-11.0-0.1,6,"[""bimegu"",""tegoma"",""kudino"",""labude""]",vxblxuxvqsr6u5b,zipfian,"[""labude"",""kudino"",""tegoma"",""bimegu""]",1.0,1.0,kudino,dimate,dimate,kudino,kudino,labude,kudino,tegoma,bimegu,2,2,84
segmentation_trial,231516,0.0-11.0-0.2,6,"[""bimegu"",""tegoma"",""kudino"",""labude""]",vxblxuxvqsr6u5b,zipfian,"[""labude"",""kudino"",""tegoma"",""bimegu""]",0.0,1.0,tegoma,mekugo,tegoma,mekugo,tegoma,labude,kudino,tegoma,bimegu,3,2,174
segmentation_trial,242474,0.0-11.0-0.3,6,"[""bimegu"",""tegoma"",""kudino"",""labude""]",vxblxuxvqsr6u5b,zipfian,"[""labude"",""kudino"",""tegoma"",""bimegu""]",0.0,1.0,labude,nodebu,labude,nodebu,labude,labude,kudino,tegoma,bimegu,1,2,95
segmentation_trial,248686,0.0-11.0-0.4,6,"[""bimegu"",""tegoma"",""kudino"",""labude""]",vxblxuxvqsr6u5b,zipfian,"[""labude"",""kudino"",""tegoma"",""bimegu""]",0.0,1.0,kudino,mekugo,kudino,mekugo,kudino,labude,kudino,tegoma,bimegu,2,2,86
segmentation_trial,256190,0.0-11.0-0.5,6,"[""bimegu"",""tegoma"",""kudino"",""labude""]",vxblxuxvqsr6u5b,zipfian,"[""labude"",""kudino"",""tegoma"",""bimegu""]",1.0,1.0,labude,dimate,dimate,labude,labude,labude,kudino,tegoma,bimegu,1,2,92
segmentation_trial,262292,0.0-11.0-0.6,6,"[""bimegu"",""tegoma"",""kudino"",""labude""]",vxblxuxvqsr6u5b,zipfian,"[""labude"",""kudino"",""tegoma"",""bimegu""]",0.0,1.0,bimegu,nodebu,bimegu,nodebu,bimegu,labude,kudino,tegoma,bimegu,4,2,3
segmentation_trial,268334,0.0-11.0-0.7,6,"[""bimegu"",""tegoma"",""kudino"",""labude""]",vxblxuxvqsr6u5b,zipfian,"[""labude"",""kudino"",""tegoma"",""bimegu""]",0.0,0.0,labude,gubila,gubila,labude,gubila,labude,kudino,tegoma,bimegu,1,2,93
segmentation_trial,274297,0.0-11.0-0.8,6,"[""bimegu"",""tegoma"",""kudino"",""labude""]",vxblxuxvqsr6u5b,zipfian,"[""labude"",""kudino"",""tegoma"",""bimegu""]",1.0,1.0,bimegu,dimate,dimate,bimegu,bimegu,labude,kudino,tegoma,bimegu,4,2,0
segmentation_trial,281940,0.0-11.0-0.9,6,"[""bimegu"",""tegoma"",""kudino"",""labude""]",vxblxuxvqsr6u5b,zipfian,"[""labude"",""kudino"",""tegoma"",""bimegu""]",0.0,0.0,kudino,gubila,gubila,kudino,gubila,labude,kudino,tegoma,bimegu,2,2,85
segmentation_trial,288522,0.0-11.0-0.10,6,"[""bimegu"",""tegoma"",""kudino"",""labude""]",vxblxuxvqsr6u5b,zipfian,"[""labude"",""kudino"",""tegoma"",""bimegu""]",1.0,1.0,tegoma,dimate,dimate,tegoma,tegoma,labude,kudino,tegoma,bimegu,3,2,172
segmentation_trial,295224,0.0-11.0-0.11,6,"[""bimegu"",""tegoma"",""kudino"",""labude""]",vxblxuxvqsr6u5b,zipfian,"[""labude"",""kudino"",""tegoma"",""bimegu""]",0.0,0.0,bimegu,gubila,gubila,bimegu,gubila,labude,kudino,tegoma,bimegu,4,2,1
segmentation_trial,301020,0.0-11.0-0.12,6,"[""bimegu"",""tegoma"",""kudino"",""labude""]",vxblxuxvqsr6u5b,zipfian,"[""labude"",""kudino"",""tegoma"",""bimegu""]",0.0,1.0,labude,mekugo,labude,mekugo,labude,labude,kudino,tegoma,bimegu,1,2,94
segmentation_trial,308461,0.0-11.0-0.13,6,"[""bimegu"",""tegoma"",""kudino"",""labude""]",vxblxuxvqsr6u5b,zipfian,"[""labude"",""kudino"",""tegoma"",""bimegu""]",1.0,1.0,tegoma,gubila,gubila,tegoma,tegoma,labude,kudino,tegoma,bimegu,3,2,173
segmentation_trial,317216,0.0-11.0-0.14,6,"[""bimegu"",""tegoma"",""kudino"",""labude""]",vxblxuxvqsr6u5b,zipfian,"[""labude"",""kudino"",""tegoma"",""bimegu""]",0.0,1.0,bimegu,mekugo,bimegu,mekugo,bimegu,labude,kudino,tegoma,bimegu,4,2,2
segmentation_trial,323717,0.0-11.0-0.15,6,"[""bimegu"",""tegoma"",""kudino"",""labude""]",vxblxuxvqsr6u5b,zipfian,"[""labude"",""kudino"",""tegoma"",""bimegu""]",0.0,1.0,kudino,nodebu,kudino,nodebu,kudino,labude,kudino,tegoma,bimegu,2,2,87
segmentation_trial,343504,0.0-11.0-0.0,5,"[""matolu"",""nubola"",""mogude"",""kediba""]",l1j7vfo73jppgq6,zipfian,"[""kediba"",""nubola"",""matolu"",""mogude""]",1.0,1.0,kediba,gukema,gukema,kediba,kediba,kediba,nubola,matolu,mogude,1,2,73
segmentation_trial,350116,0.0-11.0-0.1,5,"[""matolu"",""nubola"",""mogude"",""kediba""]",l1j7vfo73jppgq6,zipfian,"[""kediba"",""nubola"",""matolu"",""mogude""]",0.0,1.0,mogude,tobanu,mogude,tobanu,mogude,kediba,nubola,matolu,mogude,4,2,139
segmentation_trial,356358,0.0-11.0-0.2,5,"[""matolu"",""nubola"",""mogude"",""kediba""]",l1j7vfo73jppgq6,zipfian,"[""kediba"",""nubola"",""matolu"",""mogude""]",1.0,1.0,matolu,lamodi,lamodi,matolu,matolu,kediba,nubola,matolu,mogude,3,2,118
segmentation_trial,362682,0.0-11.0-0.3,5,"[""matolu"",""nubola"",""mogude"",""kediba""]",l1j7vfo73jppgq6,zipfian,"[""kediba"",""nubola"",""matolu"",""mogude""]",0.0,1.0,nubola,tobanu,nubola,tobanu,nubola,kediba,nubola,matolu,mogude,2,2,167
segmentation_trial,368819,0.0-11.0-0.4,5,"[""matolu"",""nubola"",""mogude"",""kediba""]",l1j7vfo73jppgq6,zipfian,"[""kediba"",""nubola"",""matolu"",""mogude""]",1.0,1.0,matolu,gukema,gukema,matolu,matolu,kediba,nubola,matolu,mogude,3,2,117
segmentation_trial,375171,0.0-11.0-0.5,5,"[""matolu"",""nubola"",""mogude"",""kediba""]",l1j7vfo73jppgq6,zipfian,"[""kediba"",""nubola"",""matolu"",""mogude""]",1.0,1.0,nubola,lamodi,lamodi,nubola,nubola,kediba,nubola,matolu,mogude,2,2,166
segmentation_trial,382159,0.0-11.0-0.6,5,"[""matolu"",""nubola"",""mogude"",""kediba""]",l1j7vfo73jppgq6,zipfian,"[""kediba"",""nubola"",""matolu"",""mogude""]",0.0,1.0,kediba,tobanu,kediba,tobanu,kediba,kediba,nubola,matolu,mogude,1,2,75
segmentation_trial,388609,0.0-11.0-0.7,5,"[""matolu"",""nubola"",""mogude"",""kediba""]",l1j7vfo73jppgq6,zipfian,"[""kediba"",""nubola"",""matolu"",""mogude""]",0.0,1.0,mogude,delubo,mogude,delubo,mogude,kediba,nubola,matolu,mogude,4,2,136
segmentation_trial,395684,0.0-11.0-0.8,5,"[""matolu"",""nubola"",""mogude"",""kediba""]",l1j7vfo73jppgq6,zipfian,"[""kediba"",""nubola"",""matolu"",""mogude""]",0.0,0.0,nubola,gukema,gukema,nubola,gukema,kediba,nubola,matolu,mogude,2,2,165
segmentation_trial,402111,0.0-11.0-0.9,5,"[""matolu"",""nubola"",""mogude"",""kediba""]",l1j7vfo73jppgq6,zipfian,"[""kediba"",""nubola"",""matolu"",""mogude""]",0.0,1.0,kediba,delubo,kediba,delubo,kediba,kediba,nubola,matolu,mogude,1,2,72
segmentation_trial,408571,0.0-11.0-0.10,5,"[""matolu"",""nubola"",""mogude"",""kediba""]",l1j7vfo73jppgq6,zipfian,"[""kediba"",""nubola"",""matolu"",""mogude""]",0.0,0.0,mogude,lamodi,lamodi,mogude,lamodi,kediba,nubola,matolu,mogude,4,2,138
segmentation_trial,417542,0.0-11.0-0.11,5,"[""matolu"",""nubola"",""mogude"",""kediba""]",l1j7vfo73jppgq6,zipfian,"[""kediba"",""nubola"",""matolu"",""mogude""]",1.0,0.0,matolu,tobanu,matolu,tobanu,tobanu,kediba,nubola,matolu,mogude,3,2,119
segmentation_trial,424906,0.0-11.0-0.12,5,"[""matolu"",""nubola"",""mogude"",""kediba""]",l1j7vfo73jppgq6,zipfian,"[""kediba"",""nubola"",""matolu"",""mogude""]",1.0,0.0,nubola,delubo,nubola,delubo,delubo,kediba,nubola,matolu,mogude,2,2,164
segmentation_trial,431278,0.0-11.0-0.13,5,"[""matolu"",""nubola"",""mogude"",""kediba""]",l1j7vfo73jppgq6,zipfian,"[""kediba"",""nubola"",""matolu"",""mogude""]",1.0,1.0,kediba,lamodi,lamodi,kediba,kediba,kediba,nubola,matolu,mogude,1,2,74
segmentation_trial,438225,0.0-11.0-0.14,5,"[""matolu"",""nubola"",""mogude"",""kediba""]",l1j7vfo73jppgq6,zipfian,"[""kediba"",""nubola"",""matolu"",""mogude""]",1.0,1.0,mogude,gukema,gukema,mogude,mogude,kediba,nubola,matolu,mogude,4,2,137
segmentation_trial,446661,0.0-11.0-0.15,5,"[""matolu"",""nubola"",""mogude"",""kediba""]",l1j7vfo73jppgq6,zipfian,"[""kediba"",""nubola"",""matolu"",""mogude""]",0.0,1.0,matolu,delubo,matolu,delubo,matolu,kediba,nubola,matolu,mogude,3,2,116
segmentation_trial,324180,0.0-11.0-0.0,6,"[""nodebu"",""dimate"",""mekugo"",""gubila""]",hkrp0v8tvndojo6,uniform,,1.0,1.0,gubila,tegoma,tegoma,gubila,gubila,,,,,0,1,59
segmentation_trial,348016,0.0-11.0-0.1,6,"[""nodebu"",""dimate"",""mekugo"",""gubila""]",hkrp0v8tvndojo6,uniform,,0.0,1.0,nodebu,bimegu,nodebu,bimegu,nodebu,,,,,0,1,160
segmentation_trial,367372,0.0-11.0-0.2,6,"[""nodebu"",""dimate"",""mekugo"",""gubila""]",hkrp0v8tvndojo6,uniform,,1.0,1.0,dimate,tegoma,tegoma,dimate,dimate,,,,,0,1,31
segmentation_trial,380823,0.0-11.0-0.3,6,"[""nodebu"",""dimate"",""mekugo"",""gubila""]",hkrp0v8tvndojo6,uniform,,0.0,1.0,nodebu,kudino,nodebu,kudino,nodebu,,,,,0,1,161
segmentation_trial,397083,0.0-11.0-0.4,6,"[""nodebu"",""dimate"",""mekugo"",""gubila""]",hkrp0v8tvndojo6,uniform,,0.0,1.0,mekugo,bimegu,mekugo,bimegu,mekugo,,,,,0,1,120
segmentation_trial,407691,0.0-11.0-0.5,6,"[""nodebu"",""dimate"",""mekugo"",""gubila""]",hkrp0v8tvndojo6,uniform,,0.0,0.0,gubila,labude,labude,gubila,labude,,,,,0,1,58
segmentation_trial,420711,0.0-11.0-0.6,6,"[""nodebu"",""dimate"",""mekugo"",""gubila""]",hkrp0v8tvndojo6,uniform,,0.0,1.0,mekugo,kudino,mekugo,kudino,mekugo,,,,,0,1,121
segmentation_trial,437197,0.0-11.0-0.7,6,"[""nodebu"",""dimate"",""mekugo"",""gubila""]",hkrp0v8tvndojo6,uniform,,1.0,1.0,nodebu,labude,labude,nodebu,nodebu,,,,,0,1,162
segmentation_trial,465593,0.0-11.0-0.8,6,"[""nodebu"",""dimate"",""mekugo"",""gubila""]",hkrp0v8tvndojo6,uniform,,0.0,1.0,dimate,bimegu,dimate,bimegu,dimate,,,,,0,1,28
segmentation_trial,477024,0.0-11.0-0.9,6,"[""nodebu"",""dimate"",""mekugo"",""gubila""]",hkrp0v8tvndojo6,uniform,,1.0,1.0,mekugo,tegoma,tegoma,mekugo,mekugo,,,,,0,1,123
segmentation_trial,488229,0.0-11.0-0.10,6,"[""nodebu"",""dimate"",""mekugo"",""gubila""]",hkrp0v8tvndojo6,uniform,,0.0,1.0,dimate,kudino,dimate,kudino,dimate,,,,,0,1,29
segmentation_trial,500184,0.0-11.0-0.11,6,"[""nodebu"",""dimate"",""mekugo"",""gubila""]",hkrp0v8tvndojo6,uniform,,1.0,1.0,mekugo,labude,labude,mekugo,mekugo,,,,,0,1,122
segmentation_trial,509891,0.0-11.0-0.12,6,"[""nodebu"",""dimate"",""mekugo"",""gubila""]",hkrp0v8tvndojo6,uniform,,1.0,0.0,gubila,kudino,gubila,kudino,kudino,,,,,0,1,57
segmentation_trial,525445,0.0-11.0-0.13,6,"[""nodebu"",""dimate"",""mekugo"",""gubila""]",hkrp0v8tvndojo6,uniform,,1.0,1.0,nodebu,tegoma,tegoma,nodebu,nodebu,,,,,0,1,163
segmentation_trial,534128,0.0-11.0-0.14,6,"[""nodebu"",""dimate"",""mekugo"",""gubila""]",hkrp0v8tvndojo6,uniform,,0.0,0.0,dimate,labude,labude,dimate,labude,,,,,0,1,30
segmentation_trial,543269,0.0-11.0-0.15,6,"[""nodebu"",""dimate"",""mekugo"",""gubila""]",hkrp0v8tvndojo6,uniform,,0.0,1.0,gubila,bimegu,gubila,bimegu,gubila,,,,,0,1,56
segmentation_trial,330812,0.0-11.0-0.0,6,"[""nodebu"",""dimate"",""mekugo"",""gubila""]",fvx1elc7zpg6y48,uniform,,1.0,1.0,mekugo,tegoma,tegoma,mekugo,mekugo,,,,,0,1,123
segmentation_trial,337933,0.0-11.0-0.1,6,"[""nodebu"",""dimate"",""mekugo"",""gubila""]",fvx1elc7zpg6y48,uniform,,0.0,1.0,dimate,kudino,dimate,kudino,dimate,,,,,0,1,29
segmentation_trial,346116,0.0-11.0-0.2,6,"[""nodebu"",""dimate"",""mekugo"",""gubila""]",fvx1elc7zpg6y48,uniform,,0.0,0.0,nodebu,labude,labude,nodebu,labude,,,,,0,1,162
segmentation_trial,352588,0.0-11.0-0.3,6,"[""nodebu"",""dimate"",""mekugo"",""gubila""]",fvx1elc7zpg6y48,uniform,,1.0,0.0,gubila,kudino,gubila,kudino,kudino,,,,,0,1,57
segmentation_trial,358725,0.0-11.0-0.4,6,"[""nodebu"",""dimate"",""mekugo"",""gubila""]",fvx1elc7zpg6y48,uniform,,0.0,1.0,mekugo,bimegu,mekugo,bimegu,mekugo,,,,,0,1,120
segmentation_trial,365204,0.0-11.0-0.5,6,"[""nodebu"",""dimate"",""mekugo"",""gubila""]",fvx1elc7zpg6y48,uniform,,1.0,1.0,dimate,tegoma,tegoma,dimate,dimate,,,,,0,1,31
segmentation_trial,374052,0.0-11.0-0.6,6,"[""nodebu"",""dimate"",""mekugo"",""gubila""]",fvx1elc7zpg6y48,uniform,,1.0,0.0,nodebu,bimegu,nodebu,bimegu,bimegu,,,,,0,1,160
segmentation_trial,381493,0.0-11.0-0.7,6,"[""nodebu"",""dimate"",""mekugo"",""gubila""]",fvx1elc7zpg6y48,uniform,,0.0,0.0,gubila,labude,labude,gubila,labude,,,,,0,1,58
segmentation_trial,388044,0.0-11.0-0.8,6,"[""nodebu"",""dimate"",""mekugo"",""gubila""]",fvx1elc7zpg6y48,uniform,,0.0,0.0,nodebu,tegoma,tegoma,nodebu,tegoma,,,,,0,1,163
segmentation_trial,394556,0.0-11.0-0.9,6,"[""nodebu"",""dimate"",""mekugo"",""gubila""]",fvx1elc7zpg6y48,uniform,,1.0,0.0,mekugo,kudino,mekugo,kudino,kudino,,,,,0,1,121
segmentation_trial,400853,0.0-11.0-0.10,6,"[""nodebu"",""dimate"",""mekugo"",""gubila""]",fvx1elc7zpg6y48,uniform,,1.0,1.0,dimate,labude,labude,dimate,dimate,,,,,0,1,30
segmentation_trial,407228,0.0-11.0-0.11,6,"[""nodebu"",""dimate"",""mekugo"",""gubila""]",fvx1elc7zpg6y48,uniform,,1.0,0.0,gubila,bimegu,gubila,bimegu,bimegu,,,,,0,1,56
segmentation_trial,415572,0.0-11.0-0.12,6,"[""nodebu"",""dimate"",""mekugo"",""gubila""]",fvx1elc7zpg6y48,uniform,,1.0,1.0,mekugo,labude,labude,mekugo,mekugo,,,,,0,1,122
segmentation_trial,421957,0.0-11.0-0.13,6,"[""nodebu"",""dimate"",""mekugo"",""gubila""]",fvx1elc7zpg6y48,uniform,,0.0,0.0,gubila,tegoma,tegoma,gubila,tegoma,,,,,0,1,59
segmentation_trial,428093,0.0-11.0-0.14,6,"[""nodebu"",""dimate"",""mekugo"",""gubila""]",fvx1elc7zpg6y48,uniform,,0.0,1.0,dimate,bimegu,dimate,bimegu,dimate,,,,,0,1,28
segmentation_trial,434308,0.0-11.0-0.15,6,"[""nodebu"",""dimate"",""mekugo"",""gubila""]",fvx1elc7zpg6y48,uniform,,1.0,0.0,nodebu,kudino,nodebu,kudino,kudino,,,,,0,1,161
segmentation_trial,247108,0.0-11.0-0.0,6,"[""nodebu"",""dimate"",""mekugo"",""gubila""]",098qpdqnmgrgucy,uniform,,1.0,0.0,dimate,kudino,dimate,kudino,kudino,,,,,0,1,29
segmentation_trial,253765,0.0-11.0-0.1,6,"[""nodebu"",""dimate"",""mekugo"",""gubila""]",098qpdqnmgrgucy,uniform,,1.0,1.0,gubila,labude,labude,gubila,gubila,,,,,0,1,58
segmentation_trial,260104,0.0-11.0-0.2,6,"[""nodebu"",""dimate"",""mekugo"",""gubila""]",098qpdqnmgrgucy,uniform,,1.0,0.0,dimate,bimegu,dimate,bimegu,bimegu,,,,,0,1,28
segmentation_trial,267817,0.0-11.0-0.3,6,"[""nodebu"",""dimate"",""mekugo"",""gubila""]",098qpdqnmgrgucy,uniform,,0.0,0.0,gubila,tegoma,tegoma,gubila,tegoma,,,,,0,1,59
segmentation_trial,274790,0.0-11.0-0.4,6,"[""nodebu"",""dimate"",""mekugo"",""gubila""]",098qpdqnmgrgucy,uniform,,0.0,1.0,nodebu,bimegu,nodebu,bimegu,nodebu,,,,,0,1,160
segmentation_trial,285441,0.0-11.0-0.5,6,"[""nodebu"",""dimate"",""mekugo"",""gubila""]",098qpdqnmgrgucy,uniform,,1.0,1.0,mekugo,labude,labude,mekugo,mekugo,,,,,0,1,122
segmentation_trial,294530,0.0-11.0-0.6,6,"[""nodebu"",""dimate"",""mekugo"",""gubila""]",098qpdqnmgrgucy,uniform,,1.0,0.0,gubila,bimegu,gubila,bimegu,bimegu,,,,,0,1,56
segmentation_trial,301131,0.0-11.0-0.7,6,"[""nodebu"",""dimate"",""mekugo"",""gubila""]",098qpdqnmgrgucy,uniform,,0.0,0.0,mekugo,tegoma,tegoma,mekugo,tegoma,,,,,0,1,123
segmentation_trial,309125,0.0-11.0-0.8,6,"[""nodebu"",""dimate"",""mekugo"",""gubila""]",098qpdqnmgrgucy,uniform,,1.0,1.0,nodebu,labude,labude,nodebu,nodebu,,,,,0,1,162
segmentation_trial,329474,0.0-11.0-0.9,6,"[""nodebu"",""dimate"",""mekugo"",""gubila""]",098qpdqnmgrgucy,uniform,,0.0,0.0,dimate,tegoma,tegoma,dimate,tegoma,,,,,0,1,31
segmentation_trial,337806,0.0-11.0-0.10,6,"[""nodebu"",""dimate"",""mekugo"",""gubila""]",098qpdqnmgrgucy,uniform,,1.0,0.0,mekugo,bimegu,mekugo,bimegu,bimegu,,,,,0,1,120
segmentation_trial,355158,0.0-11.0-0.11,6,"[""nodebu"",""dimate"",""mekugo"",""gubila""]",098qpdqnmgrgucy,uniform,,1.0,1.0,nodebu,tegoma,tegoma,nodebu,nodebu,,,,,0,1,163
segmentation_trial,362321,0.0-11.0-0.12,6,"[""nodebu"",""dimate"",""mekugo"",""gubila""]",098qpdqnmgrgucy,uniform,,1.0,0.0,gubila,kudino,gubila,kudino,kudino,,,,,0,1,57
segmentation_trial,372459,0.0-11.0-0.13,6,"[""nodebu"",""dimate"",""mekugo"",""gubila""]",098qpdqnmgrgucy,uniform,,1.0,1.0,dimate,labude,labude,dimate,dimate,,,,,0,1,30
segmentation_trial,378933,0.0-11.0-0.14,6,"[""nodebu"",""dimate"",""mekugo"",""gubila""]",098qpdqnmgrgucy,uniform,,0.0,1.0,mekugo,kudino,mekugo,kudino,mekugo,,,,,0,1,121
segmentation_trial,385261,0.0-11.0-0.15,6,"[""nodebu"",""dimate"",""mekugo"",""gubila""]",098qpdqnmgrgucy,uniform,,1.0,0.0,nodebu,kudino,nodebu,kudino,kudino,,,,,0,1,161
segmentation_trial,229669,0.0-11.0-0.0,1,"[""lemaku"",""gibeto"",""bugona"",""dotumi""]",2gfknyez8aaxcbo,uniform,,0.0,0.0,dotumi,nagitu,nagitu,dotumi,nagitu,,,,,0,2,42
segmentation_trial,235996,0.0-11.0-0.1,1,"[""lemaku"",""gibeto"",""bugona"",""dotumi""]",2gfknyez8aaxcbo,uniform,,0.0,1.0,gibeto,kulego,gibeto,kulego,gibeto,,,,,0,2,48
segmentation_trial,242553,0.0-11.0-0.2,1,"[""lemaku"",""gibeto"",""bugona"",""dotumi""]",2gfknyez8aaxcbo,uniform,,0.0,1.0,dotumi,tobuma,dotumi,tobuma,dotumi,,,,,0,2,43
segmentation_trial,248727,0.0-11.0-0.3,1,"[""lemaku"",""gibeto"",""bugona"",""dotumi""]",2gfknyez8aaxcbo,uniform,,1.0,1.0,bugona,nagitu,nagitu,bugona,bugona,,,,,0,2,14
segmentation_trial,255107,0.0-11.0-0.4,1,"[""lemaku"",""gibeto"",""bugona"",""dotumi""]",2gfknyez8aaxcbo,uniform,,0.0,0.0,lemaku,midobe,midobe,lemaku,midobe,,,,,0,2,109
segmentation_trial,261325,0.0-11.0-0.5,1,"[""lemaku"",""gibeto"",""bugona"",""dotumi""]",2gfknyez8aaxcbo,uniform,,0.0,1.0,bugona,kulego,bugona,kulego,bugona,,,,,0,2,12
segmentation_trial,267612,0.0-11.0-0.6,1,"[""lemaku"",""gibeto"",""bugona"",""dotumi""]",2gfknyez8aaxcbo,uniform,,1.0,1.0,gibeto,midobe,midobe,gibeto,gibeto,,,,,0,2,49
segmentation_trial,276187,0.0-11.0-0.7,1,"[""lemaku"",""gibeto"",""bugona"",""dotumi""]",2gfknyez8aaxcbo,uniform,,0.0,1.0,bugona,tobuma,bugona,tobuma,bugona,,,,,0,2,15
segmentation_trial,282584,0.0-11.0-0.8,1,"[""lemaku"",""gibeto"",""bugona"",""dotumi""]",2gfknyez8aaxcbo,uniform,,0.0,0.0,dotumi,midobe,midobe,dotumi,midobe,,,,,0,2,41
segmentation_trial,288488,0.0-11.0-0.9,1,"[""lemaku"",""gibeto"",""bugona"",""dotumi""]",2gfknyez8aaxcbo,uniform,,1.0,1.0,gibeto,nagitu,nagitu,gibeto,gibeto,,,,,0,2,50
segmentation_trial,294944,0.0-11.0-0.10,1,"[""lemaku"",""gibeto"",""bugona"",""dotumi""]",2gfknyez8aaxcbo,uniform,,0.0,1.0,dotumi,kulego,dotumi,kulego,dotumi,,,,,0,2,40
segmentation_trial,303309,0.0-11.0-0.11,1,"[""lemaku"",""gibeto"",""bugona"",""dotumi""]",2gfknyez8aaxcbo,uniform,,0.0,0.0,bugona,midobe,midobe,bugona,midobe,,,,,0,2,13
segmentation_trial,309343,0.0-11.0-0.12,1,"[""lemaku"",""gibeto"",""bugona"",""dotumi""]",2gfknyez8aaxcbo,uniform,,1.0,1.0,lemaku,nagitu,nagitu,lemaku,lemaku,,,,,0,2,110
segmentation_trial,315484,0.0-11.0-0.13,1,"[""lemaku"",""gibeto"",""bugona"",""dotumi""]",2gfknyez8aaxcbo,uniform,,0.0,1.0,gibeto,tobuma,gibeto,tobuma,gibeto,,,,,0,2,51
segmentation_trial,321699,0.0-11.0-0.14,1,"[""lemaku"",""gibeto"",""bugona"",""dotumi""]",2gfknyez8aaxcbo,uniform,,0.0,1.0,lemaku,kulego,lemaku,kulego,lemaku,,,,,0,2,108
segmentation_trial,327787,0.0-11.0-0.15,1,"[""lemaku"",""gibeto"",""bugona"",""dotumi""]",2gfknyez8aaxcbo,uniform,,0.0,1.0,lemaku,tobuma,lemaku,tobuma,lemaku,,,,,0,2,111
segmentation_trial,240532,0.0-11.0-0.0,4,"[""kinome"",""teguda"",""bulego"",""moditu""]",9cdqjc7pscf9kvs,uniform,,0.0,1.0,moditu,nodabu,moditu,nodabu,moditu,,,,,0,1,135
segmentation_trial,248356,0.0-11.0-0.1,4,"[""kinome"",""teguda"",""bulego"",""moditu""]",9cdqjc7pscf9kvs,uniform,,0.0,0.0,teguda,digote,digote,teguda,digote,,,,,0,1,176
segmentation_trial,256498,0.0-11.0-0.2,4,"[""kinome"",""teguda"",""bulego"",""moditu""]",9cdqjc7pscf9kvs,uniform,,0.0,1.0,moditu,gumeki,moditu,gumeki,moditu,,,,,0,1,133
segmentation_trial,262658,0.0-11.0-0.3,4,"[""kinome"",""teguda"",""bulego"",""moditu""]",9cdqjc7pscf9kvs,uniform,,0.0,1.0,kinome,nodabu,kinome,nodabu,kinome,,,,,0,1,79
segmentation_trial,269176,0.0-11.0-0.4,4,"[""kinome"",""teguda"",""bulego"",""moditu""]",9cdqjc7pscf9kvs,uniform,,1.0,1.0,bulego,letumo,letumo,bulego,bulego,,,,,0,1,18
segmentation_trial,275516,0.0-11.0-0.5,4,"[""kinome"",""teguda"",""bulego"",""moditu""]",9cdqjc7pscf9kvs,uniform,,0.0,1.0,kinome,gumeki,kinome,gumeki,kinome,,,,,0,1,77
segmentation_trial,282904,0.0-11.0-0.6,4,"[""kinome"",""teguda"",""bulego"",""moditu""]",9cdqjc7pscf9kvs,uniform,,1.0,1.0,teguda,letumo,letumo,teguda,teguda,,,,,0,1,178
segmentation_trial,293344,0.0-11.0-0.7,4,"[""kinome"",""teguda"",""bulego"",""moditu""]",9cdqjc7pscf9kvs,uniform,,1.0,1.0,bulego,digote,digote,bulego,bulego,,,,,0,1,16
segmentation_trial,300348,0.0-11.0-0.8,4,"[""kinome"",""teguda"",""bulego"",""moditu""]",9cdqjc7pscf9kvs,uniform,,1.0,1.0,moditu,letumo,letumo,moditu,moditu,,,,,0,1,134
segmentation_trial,309302,0.0-11.0-0.9,4,"[""kinome"",""teguda"",""bulego"",""moditu""]",9cdqjc7pscf9kvs,uniform,,0.0,1.0,bulego,gumeki,bulego,gumeki,bulego,,,,,0,1,17
segmentation_trial,315668,0.0-11.0-0.10,4,"[""kinome"",""teguda"",""bulego"",""moditu""]",9cdqjc7pscf9kvs,uniform,,1.0,1.0,moditu,digote,digote,moditu,moditu,,,,,0,1,132
segmentation_trial,323050,0.0-11.0-0.11,4,"[""kinome"",""teguda"",""bulego"",""moditu""]",9cdqjc7pscf9kvs,uniform,,0.0,1.0,teguda,nodabu,teguda,nodabu,teguda,,,,,0,1,179
segmentation_trial,330410,0.0-11.0-0.12,4,"[""kinome"",""teguda"",""bulego"",""moditu""]",9cdqjc7pscf9kvs,uniform,,1.0,1.0,kinome,digote,digote,kinome,kinome,,,,,0,1,76
segmentation_trial,337456,0.0-11.0-0.13,4,"[""kinome"",""teguda"",""bulego"",""moditu""]",9cdqjc7pscf9kvs,uniform,,1.0,0.0,bulego,nodabu,bulego,nodabu,nodabu,,,,,0,1,19
segmentation_trial,343750,0.0-11.0-0.14,4,"[""kinome"",""teguda"",""bulego"",""moditu""]",9cdqjc7pscf9kvs,uniform,,1.0,1.0,kinome,letumo,letumo,kinome,kinome,,,,,0,1,78
segmentation_trial,351048,0.0-11.0-0.15,4,"[""kinome"",""teguda"",""bulego"",""moditu""]",9cdqjc7pscf9kvs,uniform,,0.0,1.0,teguda,gumeki,teguda,gumeki,teguda,,,,,0,1,177
segmentation_trial,271000,0.0-11.0-0.0,4,"[""kinome"",""teguda"",""bulego"",""moditu""]",38uocc63b70lku3,uniform,,0.0,1.0,teguda,gumeki,teguda,gumeki,teguda,,,,,0,1,177
segmentation_trial,277073,0.0-11.0-0.1,4,"[""kinome"",""teguda"",""bulego"",""moditu""]",38uocc63b70lku3,uniform,,1.0,1.0,bulego,digote,digote,bulego,bulego,,,,,0,1,16
segmentation_trial,282964,0.0-11.0-0.2,4,"[""kinome"",""teguda"",""bulego"",""moditu""]",38uocc63b70lku3,uniform,,1.0,0.0,kinome,gumeki,kinome,gumeki,gumeki,,,,,0,1,77
segmentation_trial,289923,0.0-11.0-0.3,4,"[""kinome"",""teguda"",""bulego"",""moditu""]",38uocc63b70lku3,uniform,,0.0,1.0,moditu,nodabu,moditu,nodabu,moditu,,,,,0,1,135
segmentation_trial,296020,0.0-11.0-0.4,4,"[""kinome"",""teguda"",""bulego"",""moditu""]",38uocc63b70lku3,uniform,,0.0,0.0,kinome,letumo,letumo,kinome,letumo,,,,,0,1,78
segmentation_trial,302090,0.0-11.0-0.5,4,"[""kinome"",""teguda"",""bulego"",""moditu""]",38uocc63b70lku3,uniform,,0.0,0.0,moditu,digote,digote,moditu,digote,,,,,0,1,132
segmentation_trial,308397,0.0-11.0-0.6,4,"[""kinome"",""teguda"",""bulego"",""moditu""]",38uocc63b70lku3,uniform,,1.0,0.0,teguda,nodabu,teguda,nodabu,nodabu,,,,,0,1,179
segmentation_trial,314390,0.0-11.0-0.7,4,"[""kinome"",""teguda"",""bulego"",""moditu""]",38uocc63b70lku3,uniform,,0.0,0.0,moditu,letumo,letumo,moditu,letumo,,,,,0,1,134
segmentation_trial,320140,0.0-11.0-0.8,4,"[""kinome"",""teguda"",""bulego"",""moditu""]",38uocc63b70lku3,uniform,,1.0,1.0,kinome,digote,digote,kinome,kinome,,,,,0,1,76
segmentation_trial,326061,0.0-11.0-0.9,4,"[""kinome"",""teguda"",""bulego"",""moditu""]",38uocc63b70lku3,uniform,,0.0,0.0,bulego,letumo,letumo,bulego,letumo,,,,,0,1,18
segmentation_trial,332037,0.0-11.0-0.10,4,"[""kinome"",""teguda"",""bulego"",""moditu""]",38uocc63b70lku3,uniform,,1.0,0.0,kinome,nodabu,kinome,nodabu,nodabu,,,,,0,1,79
segmentation_trial,337880,0.0-11.0-0.11,4,"[""kinome"",""teguda"",""bulego"",""moditu""]",38uocc63b70lku3,uniform,,1.0,1.0,teguda,letumo,letumo,teguda,teguda,,,,,0,1,178
segmentation_trial,344172,0.0-11.0-0.12,4,"[""kinome"",""teguda"",""bulego"",""moditu""]",38uocc63b70lku3,uniform,,0.0,1.0,moditu,gumeki,moditu,gumeki,moditu,,,,,0,1,133
segmentation_trial,350975,0.0-11.0-0.13,4,"[""kinome"",""teguda"",""bulego"",""moditu""]",38uocc63b70lku3,uniform,,1.0,0.0,bulego,nodabu,bulego,nodabu,nodabu,,,,,0,1,19
segmentation_trial,357618,0.0-11.0-0.14,4,"[""kinome"",""teguda"",""bulego"",""moditu""]",38uocc63b70lku3,uniform,,1.0,1.0,teguda,digote,digote,teguda,teguda,,,,,0,1,176
segmentation_trial,363338,0.0-11.0-0.15,4,"[""kinome"",""teguda"",""bulego"",""moditu""]",38uocc63b70lku3,uniform,,0.0,1.0,bulego,gumeki,bulego,gumeki,bulego,,,,,0,1,17
segmentation_trial,251853,0.0-11.0-0.0,4,"[""kinome"",""teguda"",""bulego"",""moditu""]",hrw6f6rnlguogg4,zipfian,"[""bulego"",""kinome"",""moditu"",""teguda""]",1.0,1.0,kinome,digote,digote,kinome,kinome,bulego,kinome,moditu,teguda,2,1,76
segmentation_trial,262064,0.0-11.0-0.1,4,"[""kinome"",""teguda"",""bulego"",""moditu""]",hrw6f6rnlguogg4,zipfian,"[""bulego"",""kinome"",""moditu"",""teguda""]",0.0,0.0,teguda,letumo,letumo,teguda,letumo,bulego,kinome,moditu,teguda,4,1,178
segmentation_trial,268477,0.0-11.0-0.2,4,"[""kinome"",""teguda"",""bulego"",""moditu""]",hrw6f6rnlguogg4,zipfian,"[""bulego"",""kinome"",""moditu"",""teguda""]",0.0,1.0,bulego,nodabu,bulego,nodabu,bulego,bulego,kinome,moditu,teguda,1,1,19
segmentation_trial,277904,0.0-11.0-0.3,4,"[""kinome"",""teguda"",""bulego"",""moditu""]",hrw6f6rnlguogg4,zipfian,"[""bulego"",""kinome"",""moditu"",""teguda""]",1.0,1.0,teguda,digote,digote,teguda,teguda,bulego,kinome,moditu,teguda,4,1,176
segmentation_trial,284599,0.0-11.0-0.4,4,"[""kinome"",""teguda"",""bulego"",""moditu""]",hrw6f6rnlguogg4,zipfian,"[""bulego"",""kinome"",""moditu"",""teguda""]",0.0,1.0,kinome,nodabu,kinome,nodabu,kinome,bulego,kinome,moditu,teguda,2,1,79
segmentation_trial,291225,0.0-11.0-0.5,4,"[""kinome"",""teguda"",""bulego"",""moditu""]",hrw6f6rnlguogg4,zipfian,"[""bulego"",""kinome"",""moditu"",""teguda""]",1.0,1.0,bulego,digote,digote,bulego,bulego,bulego,kinome,moditu,teguda,1,1,16
segmentation_trial,299503,0.0-11.0-0.6,4,"[""kinome"",""teguda"",""bulego"",""moditu""]",hrw6f6rnlguogg4,zipfian,"[""bulego"",""kinome"",""moditu"",""teguda""]",0.0,0.0,moditu,letumo,letumo,moditu,letumo,bulego,kinome,moditu,teguda,3,1,134
segmentation_trial,305714,0.0-11.0-0.7,4,"[""kinome"",""teguda"",""bulego"",""moditu""]",hrw6f6rnlguogg4,zipfian,"[""bulego"",""kinome"",""moditu"",""teguda""]",0.0,1.0,teguda,nodabu,teguda,nodabu,teguda,bulego,kinome,moditu,teguda,4,1,179
segmentation_trial,311785,0.0-11.0-0.8,4,"[""kinome"",""teguda"",""bulego"",""moditu""]",hrw6f6rnlguogg4,zipfian,"[""bulego"",""kinome"",""moditu"",""teguda""]",0.0,1.0,bulego,gumeki,bulego,gumeki,bulego,bulego,kinome,moditu,teguda,1,1,17
segmentation_trial,318469,0.0-11.0-0.9,4,"[""kinome"",""teguda"",""bulego"",""moditu""]",hrw6f6rnlguogg4,zipfian,"[""bulego"",""kinome"",""moditu"",""teguda""]",1.0,1.0,moditu,digote,digote,moditu,moditu,bulego,kinome,moditu,teguda,3,1,132
segmentation_trial,325157,0.0-11.0-0.10,4,"[""kinome"",""teguda"",""bulego"",""moditu""]",hrw6f6rnlguogg4,zipfian,"[""bulego"",""kinome"",""moditu"",""teguda""]",0.0,1.0,kinome,gumeki,kinome,gumeki,kinome,bulego,kinome,moditu,teguda,2,1,77
segmentation_trial,331821,0.0-11.0-0.11,4,"[""kinome"",""teguda"",""bulego"",""moditu""]",hrw6f6rnlguogg4,zipfian,"[""bulego"",""kinome"",""moditu"",""teguda""]",1.0,0.0,moditu,nodabu,moditu,nodabu,nodabu,bulego,kinome,moditu,teguda,3,1,135
segmentation_trial,338144,0.0-11.0-0.12,4,"[""kinome"",""teguda"",""bulego"",""moditu""]",hrw6f6rnlguogg4,zipfian,"[""bulego"",""kinome"",""moditu"",""teguda""]",0.0,1.0,teguda,gumeki,teguda,gumeki,teguda,bulego,kinome,moditu,teguda,4,1,177
segmentation_trial,344368,0.0-11.0-0.13,4,"[""kinome"",""teguda"",""bulego"",""moditu""]",hrw6f6rnlguogg4,zipfian,"[""bulego"",""kinome"",""moditu"",""teguda""]",1.0,1.0,bulego,letumo,letumo,bulego,bulego,bulego,kinome,moditu,teguda,1,1,18
segmentation_trial,351316,0.0-11.0-0.14,4,"[""kinome"",""teguda"",""bulego"",""moditu""]",hrw6f6rnlguogg4,zipfian,"[""bulego"",""kinome"",""moditu"",""teguda""]",1.0,0.0,moditu,gumeki,moditu,gumeki,gumeki,bulego,kinome,moditu,teguda,3,1,133
segmentation_trial,358477,0.0-11.0-0.15,4,"[""kinome"",""teguda"",""bulego"",""moditu""]",hrw6f6rnlguogg4,zipfian,"[""bulego"",""kinome"",""moditu"",""teguda""]",1.0,1.0,kinome,letumo,letumo,kinome,kinome,bulego,kinome,moditu,teguda,2,1,78
segmentation_trial,246312,0.0-11.0-0.0,6,"[""bimegu"",""tegoma"",""kudino"",""labude""]",5u9m2b4fw0naqx9,zipfian,"[""kudino"",""tegoma"",""bimegu"",""labude""]",0.0,1.0,kudino,mekugo,kudino,mekugo,kudino,kudino,tegoma,bimegu,labude,1,2,86
segmentation_trial,252611,0.0-11.0-0.1,6,"[""bimegu"",""tegoma"",""kudino"",""labude""]",5u9m2b4fw0naqx9,zipfian,"[""kudino"",""tegoma"",""bimegu"",""labude""]",1.0,1.0,labude,gubila,gubila,labude,labude,kudino,tegoma,bimegu,labude,4,2,93
segmentation_trial,258671,0.0-11.0-0.2,6,"[""bimegu"",""tegoma"",""kudino"",""labude""]",5u9m2b4fw0naqx9,zipfian,"[""kudino"",""tegoma"",""bimegu"",""labude""]",0.0,1.0,bimegu,nodebu,bimegu,nodebu,bimegu,kudino,tegoma,bimegu,labude,3,2,3
segmentation_trial,264633,0.0-11.0-0.3,6,"[""bimegu"",""tegoma"",""kudino"",""labude""]",5u9m2b4fw0naqx9,zipfian,"[""kudino"",""tegoma"",""bimegu"",""labude""]",0.0,1.0,tegoma,mekugo,tegoma,mekugo,tegoma,kudino,tegoma,bimegu,labude,2,2,174
segmentation_trial,270580,0.0-11.0-0.4,6,"[""bimegu"",""tegoma"",""kudino"",""labude""]",5u9m2b4fw0naqx9,zipfian,"[""kudino"",""tegoma"",""bimegu"",""labude""]",1.0,1.0,bimegu,gubila,gubila,bimegu,bimegu,kudino,tegoma,bimegu,labude,3,2,1
segmentation_trial,276616,0.0-11.0-0.5,6,"[""bimegu"",""tegoma"",""kudino"",""labude""]",5u9m2b4fw0naqx9,zipfian,"[""kudino"",""tegoma"",""bimegu"",""labude""]",1.0,1.0,kudino,dimate,dimate,kudino,kudino,kudino,tegoma,bimegu,labude,1,2,84
segmentation_trial,282639,0.0-11.0-0.6,6,"[""bimegu"",""tegoma"",""kudino"",""labude""]",5u9m2b4fw0naqx9,zipfian,"[""kudino"",""tegoma"",""bimegu"",""labude""]",0.0,1.0,labude,mekugo,labude,mekugo,labude,kudino,tegoma,bimegu,labude,4,2,94
segmentation_trial,288577,0.0-11.0-0.7,6,"[""bimegu"",""tegoma"",""kudino"",""labude""]",5u9m2b4fw0naqx9,zipfian,"[""kudino"",""tegoma"",""bimegu"",""labude""]",1.0,1.0,tegoma,gubila,gubila,tegoma,tegoma,kudino,tegoma,bimegu,labude,2,2,173
segmentation_trial,294508,0.0-11.0-0.8,6,"[""bimegu"",""tegoma"",""kudino"",""labude""]",5u9m2b4fw0naqx9,zipfian,"[""kudino"",""tegoma"",""bimegu"",""labude""]",1.0,1.0,bimegu,dimate,dimate,bimegu,bimegu,kudino,tegoma,bimegu,labude,3,2,0
segmentation_trial,300402,0.0-11.0-0.9,6,"[""bimegu"",""tegoma"",""kudino"",""labude""]",5u9m2b4fw0naqx9,zipfian,"[""kudino"",""tegoma"",""bimegu"",""labude""]",0.0,1.0,labude,nodebu,labude,nodebu,labude,kudino,tegoma,bimegu,labude,4,2,95
segmentation_trial,306336,0.0-11.0-0.10,6,"[""bimegu"",""tegoma"",""kudino"",""labude""]",5u9m2b4fw0naqx9,zipfian,"[""kudino"",""tegoma"",""bimegu"",""labude""]",1.0,1.0,kudino,gubila,gubila,kudino,kudino,kudino,tegoma,bimegu,labude,1,2,85
segmentation_trial,312208,0.0-11.0-0.11,6,"[""bimegu"",""tegoma"",""kudino"",""labude""]",5u9m2b4fw0naqx9,zipfian,"[""kudino"",""tegoma"",""bimegu"",""labude""]",1.0,1.0,labude,dimate,dimate,labude,labude,kudino,tegoma,bimegu,labude,4,2,92
segmentation_trial,318075,0.0-11.0-0.12,6,"[""bimegu"",""tegoma"",""kudino"",""labude""]",5u9m2b4fw0naqx9,zipfian,"[""kudino"",""tegoma"",""bimegu"",""labude""]",0.0,1.0,kudino,nodebu,kudino,nodebu,kudino,kudino,tegoma,bimegu,labude,1,2,87
segmentation_trial,324036,0.0-11.0-0.13,6,"[""bimegu"",""tegoma"",""kudino"",""labude""]",5u9m2b4fw0naqx9,zipfian,"[""kudino"",""tegoma"",""bimegu"",""labude""]",0.0,1.0,bimegu,mekugo,bimegu,mekugo,bimegu,kudino,tegoma,bimegu,labude,3,2,2
segmentation_trial,332424,0.0-11.0-0.14,6,"[""bimegu"",""tegoma"",""kudino"",""labude""]",5u9m2b4fw0naqx9,zipfian,"[""kudino"",""tegoma"",""bimegu"",""labude""]",0.0,1.0,tegoma,nodebu,tegoma,nodebu,tegoma,kudino,tegoma,bimegu,labude,2,2,175
segmentation_trial,338369,0.0-11.0-0.15,6,"[""bimegu"",""tegoma"",""kudino"",""labude""]",5u9m2b4fw0naqx9,zipfian,"[""kudino"",""tegoma"",""bimegu"",""labude""]",1.0,1.0,tegoma,dimate,dimate,tegoma,tegoma,kudino,tegoma,bimegu,labude,2,2,172
segmentation_trial,270498,0.0-11.0-0.0,3,"[""dogiba"",""kalegu"",""tebodi"",""minato""]",66ccltcn8h7unqb,zipfian,"[""kalegu"",""tebodi"",""minato"",""dogiba""]",0.0,1.0,kalegu,nadite,kalegu,nadite,kalegu,kalegu,tebodi,minato,dogiba,1,1,71
segmentation_trial,278222,0.0-11.0-0.1,3,"[""dogiba"",""kalegu"",""tebodi"",""minato""]",66ccltcn8h7unqb,zipfian,"[""kalegu"",""tebodi"",""minato"",""dogiba""]",0.0,1.0,dogiba,bogumi,dogiba,bogumi,dogiba,kalegu,tebodi,minato,dogiba,4,1,32
segmentation_trial,287766,0.0-11.0-0.2,3,"[""dogiba"",""kalegu"",""tebodi"",""minato""]",66ccltcn8h7unqb,zipfian,"[""kalegu"",""tebodi"",""minato"",""dogiba""]",1.0,1.0,minato,gitoka,gitoka,minato,minato,kalegu,tebodi,minato,dogiba,3,1,129
segmentation_trial,294006,0.0-11.0-0.3,3,"[""dogiba"",""kalegu"",""tebodi"",""minato""]",66ccltcn8h7unqb,zipfian,"[""kalegu"",""tebodi"",""minato"",""dogiba""]",0.0,1.0,dogiba,nadite,dogiba,nadite,dogiba,kalegu,tebodi,minato,dogiba,4,1,35
segmentation_trial,302532,0.0-11.0-0.4,3,"[""dogiba"",""kalegu"",""tebodi"",""minato""]",66ccltcn8h7unqb,zipfian,"[""kalegu"",""tebodi"",""minato"",""dogiba""]",1.0,1.0,minato,lebado,lebado,minato,minato,kalegu,tebodi,minato,dogiba,3,1,130
segmentation_trial,309556,0.0-11.0-0.5,3,"[""dogiba"",""kalegu"",""tebodi"",""minato""]",66ccltcn8h7unqb,zipfian,"[""kalegu"",""tebodi"",""minato"",""dogiba""]",1.0,1.0,dogiba,gitoka,gitoka,dogiba,dogiba,kalegu,tebodi,minato,dogiba,4,1,33
segmentation_trial,315963,0.0-11.0-0.6,3,"[""dogiba"",""kalegu"",""tebodi"",""minato""]",66ccltcn8h7unqb,zipfian,"[""kalegu"",""tebodi"",""minato"",""dogiba""]",0.0,1.0,minato,bogumi,minato,bogumi,minato,kalegu,tebodi,minato,dogiba,3,1,128
segmentation_trial,323037,0.0-11.0-0.7,3,"[""dogiba"",""kalegu"",""tebodi"",""minato""]",66ccltcn8h7unqb,zipfian,"[""kalegu"",""tebodi"",""minato"",""dogiba""]",1.0,1.0,tebodi,gitoka,gitoka,tebodi,tebodi,kalegu,tebodi,minato,dogiba,2,1,169
segmentation_trial,330178,0.0-11.0-0.8,3,"[""dogiba"",""kalegu"",""tebodi"",""minato""]",66ccltcn8h7unqb,zipfian,"[""kalegu"",""tebodi"",""minato"",""dogiba""]",1.0,1.0,kalegu,lebado,lebado,kalegu,kalegu,kalegu,tebodi,minato,dogiba,1,1,70
segmentation_trial,338954,0.0-11.0-0.9,3,"[""dogiba"",""kalegu"",""tebodi"",""minato""]",66ccltcn8h7unqb,zipfian,"[""kalegu"",""tebodi"",""minato"",""dogiba""]",0.0,1.0,tebodi,nadite,tebodi,nadite,tebodi,kalegu,tebodi,minato,dogiba,2,1,171
segmentation_trial,345245,0.0-11.0-0.10,3,"[""dogiba"",""kalegu"",""tebodi"",""minato""]",66ccltcn8h7unqb,zipfian,"[""kalegu"",""tebodi"",""minato"",""dogiba""]",1.0,1.0,dogiba,lebado,lebado,dogiba,dogiba,kalegu,tebodi,minato,dogiba,4,1,34
segmentation_trial,351952,0.0-11.0-0.11,3,"[""dogiba"",""kalegu"",""tebodi"",""minato""]",66ccltcn8h7unqb,zipfian,"[""kalegu"",""tebodi"",""minato"",""dogiba""]",1.0,1.0,kalegu,gitoka,gitoka,kalegu,kalegu,kalegu,tebodi,minato,dogiba,1,1,69
segmentation_trial,358810,0.0-11.0-0.12,3,"[""dogiba"",""kalegu"",""tebodi"",""minato""]",66ccltcn8h7unqb,zipfian,"[""kalegu"",""tebodi"",""minato"",""dogiba""]",1.0,1.0,tebodi,lebado,lebado,tebodi,tebodi,kalegu,tebodi,minato,dogiba,2,1,170
segmentation_trial,366584,0.0-11.0-0.13,3,"[""dogiba"",""kalegu"",""tebodi"",""minato""]",66ccltcn8h7unqb,zipfian,"[""kalegu"",""tebodi"",""minato"",""dogiba""]",0.0,1.0,minato,nadite,minato,nadite,minato,kalegu,tebodi,minato,dogiba,3,1,131
segmentation_trial,372941,0.0-11.0-0.14,3,"[""dogiba"",""kalegu"",""tebodi"",""minato""]",66ccltcn8h7unqb,zipfian,"[""kalegu"",""tebodi"",""minato"",""dogiba""]",0.0,1.0,tebodi,bogumi,tebodi,bogumi,tebodi,kalegu,tebodi,minato,dogiba,2,1,168
segmentation_trial,395565,0.0-11.0-0.15,3,"[""dogiba"",""kalegu"",""tebodi"",""minato""]",66ccltcn8h7unqb,zipfian,"[""kalegu"",""tebodi"",""minato"",""dogiba""]",0.0,1.0,kalegu,bogumi,kalegu,bogumi,kalegu,kalegu,tebodi,minato,dogiba,1,1,68
segmentation_trial,286976,0.0-11.0-0.0,5,"[""matolu"",""nubola"",""mogude"",""kediba""]",xlvsrgysfnmuhgz,uniform,,0.0,1.0,matolu,delubo,matolu,delubo,matolu,,,,,0,2,116
segmentation_trial,293565,0.0-11.0-0.1,5,"[""matolu"",""nubola"",""mogude"",""kediba""]",xlvsrgysfnmuhgz,uniform,,0.0,0.0,mogude,lamodi,lamodi,mogude,lamodi,,,,,0,2,138
segmentation_trial,300406,0.0-11.0-0.2,5,"[""matolu"",""nubola"",""mogude"",""kediba""]",xlvsrgysfnmuhgz,uniform,,1.0,0.0,matolu,tobanu,matolu,tobanu,tobanu,,,,,0,2,119
segmentation_trial,307853,0.0-11.0-0.3,5,"[""matolu"",""nubola"",""mogude"",""kediba""]",xlvsrgysfnmuhgz,uniform,,1.0,1.0,mogude,gukema,gukema,mogude,mogude,,,,,0,2,137
segmentation_trial,314744,0.0-11.0-0.4,5,"[""matolu"",""nubola"",""mogude"",""kediba""]",xlvsrgysfnmuhgz,uniform,,0.0,0.0,matolu,lamodi,lamodi,matolu,lamodi,,,,,0,2,118
segmentation_trial,321827,0.0-11.0-0.5,5,"[""matolu"",""nubola"",""mogude"",""kediba""]",xlvsrgysfnmuhgz,uniform,,1.0,0.0,nubola,tobanu,nubola,tobanu,tobanu,,,,,0,2,167
segmentation_trial,328455,0.0-11.0-0.6,5,"[""matolu"",""nubola"",""mogude"",""kediba""]",xlvsrgysfnmuhgz,uniform,,0.0,1.0,kediba,delubo,kediba,delubo,kediba,,,,,0,2,72
segmentation_trial,335226,0.0-11.0-0.7,5,"[""matolu"",""nubola"",""mogude"",""kediba""]",xlvsrgysfnmuhgz,uniform,,1.0,1.0,matolu,gukema,gukema,matolu,matolu,,,,,0,2,117
segmentation_trial,342258,0.0-11.0-0.8,5,"[""matolu"",""nubola"",""mogude"",""kediba""]",xlvsrgysfnmuhgz,uniform,,1.0,0.0,mogude,delubo,mogude,delubo,delubo,,,,,0,2,136
segmentation_trial,348218,0.0-11.0-0.9,5,"[""matolu"",""nubola"",""mogude"",""kediba""]",xlvsrgysfnmuhgz,uniform,,0.0,0.0,kediba,lamodi,lamodi,kediba,lamodi,,,,,0,2,74
segmentation_trial,354681,0.0-11.0-0.10,5,"[""matolu"",""nubola"",""mogude"",""kediba""]",xlvsrgysfnmuhgz,uniform,,1.0,0.0,nubola,delubo,nubola,delubo,delubo,,,,,0,2,164
segmentation_trial,361108,0.0-11.0-0.11,5,"[""matolu"",""nubola"",""mogude"",""kediba""]",xlvsrgysfnmuhgz,uniform,,1.0,0.0,mogude,tobanu,mogude,tobanu,tobanu,,,,,0,2,139
segmentation_trial,366957,0.0-11.0-0.12,5,"[""matolu"",""nubola"",""mogude"",""kediba""]",xlvsrgysfnmuhgz,uniform,,0.0,0.0,nubola,lamodi,lamodi,nubola,lamodi,,,,,0,2,166
segmentation_trial,373329,0.0-11.0-0.13,5,"[""matolu"",""nubola"",""mogude"",""kediba""]",xlvsrgysfnmuhgz,uniform,,1.0,1.0,kediba,gukema,gukema,kediba,kediba,,,,,0,2,73
segmentation_trial,379239,0.0-11.0-0.14,5,"[""matolu"",""nubola"",""mogude"",""kediba""]",xlvsrgysfnmuhgz,uniform,,0.0,1.0,kediba,tobanu,kediba,tobanu,kediba,,,,,0,2,75
segmentation_trial,385808,0.0-11.0-0.15,5,"[""matolu"",""nubola"",""mogude"",""kediba""]",xlvsrgysfnmuhgz,uniform,,0.0,0.0,nubola,gukema,gukema,nubola,gukema,,,,,0,2,165
segmentation_trial,355875,0.0-11.0-0.0,4,"[""gumeki"",""letumo"",""nodabu"",""digote""]",qz3skn4srencuen,zipfian,"[""gumeki"",""letumo"",""digote"",""nodabu""]",0.0,1.0,nodabu,bulego,nodabu,bulego,nodabu,gumeki,letumo,digote,nodabu,4,2,156
segmentation_trial,364312,0.0-11.0-0.1,4,"[""gumeki"",""letumo"",""nodabu"",""digote""]",qz3skn4srencuen,zipfian,"[""gumeki"",""letumo"",""digote"",""nodabu""]",0.0,1.0,letumo,kinome,letumo,kinome,letumo,gumeki,letumo,digote,nodabu,2,2,113
segmentation_trial,371589,0.0-11.0-0.2,4,"[""gumeki"",""letumo"",""nodabu"",""digote""]",qz3skn4srencuen,zipfian,"[""gumeki"",""letumo"",""digote"",""nodabu""]",1.0,1.0,gumeki,teguda,teguda,gumeki,gumeki,gumeki,letumo,digote,nodabu,1,2,67
segmentation_trial,382461,0.0-11.0-0.3,4,"[""gumeki"",""letumo"",""nodabu"",""digote""]",qz3skn4srencuen,zipfian,"[""gumeki"",""letumo"",""digote"",""nodabu""]",0.0,1.0,digote,kinome,digote,kinome,digote,gumeki,letumo,digote,nodabu,3,2,25
segmentation_trial,390484,0.0-11.0-0.4,4,"[""gumeki"",""letumo"",""nodabu"",""digote""]",qz3skn4srencuen,zipfian,"[""gumeki"",""letumo"",""digote"",""nodabu""]",1.0,1.0,letumo,teguda,teguda,letumo,letumo,gumeki,letumo,digote,nodabu,2,2,115
segmentation_trial,399992,0.0-11.0-0.5,4,"[""gumeki"",""letumo"",""nodabu"",""digote""]",qz3skn4srencuen,zipfian,"[""gumeki"",""letumo"",""digote"",""nodabu""]",0.0,0.0,digote,moditu,moditu,digote,moditu,gumeki,letumo,digote,nodabu,3,2,26
segmentation_trial,409260,0.0-11.0-0.6,4,"[""gumeki"",""letumo"",""nodabu"",""digote""]",qz3skn4srencuen,zipfian,"[""gumeki"",""letumo"",""digote"",""nodabu""]",1.0,0.0,nodabu,kinome,nodabu,kinome,kinome,gumeki,letumo,digote,nodabu,4,2,157
segmentation_trial,418608,0.0-11.0-0.7,4,"[""gumeki"",""letumo"",""nodabu"",""digote""]",qz3skn4srencuen,zipfian,"[""gumeki"",""letumo"",""digote"",""nodabu""]",1.0,1.0,digote,teguda,teguda,digote,digote,gumeki,letumo,digote,nodabu,3,2,27
segmentation_trial,427871,0.0-11.0-0.8,4,"[""gumeki"",""letumo"",""nodabu"",""digote""]",qz3skn4srencuen,zipfian,"[""gumeki"",""letumo"",""digote"",""nodabu""]",0.0,0.0,letumo,moditu,moditu,letumo,moditu,gumeki,letumo,digote,nodabu,2,2,114
segmentation_trial,435296,0.0-11.0-0.9,4,"[""gumeki"",""letumo"",""nodabu"",""digote""]",qz3skn4srencuen,zipfian,"[""gumeki"",""letumo"",""digote"",""nodabu""]",0.0,1.0,gumeki,kinome,gumeki,kinome,gumeki,gumeki,letumo,digote,nodabu,1,2,65
segmentation_trial,448555,0.0-11.0-0.10,4,"[""gumeki"",""letumo"",""nodabu"",""digote""]",qz3skn4srencuen,zipfian,"[""gumeki"",""letumo"",""digote"",""nodabu""]",0.0,1.0,digote,bulego,digote,bulego,digote,gumeki,letumo,digote,nodabu,3,2,24
segmentation_trial,457422,0.0-11.0-0.11,4,"[""gumeki"",""letumo"",""nodabu"",""digote""]",qz3skn4srencuen,zipfian,"[""gumeki"",""letumo"",""digote"",""nodabu""]",1.0,1.0,nodabu,teguda,teguda,nodabu,nodabu,gumeki,letumo,digote,nodabu,4,2,159
segmentation_trial,465509,0.0-11.0-0.12,4,"[""gumeki"",""letumo"",""nodabu"",""digote""]",qz3skn4srencuen,zipfian,"[""gumeki"",""letumo"",""digote"",""nodabu""]",1.0,1.0,gumeki,moditu,moditu,gumeki,gumeki,gumeki,letumo,digote,nodabu,1,2,66
segmentation_trial,473165,0.0-11.0-0.13,4,"[""gumeki"",""letumo"",""nodabu"",""digote""]",qz3skn4srencuen,zipfian,"[""gumeki"",""letumo"",""digote"",""nodabu""]",0.0,1.0,letumo,bulego,letumo,bulego,letumo,gumeki,letumo,digote,nodabu,2,2,112
segmentation_trial,483062,0.0-11.0-0.14,4,"[""gumeki"",""letumo"",""nodabu"",""digote""]",qz3skn4srencuen,zipfian,"[""gumeki"",""letumo"",""digote"",""nodabu""]",1.0,1.0,nodabu,moditu,moditu,nodabu,nodabu,gumeki,letumo,digote,nodabu,4,2,158
segmentation_trial,490053,0.0-11.0-0.15,4,"[""gumeki"",""letumo"",""nodabu"",""digote""]",qz3skn4srencuen,zipfian,"[""gumeki"",""letumo"",""digote"",""nodabu""]",0.0,1.0,gumeki,bulego,gumeki,bulego,gumeki,gumeki,letumo,digote,nodabu,1,2,64
segmentation_trial,256359,0.0-11.0-0.0,1,"[""lemaku"",""gibeto"",""bugona"",""dotumi""]",53yxn63jjz9l4ru,uniform,,0.0,0.0,gibeto,midobe,midobe,gibeto,midobe,,,,,0,2,49
segmentation_trial,262834,0.0-11.0-0.1,1,"[""lemaku"",""gibeto"",""bugona"",""dotumi""]",53yxn63jjz9l4ru,uniform,,0.0,1.0,dotumi,kulego,dotumi,kulego,dotumi,,,,,0,2,40
segmentation_trial,269341,0.0-11.0-0.2,1,"[""lemaku"",""gibeto"",""bugona"",""dotumi""]",53yxn63jjz9l4ru,uniform,,0.0,0.0,bugona,nagitu,nagitu,bugona,nagitu,,,,,0,2,14
segmentation_trial,275408,0.0-11.0-0.3,1,"[""lemaku"",""gibeto"",""bugona"",""dotumi""]",53yxn63jjz9l4ru,uniform,,0.0,1.0,lemaku,kulego,lemaku,kulego,lemaku,,,,,0,2,108
segmentation_trial,282100,0.0-11.0-0.4,1,"[""lemaku"",""gibeto"",""bugona"",""dotumi""]",53yxn63jjz9l4ru,uniform,,0.0,1.0,gibeto,tobuma,gibeto,tobuma,gibeto,,,,,0,2,51
segmentation_trial,288826,0.0-11.0-0.5,1,"[""lemaku"",""gibeto"",""bugona"",""dotumi""]",53yxn63jjz9l4ru,uniform,,1.0,1.0,dotumi,midobe,midobe,dotumi,dotumi,,,,,0,2,41
segmentation_trial,294837,0.0-11.0-0.6,1,"[""lemaku"",""gibeto"",""bugona"",""dotumi""]",53yxn63jjz9l4ru,uniform,,1.0,1.0,lemaku,nagitu,nagitu,lemaku,lemaku,,,,,0,2,110
segmentation_trial,301167,0.0-11.0-0.7,1,"[""lemaku"",""gibeto"",""bugona"",""dotumi""]",53yxn63jjz9l4ru,uniform,,1.0,1.0,bugona,midobe,midobe,bugona,bugona,,,,,0,2,13
segmentation_trial,307287,0.0-11.0-0.8,1,"[""lemaku"",""gibeto"",""bugona"",""dotumi""]",53yxn63jjz9l4ru,uniform,,0.0,1.0,lemaku,tobuma,lemaku,tobuma,lemaku,,,,,0,2,111
segmentation_trial,313810,0.0-11.0-0.9,1,"[""lemaku"",""gibeto"",""bugona"",""dotumi""]",53yxn63jjz9l4ru,uniform,,0.0,1.0,gibeto,kulego,gibeto,kulego,gibeto,,,,,0,2,48
segmentation_trial,319908,0.0-11.0-0.10,1,"[""lemaku"",""gibeto"",""bugona"",""dotumi""]",53yxn63jjz9l4ru,uniform,,1.0,1.0,lemaku,midobe,midobe,lemaku,lemaku,,,,,0,2,109
segmentation_trial,326001,0.0-11.0-0.11,1,"[""lemaku"",""gibeto"",""bugona"",""dotumi""]",53yxn63jjz9l4ru,uniform,,0.0,1.0,bugona,kulego,bugona,kulego,bugona,,,,,0,2,12
segmentation_trial,331939,0.0-11.0-0.12,1,"[""lemaku"",""gibeto"",""bugona"",""dotumi""]",53yxn63jjz9l4ru,uniform,,0.0,0.0,gibeto,nagitu,nagitu,gibeto,nagitu,,,,,0,2,50
segmentation_trial,338241,0.0-11.0-0.13,1,"[""lemaku"",""gibeto"",""bugona"",""dotumi""]",53yxn63jjz9l4ru,uniform,,0.0,1.0,bugona,tobuma,bugona,tobuma,bugona,,,,,0,2,15
segmentation_trial,344247,0.0-11.0-0.14,1,"[""lemaku"",""gibeto"",""bugona"",""dotumi""]",53yxn63jjz9l4ru,uniform,,0.0,0.0,dotumi,nagitu,nagitu,dotumi,nagitu,,,,,0,2,42
segmentation_trial,350289,0.0-11.0-0.15,1,"[""lemaku"",""gibeto"",""bugona"",""dotumi""]",53yxn63jjz9l4ru,uniform,,1.0,0.0,dotumi,tobuma,dotumi,tobuma,tobuma,,,,,0,2,43
segmentation_trial,340258,0.0-11.0-0.0,3,"[""dogiba"",""kalegu"",""tebodi"",""minato""]",33eqzqff7vd6exv,zipfian,"[""dogiba"",""tebodi"",""kalegu"",""minato""]",1.0,1.0,minato,lebado,lebado,minato,minato,dogiba,tebodi,kalegu,minato,4,1,130
segmentation_trial,346722,0.0-11.0-0.1,3,"[""dogiba"",""kalegu"",""tebodi"",""minato""]",33eqzqff7vd6exv,zipfian,"[""dogiba"",""tebodi"",""kalegu"",""minato""]",1.0,1.0,kalegu,gitoka,gitoka,kalegu,kalegu,dogiba,tebodi,kalegu,minato,3,1,69
segmentation_trial,353361,0.0-11.0-0.2,3,"[""dogiba"",""kalegu"",""tebodi"",""minato""]",33eqzqff7vd6exv,zipfian,"[""dogiba"",""tebodi"",""kalegu"",""minato""]",0.0,1.0,tebodi,bogumi,tebodi,bogumi,tebodi,dogiba,tebodi,kalegu,minato,2,1,168
segmentation_trial,359609,0.0-11.0-0.3,3,"[""dogiba"",""kalegu"",""tebodi"",""minato""]",33eqzqff7vd6exv,zipfian,"[""dogiba"",""tebodi"",""kalegu"",""minato""]",1.0,1.0,minato,gitoka,gitoka,minato,minato,dogiba,tebodi,kalegu,minato,4,1,129
segmentation_trial,366249,0.0-11.0-0.4,3,"[""dogiba"",""kalegu"",""tebodi"",""minato""]",33eqzqff7vd6exv,zipfian,"[""dogiba"",""tebodi"",""kalegu"",""minato""]",0.0,1.0,dogiba,nadite,dogiba,nadite,dogiba,dogiba,tebodi,kalegu,minato,1,1,35
segmentation_trial,372097,0.0-11.0-0.5,3,"[""dogiba"",""kalegu"",""tebodi"",""minato""]",33eqzqff7vd6exv,zipfian,"[""dogiba"",""tebodi"",""kalegu"",""minato""]",0.0,1.0,minato,bogumi,minato,bogumi,minato,dogiba,tebodi,kalegu,minato,4,1,128
segmentation_trial,378033,0.0-11.0-0.6,3,"[""dogiba"",""kalegu"",""tebodi"",""minato""]",33eqzqff7vd6exv,zipfian,"[""dogiba"",""tebodi"",""kalegu"",""minato""]",1.0,1.0,tebodi,gitoka,gitoka,tebodi,tebodi,dogiba,tebodi,kalegu,minato,2,1,169
segmentation_trial,384057,0.0-11.0-0.7,3,"[""dogiba"",""kalegu"",""tebodi"",""minato""]",33eqzqff7vd6exv,zipfian,"[""dogiba"",""tebodi"",""kalegu"",""minato""]",0.0,1.0,kalegu,bogumi,kalegu,bogumi,kalegu,dogiba,tebodi,kalegu,minato,3,1,68
segmentation_trial,389969,0.0-11.0-0.8,3,"[""dogiba"",""kalegu"",""tebodi"",""minato""]",33eqzqff7vd6exv,zipfian,"[""dogiba"",""tebodi"",""kalegu"",""minato""]",0.0,1.0,tebodi,nadite,tebodi,nadite,tebodi,dogiba,tebodi,kalegu,minato,2,1,171
segmentation_trial,395961,0.0-11.0-0.9,3,"[""dogiba"",""kalegu"",""tebodi"",""minato""]",33eqzqff7vd6exv,zipfian,"[""dogiba"",""tebodi"",""kalegu"",""minato""]",1.0,1.0,dogiba,lebado,lebado,dogiba,dogiba,dogiba,tebodi,kalegu,minato,1,1,34
segmentation_trial,401769,0.0-11.0-0.10,3,"[""dogiba"",""kalegu"",""tebodi"",""minato""]",33eqzqff7vd6exv,zipfian,"[""dogiba"",""tebodi"",""kalegu"",""minato""]",0.0,1.0,kalegu,nadite,kalegu,nadite,kalegu,dogiba,tebodi,kalegu,minato,3,1,71
segmentation_trial,408049,0.0-11.0-0.11,3,"[""dogiba"",""kalegu"",""tebodi"",""minato""]",33eqzqff7vd6exv,zipfian,"[""dogiba"",""tebodi"",""kalegu"",""minato""]",0.0,1.0,dogiba,bogumi,dogiba,bogumi,dogiba,dogiba,tebodi,kalegu,minato,1,1,32
segmentation_trial,413945,0.0-11.0-0.12,3,"[""dogiba"",""kalegu"",""tebodi"",""minato""]",33eqzqff7vd6exv,zipfian,"[""dogiba"",""tebodi"",""kalegu"",""minato""]",0.0,1.0,minato,nadite,minato,nadite,minato,dogiba,tebodi,kalegu,minato,4,1,131
segmentation_trial,419945,0.0-11.0-0.13,3,"[""dogiba"",""kalegu"",""tebodi"",""minato""]",33eqzqff7vd6exv,zipfian,"[""dogiba"",""tebodi"",""kalegu"",""minato""]",0.0,0.0,kalegu,lebado,lebado,kalegu,lebado,dogiba,tebodi,kalegu,minato,3,1,70
segmentation_trial,426305,0.0-11.0-0.14,3,"[""dogiba"",""kalegu"",""tebodi"",""minato""]",33eqzqff7vd6exv,zipfian,"[""dogiba"",""tebodi"",""kalegu"",""minato""]",0.0,0.0,dogiba,gitoka,gitoka,dogiba,gitoka,dogiba,tebodi,kalegu,minato,1,1,33
segmentation_trial,432977,0.0-11.0-0.15,3,"[""dogiba"",""kalegu"",""tebodi"",""minato""]",33eqzqff7vd6exv,zipfian,"[""dogiba"",""tebodi"",""kalegu"",""minato""]",0.0,0.0,tebodi,lebado,lebado,tebodi,lebado,dogiba,tebodi,kalegu,minato,2,1,170
segmentation_trial,228018,0.0-11.0-0.0,6,"[""nodebu"",""dimate"",""mekugo"",""gubila""]",dqv3dx0k0ttuahr,zipfian,"[""gubila"",""nodebu"",""mekugo"",""dimate""]",0.0,1.0,gubila,kudino,gubila,kudino,gubila,gubila,nodebu,mekugo,dimate,1,1,57
segmentation_trial,234237,0.0-11.0-0.1,6,"[""nodebu"",""dimate"",""mekugo"",""gubila""]",dqv3dx0k0ttuahr,zipfian,"[""gubila"",""nodebu"",""mekugo"",""dimate""]",0.0,1.0,nodebu,bimegu,nodebu,bimegu,nodebu,gubila,nodebu,mekugo,dimate,2,1,160
segmentation_trial,240623,0.0-11.0-0.2,6,"[""nodebu"",""dimate"",""mekugo"",""gubila""]",dqv3dx0k0ttuahr,zipfian,"[""gubila"",""nodebu"",""mekugo"",""dimate""]",0.0,1.0,mekugo,kudino,mekugo,kudino,mekugo,gubila,nodebu,mekugo,dimate,3,1,121
segmentation_trial,246957,0.0-11.0-0.3,6,"[""nodebu"",""dimate"",""mekugo"",""gubila""]",dqv3dx0k0ttuahr,zipfian,"[""gubila"",""nodebu"",""mekugo"",""dimate""]",1.0,1.0,nodebu,labude,labude,nodebu,nodebu,gubila,nodebu,mekugo,dimate,2,1,162
segmentation_trial,253471,0.0-11.0-0.4,6,"[""nodebu"",""dimate"",""mekugo"",""gubila""]",dqv3dx0k0ttuahr,zipfian,"[""gubila"",""nodebu"",""mekugo"",""dimate""]",1.0,1.0,dimate,tegoma,tegoma,dimate,dimate,gubila,nodebu,mekugo,dimate,4,1,31
segmentation_trial,259889,0.0-11.0-0.5,6,"[""nodebu"",""dimate"",""mekugo"",""gubila""]",dqv3dx0k0ttuahr,zipfian,"[""gubila"",""nodebu"",""mekugo"",""dimate""]",1.0,1.0,gubila,labude,labude,gubila,gubila,gubila,nodebu,mekugo,dimate,1,1,58
segmentation_trial,266046,0.0-11.0-0.6,6,"[""nodebu"",""dimate"",""mekugo"",""gubila""]",dqv3dx0k0ttuahr,zipfian,"[""gubila"",""nodebu"",""mekugo"",""dimate""]",1.0,1.0,nodebu,tegoma,tegoma,nodebu,nodebu,gubila,nodebu,mekugo,dimate,2,1,163
segmentation_trial,272531,0.0-11.0-0.7,6,"[""nodebu"",""dimate"",""mekugo"",""gubila""]",dqv3dx0k0ttuahr,zipfian,"[""gubila"",""nodebu"",""mekugo"",""dimate""]",1.0,1.0,mekugo,labude,labude,mekugo,mekugo,gubila,nodebu,mekugo,dimate,3,1,122
segmentation_trial,279117,0.0-11.0-0.8,6,"[""nodebu"",""dimate"",""mekugo"",""gubila""]",dqv3dx0k0ttuahr,zipfian,"[""gubila"",""nodebu"",""mekugo"",""dimate""]",0.0,1.0,dimate,kudino,dimate,kudino,dimate,gubila,nodebu,mekugo,dimate,4,1,29
segmentation_trial,285676,0.0-11.0-0.9,6,"[""nodebu"",""dimate"",""mekugo"",""gubila""]",dqv3dx0k0ttuahr,zipfian,"[""gubila"",""nodebu"",""mekugo"",""dimate""]",1.0,1.0,mekugo,tegoma,tegoma,mekugo,mekugo,gubila,nodebu,mekugo,dimate,3,1,123
segmentation_trial,291789,0.0-11.0-0.10,6,"[""nodebu"",""dimate"",""mekugo"",""gubila""]",dqv3dx0k0ttuahr,zipfian,"[""gubila"",""nodebu"",""mekugo"",""dimate""]",0.0,1.0,gubila,bimegu,gubila,bimegu,gubila,gubila,nodebu,mekugo,dimate,1,1,56
segmentation_trial,298003,0.0-11.0-0.11,6,"[""nodebu"",""dimate"",""mekugo"",""gubila""]",dqv3dx0k0ttuahr,zipfian,"[""gubila"",""nodebu"",""mekugo"",""dimate""]",0.0,0.0,dimate,labude,labude,dimate,labude,gubila,nodebu,mekugo,dimate,4,1,30
segmentation_trial,304215,0.0-11.0-0.12,6,"[""nodebu"",""dimate"",""mekugo"",""gubila""]",dqv3dx0k0ttuahr,zipfian,"[""gubila"",""nodebu"",""mekugo"",""dimate""]",0.0,1.0,mekugo,bimegu,mekugo,bimegu,mekugo,gubila,nodebu,mekugo,dimate,3,1,120
segmentation_trial,310821,0.0-11.0-0.13,6,"[""nodebu"",""dimate"",""mekugo"",""gubila""]",dqv3dx0k0ttuahr,zipfian,"[""gubila"",""nodebu"",""mekugo"",""dimate""]",0.0,1.0,nodebu,kudino,nodebu,kudino,nodebu,gubila,nodebu,mekugo,dimate,2,1,161
segmentation_trial,317399,0.0-11.0-0.14,6,"[""nodebu"",""dimate"",""mekugo"",""gubila""]",dqv3dx0k0ttuahr,zipfian,"[""gubila"",""nodebu"",""mekugo"",""dimate""]",0.0,0.0,gubila,tegoma,tegoma,gubila,tegoma,gubila,nodebu,mekugo,dimate,1,1,59
segmentation_trial,327053,0.0-11.0-0.15,6,"[""nodebu"",""dimate"",""mekugo"",""gubila""]",dqv3dx0k0ttuahr,zipfian,"[""gubila"",""nodebu"",""mekugo"",""dimate""]",1.0,0.0,dimate,bimegu,dimate,bimegu,bimegu,gubila,nodebu,mekugo,dimate,4,1,28
segmentation_trial,220727,0.0-11.0-0.0,1,"[""kulego"",""nagitu"",""tobuma"",""midobe""]",4rfqf76kq0syt33,zipfian,"[""tobuma"",""midobe"",""nagitu"",""kulego""]",0.0,0.0,midobe,gibeto,gibeto,midobe,gibeto,tobuma,midobe,nagitu,kulego,2,1,126
segmentation_trial,226996,0.0-11.0-0.1,1,"[""kulego"",""nagitu"",""tobuma"",""midobe""]",4rfqf76kq0syt33,zipfian,"[""tobuma"",""midobe"",""nagitu"",""kulego""]",1.0,0.0,nagitu,lemaku,nagitu,lemaku,lemaku,tobuma,midobe,nagitu,kulego,3,1,151
segmentation_trial,232846,0.0-11.0-0.2,1,"[""kulego"",""nagitu"",""tobuma"",""midobe""]",4rfqf76kq0syt33,zipfian,"[""tobuma"",""midobe"",""nagitu"",""kulego""]",0.0,1.0,kulego,bugona,kulego,bugona,kulego,tobuma,midobe,nagitu,kulego,4,1,88
segmentation_trial,238855,0.0-11.0-0.3,1,"[""kulego"",""nagitu"",""tobuma"",""midobe""]",4rfqf76kq0syt33,zipfian,"[""tobuma"",""midobe"",""nagitu"",""kulego""]",0.0,0.0,tobuma,gibeto,gibeto,tobuma,gibeto,tobuma,midobe,nagitu,kulego,1,1,190
segmentation_trial,244760,0.0-11.0-0.4,1,"[""kulego"",""nagitu"",""tobuma"",""midobe""]",4rfqf76kq0syt33,zipfian,"[""tobuma"",""midobe"",""nagitu"",""kulego""]",1.0,0.0,midobe,lemaku,midobe,lemaku,lemaku,tobuma,midobe,nagitu,kulego,2,1,127
segmentation_trial,250509,0.0-11.0-0.5,1,"[""kulego"",""nagitu"",""tobuma"",""midobe""]",4rfqf76kq0syt33,zipfian,"[""tobuma"",""midobe"",""nagitu"",""kulego""]",1.0,1.0,kulego,dotumi,dotumi,kulego,kulego,tobuma,midobe,nagitu,kulego,4,1,89
segmentation_trial,257483,0.0-11.0-0.6,1,"[""kulego"",""nagitu"",""tobuma"",""midobe""]",4rfqf76kq0syt33,zipfian,"[""tobuma"",""midobe"",""nagitu"",""kulego""]",1.0,0.0,nagitu,bugona,nagitu,bugona,bugona,tobuma,midobe,nagitu,kulego,3,1,148
segmentation_trial,263392,0.0-11.0-0.7,1,"[""kulego"",""nagitu"",""tobuma"",""midobe""]",4rfqf76kq0syt33,zipfian,"[""tobuma"",""midobe"",""nagitu"",""kulego""]",0.0,1.0,kulego,lemaku,kulego,lemaku,kulego,tobuma,midobe,nagitu,kulego,4,1,91
segmentation_trial,270412,0.0-11.0-0.8,1,"[""kulego"",""nagitu"",""tobuma"",""midobe""]",4rfqf76kq0syt33,zipfian,"[""tobuma"",""midobe"",""nagitu"",""kulego""]",0.0,1.0,midobe,bugona,midobe,bugona,midobe,tobuma,midobe,nagitu,kulego,2,1,124
segmentation_trial,276141,0.0-11.0-0.9,1,"[""kulego"",""nagitu"",""tobuma"",""midobe""]",4rfqf76kq0syt33,zipfian,"[""tobuma"",""midobe"",""nagitu"",""kulego""]",1.0,1.0,nagitu,dotumi,dotumi,nagitu,nagitu,tobuma,midobe,nagitu,kulego,3,1,149
segmentation_trial,281961,0.0-11.0-0.10,1,"[""kulego"",""nagitu"",""tobuma"",""midobe""]",4rfqf76kq0syt33,zipfian,"[""tobuma"",""midobe"",""nagitu"",""kulego""]",1.0,1.0,kulego,gibeto,gibeto,kulego,kulego,tobuma,midobe,nagitu,kulego,4,1,90
segmentation_trial,287427,0.0-11.0-0.11,1,"[""kulego"",""nagitu"",""tobuma"",""midobe""]",4rfqf76kq0syt33,zipfian,"[""tobuma"",""midobe"",""nagitu"",""kulego""]",0.0,1.0,tobuma,bugona,tobuma,bugona,tobuma,tobuma,midobe,nagitu,kulego,1,1,188
segmentation_trial,293151,0.0-11.0-0.12,1,"[""kulego"",""nagitu"",""tobuma"",""midobe""]",4rfqf76kq0syt33,zipfian,"[""tobuma"",""midobe"",""nagitu"",""kulego""]",1.0,1.0,nagitu,gibeto,gibeto,nagitu,nagitu,tobuma,midobe,nagitu,kulego,3,1,150
segmentation_trial,299701,0.0-11.0-0.13,1,"[""kulego"",""nagitu"",""tobuma"",""midobe""]",4rfqf76kq0syt33,zipfian,"[""tobuma"",""midobe"",""nagitu"",""kulego""]",0.0,1.0,tobuma,lemaku,tobuma,lemaku,tobuma,tobuma,midobe,nagitu,kulego,1,1,191
segmentation_trial,308269,0.0-11.0-0.14,1,"[""kulego"",""nagitu"",""tobuma"",""midobe""]",4rfqf76kq0syt33,zipfian,"[""tobuma"",""midobe"",""nagitu"",""kulego""]",1.0,1.0,midobe,dotumi,dotumi,midobe,midobe,tobuma,midobe,nagitu,kulego,2,1,125
segmentation_trial,313934,0.0-11.0-0.15,1,"[""kulego"",""nagitu"",""tobuma"",""midobe""]",4rfqf76kq0syt33,zipfian,"[""tobuma"",""midobe"",""nagitu"",""kulego""]",1.0,1.0,tobuma,dotumi,dotumi,tobuma,tobuma,tobuma,midobe,nagitu,kulego,1,1,189
segmentation_trial,934283,0.0-11.0-0.0,2,"[""lakubi"",""negado"",""mudile"",""kitena""]",ukntkaqzt3426my,zipfian,"[""kitena"",""lakubi"",""negado"",""mudile""]",0.0,1.0,negado,binaku,negado,binaku,negado,kitena,lakubi,negado,mudile,3,1,152
segmentation_trial,940203,0.0-11.0-0.1,2,"[""lakubi"",""negado"",""mudile"",""kitena""]",ukntkaqzt3426my,zipfian,"[""kitena"",""lakubi"",""negado"",""mudile""]",1.0,1.0,mudile,galedi,galedi,mudile,mudile,kitena,lakubi,negado,mudile,4,1,142
segmentation_trial,945987,0.0-11.0-0.2,2,"[""lakubi"",""negado"",""mudile"",""kitena""]",ukntkaqzt3426my,zipfian,"[""kitena"",""lakubi"",""negado"",""mudile""]",0.0,1.0,kitena,dokine,kitena,dokine,kitena,kitena,lakubi,negado,mudile,1,1,81
segmentation_trial,951699,0.0-11.0-0.3,2,"[""lakubi"",""negado"",""mudile"",""kitena""]",ukntkaqzt3426my,zipfian,"[""kitena"",""lakubi"",""negado"",""mudile""]",1.0,1.0,negado,galedi,galedi,negado,negado,kitena,lakubi,negado,mudile,3,1,154
segmentation_trial,957507,0.0-11.0-0.4,2,"[""lakubi"",""negado"",""mudile"",""kitena""]",ukntkaqzt3426my,zipfian,"[""kitena"",""lakubi"",""negado"",""mudile""]",1.0,1.0,kitena,temula,temula,kitena,kitena,kitena,lakubi,negado,mudile,1,1,83
segmentation_trial,963618,0.0-11.0-0.5,2,"[""lakubi"",""negado"",""mudile"",""kitena""]",ukntkaqzt3426my,zipfian,"[""kitena"",""lakubi"",""negado"",""mudile""]",0.0,1.0,negado,dokine,negado,dokine,negado,kitena,lakubi,negado,mudile,3,1,153
segmentation_trial,969650,0.0-11.0-0.6,2,"[""lakubi"",""negado"",""mudile"",""kitena""]",ukntkaqzt3426my,zipfian,"[""kitena"",""lakubi"",""negado"",""mudile""]",0.0,1.0,lakubi,binaku,lakubi,binaku,lakubi,kitena,lakubi,negado,mudile,2,1,96
segmentation_trial,975634,0.0-11.0-0.7,2,"[""lakubi"",""negado"",""mudile"",""kitena""]",ukntkaqzt3426my,zipfian,"[""kitena"",""lakubi"",""negado"",""mudile""]",1.0,1.0,mudile,temula,temula,mudile,mudile,kitena,lakubi,negado,mudile,4,1,143
segmentation_trial,982370,0.0-11.0-0.8,2,"[""lakubi"",""negado"",""mudile"",""kitena""]",ukntkaqzt3426my,zipfian,"[""kitena"",""lakubi"",""negado"",""mudile""]",0.0,1.0,kitena,binaku,kitena,binaku,kitena,kitena,lakubi,negado,mudile,1,1,80
segmentation_trial,992762,0.0-11.0-0.9,2,"[""lakubi"",""negado"",""mudile"",""kitena""]",ukntkaqzt3426my,zipfian,"[""kitena"",""lakubi"",""negado"",""mudile""]",0.0,0.0,lakubi,temula,temula,lakubi,temula,kitena,lakubi,negado,mudile,2,1,99
segmentation_trial,998754,0.0-11.0-0.10,2,"[""lakubi"",""negado"",""mudile"",""kitena""]",ukntkaqzt3426my,zipfian,"[""kitena"",""lakubi"",""negado"",""mudile""]",1.0,1.0,kitena,galedi,galedi,kitena,kitena,kitena,lakubi,negado,mudile,1,1,82
segmentation_trial,1004930,0.0-11.0-0.11,2,"[""lakubi"",""negado"",""mudile"",""kitena""]",ukntkaqzt3426my,zipfian,"[""kitena"",""lakubi"",""negado"",""mudile""]",1.0,1.0,negado,temula,temula,negado,negado,kitena,lakubi,negado,mudile,3,1,155
segmentation_trial,1010907,0.0-11.0-0.12,2,"[""lakubi"",""negado"",""mudile"",""kitena""]",ukntkaqzt3426my,zipfian,"[""kitena"",""lakubi"",""negado"",""mudile""]",0.0,1.0,lakubi,dokine,lakubi,dokine,lakubi,kitena,lakubi,negado,mudile,2,1,97
segmentation_trial,1016714,0.0-11.0-0.13,2,"[""lakubi"",""negado"",""mudile"",""kitena""]",ukntkaqzt3426my,zipfian,"[""kitena"",""lakubi"",""negado"",""mudile""]",0.0,1.0,mudile,binaku,mudile,binaku,mudile,kitena,lakubi,negado,mudile,4,1,140
segmentation_trial,1025122,0.0-11.0-0.14,2,"[""lakubi"",""negado"",""mudile"",""kitena""]",ukntkaqzt3426my,zipfian,"[""kitena"",""lakubi"",""negado"",""mudile""]",1.0,1.0,lakubi,galedi,galedi,lakubi,lakubi,kitena,lakubi,negado,mudile,2,1,98
segmentation_trial,1031082,0.0-11.0-0.15,2,"[""lakubi"",""negado"",""mudile"",""kitena""]",ukntkaqzt3426my,zipfian,"[""kitena"",""lakubi"",""negado"",""mudile""]",0.0,1.0,mudile,dokine,mudile,dokine,mudile,kitena,lakubi,negado,mudile,4,1,141
segmentation_trial,209662,0.0-11.0-0.0,1,"[""kulego"",""nagitu"",""tobuma"",""midobe""]",hbdcz39tqjvqxje,zipfian,"[""midobe"",""kulego"",""nagitu"",""tobuma""]",1.0,1.0,midobe,dotumi,dotumi,midobe,midobe,midobe,kulego,nagitu,tobuma,1,1,125
segmentation_trial,215996,0.0-11.0-0.1,1,"[""kulego"",""nagitu"",""tobuma"",""midobe""]",hbdcz39tqjvqxje,zipfian,"[""midobe"",""kulego"",""nagitu"",""tobuma""]",1.0,0.0,tobuma,lemaku,tobuma,lemaku,lemaku,midobe,kulego,nagitu,tobuma,4,1,191
segmentation_trial,222168,0.0-11.0-0.2,1,"[""kulego"",""nagitu"",""tobuma"",""midobe""]",hbdcz39tqjvqxje,zipfian,"[""midobe"",""kulego"",""nagitu"",""tobuma""]",0.0,0.0,nagitu,dotumi,dotumi,nagitu,dotumi,midobe,kulego,nagitu,tobuma,3,1,149
segmentation_trial,228449,0.0-11.0-0.3,1,"[""kulego"",""nagitu"",""tobuma"",""midobe""]",hbdcz39tqjvqxje,zipfian,"[""midobe"",""kulego"",""nagitu"",""tobuma""]",0.0,1.0,midobe,lemaku,midobe,lemaku,midobe,midobe,kulego,nagitu,tobuma,1,1,127
segmentation_trial,234470,0.0-11.0-0.4,1,"[""kulego"",""nagitu"",""tobuma"",""midobe""]",hbdcz39tqjvqxje,zipfian,"[""midobe"",""kulego"",""nagitu"",""tobuma""]",1.0,1.0,tobuma,gibeto,gibeto,tobuma,tobuma,midobe,kulego,nagitu,tobuma,4,1,190
segmentation_trial,240389,0.0-11.0-0.5,1,"[""kulego"",""nagitu"",""tobuma"",""midobe""]",hbdcz39tqjvqxje,zipfian,"[""midobe"",""kulego"",""nagitu"",""tobuma""]",0.0,1.0,kulego,lemaku,kulego,lemaku,kulego,midobe,kulego,nagitu,tobuma,2,1,91
segmentation_trial,246736,0.0-11.0-0.6,1,"[""kulego"",""nagitu"",""tobuma"",""midobe""]",hbdcz39tqjvqxje,zipfian,"[""midobe"",""kulego"",""nagitu"",""tobuma""]",0.0,0.0,nagitu,gibeto,gibeto,nagitu,gibeto,midobe,kulego,nagitu,tobuma,3,1,150
segmentation_trial,252801,0.0-11.0-0.7,1,"[""kulego"",""nagitu"",""tobuma"",""midobe""]",hbdcz39tqjvqxje,zipfian,"[""midobe"",""kulego"",""nagitu"",""tobuma""]",0.0,1.0,midobe,bugona,midobe,bugona,midobe,midobe,kulego,nagitu,tobuma,1,1,124
segmentation_trial,258779,0.0-11.0-0.8,1,"[""kulego"",""nagitu"",""tobuma"",""midobe""]",hbdcz39tqjvqxje,zipfian,"[""midobe"",""kulego"",""nagitu"",""tobuma""]",0.0,0.0,kulego,gibeto,gibeto,kulego,gibeto,midobe,kulego,nagitu,tobuma,2,1,90
segmentation_trial,265211,0.0-11.0-0.9,1,"[""kulego"",""nagitu"",""tobuma"",""midobe""]",hbdcz39tqjvqxje,zipfian,"[""midobe"",""kulego"",""nagitu"",""tobuma""]",0.0,1.0,nagitu,lemaku,nagitu,lemaku,nagitu,midobe,kulego,nagitu,tobuma,3,1,151
segmentation_trial,271171,0.0-11.0-0.10,1,"[""kulego"",""nagitu"",""tobuma"",""midobe""]",hbdcz39tqjvqxje,zipfian,"[""midobe"",""kulego"",""nagitu"",""tobuma""]",1.0,1.0,kulego,dotumi,dotumi,kulego,kulego,midobe,kulego,nagitu,tobuma,2,1,89
segmentation_trial,277149,0.0-11.0-0.11,1,"[""kulego"",""nagitu"",""tobuma"",""midobe""]",hbdcz39tqjvqxje,zipfian,"[""midobe"",""kulego"",""nagitu"",""tobuma""]",0.0,0.0,midobe,gibeto,gibeto,midobe,gibeto,midobe,kulego,nagitu,tobuma,1,1,126
segmentation_trial,283070,0.0-11.0-0.12,1,"[""kulego"",""nagitu"",""tobuma"",""midobe""]",hbdcz39tqjvqxje,zipfian,"[""midobe"",""kulego"",""nagitu"",""tobuma""]",0.0,1.0,nagitu,bugona,nagitu,bugona,nagitu,midobe,kulego,nagitu,tobuma,3,1,148
segmentation_trial,290137,0.0-11.0-0.13,1,"[""kulego"",""nagitu"",""tobuma"",""midobe""]",hbdcz39tqjvqxje,zipfian,"[""midobe"",""kulego"",""nagitu"",""tobuma""]",0.0,0.0,tobuma,dotumi,dotumi,tobuma,dotumi,midobe,kulego,nagitu,tobuma,4,1,189
segmentation_trial,295996,0.0-11.0-0.14,1,"[""kulego"",""nagitu"",""tobuma"",""midobe""]",hbdcz39tqjvqxje,zipfian,"[""midobe"",""kulego"",""nagitu"",""tobuma""]",0.0,1.0,kulego,bugona,kulego,bugona,kulego,midobe,kulego,nagitu,tobuma,2,1,88
segmentation_trial,301826,0.0-11.0-0.15,1,"[""kulego"",""nagitu"",""tobuma"",""midobe""]",hbdcz39tqjvqxje,zipfian,"[""midobe"",""kulego"",""nagitu"",""tobuma""]",0.0,1.0,tobuma,bugona,tobuma,bugona,tobuma,midobe,kulego,nagitu,tobuma,4,1,188
segmentation_trial,360626,0.0-11.0-0.0,5,"[""tobanu"",""gukema"",""delubo"",""lamodi""]",0fxnccntzr6hu1u,zipfian,"[""tobanu"",""delubo"",""gukema"",""lamodi""]",1.0,1.0,delubo,kediba,kediba,delubo,delubo,tobanu,delubo,gukema,lamodi,2,1,20
segmentation_trial,367158,0.0-11.0-0.1,5,"[""tobanu"",""gukema"",""delubo"",""lamodi""]",0fxnccntzr6hu1u,zipfian,"[""tobanu"",""delubo"",""gukema"",""lamodi""]",0.0,1.0,tobanu,mogude,tobanu,mogude,tobanu,tobanu,delubo,gukema,lamodi,1,1,186
segmentation_trial,373674,0.0-11.0-0.2,5,"[""tobanu"",""gukema"",""delubo"",""lamodi""]",0fxnccntzr6hu1u,zipfian,"[""tobanu"",""delubo"",""gukema"",""lamodi""]",1.0,1.0,gukema,kediba,kediba,gukema,gukema,tobanu,delubo,gukema,lamodi,3,1,60
segmentation_trial,380073,0.0-11.0-0.3,5,"[""tobanu"",""gukema"",""delubo"",""lamodi""]",0fxnccntzr6hu1u,zipfian,"[""tobanu"",""delubo"",""gukema"",""lamodi""]",0.0,1.0,lamodi,matolu,lamodi,matolu,lamodi,tobanu,delubo,gukema,lamodi,4,1,101
segmentation_trial,387427,0.0-11.0-0.4,5,"[""tobanu"",""gukema"",""delubo"",""lamodi""]",0fxnccntzr6hu1u,zipfian,"[""tobanu"",""delubo"",""gukema"",""lamodi""]",1.0,0.0,gukema,mogude,gukema,mogude,mogude,tobanu,delubo,gukema,lamodi,3,1,62
segmentation_trial,394115,0.0-11.0-0.5,5,"[""tobanu"",""gukema"",""delubo"",""lamodi""]",0fxnccntzr6hu1u,zipfian,"[""tobanu"",""delubo"",""gukema"",""lamodi""]",1.0,1.0,lamodi,nubola,nubola,lamodi,lamodi,tobanu,delubo,gukema,lamodi,4,1,103
segmentation_trial,401592,0.0-11.0-0.6,5,"[""tobanu"",""gukema"",""delubo"",""lamodi""]",0fxnccntzr6hu1u,zipfian,"[""tobanu"",""delubo"",""gukema"",""lamodi""]",1.0,0.0,gukema,matolu,gukema,matolu,matolu,tobanu,delubo,gukema,lamodi,3,1,61
segmentation_trial,408927,0.0-11.0-0.7,5,"[""tobanu"",""gukema"",""delubo"",""lamodi""]",0fxnccntzr6hu1u,zipfian,"[""tobanu"",""delubo"",""gukema"",""lamodi""]",1.0,1.0,delubo,nubola,nubola,delubo,delubo,tobanu,delubo,gukema,lamodi,2,1,23
segmentation_trial,415206,0.0-11.0-0.8,5,"[""tobanu"",""gukema"",""delubo"",""lamodi""]",0fxnccntzr6hu1u,zipfian,"[""tobanu"",""delubo"",""gukema"",""lamodi""]",1.0,1.0,tobanu,kediba,kediba,tobanu,tobanu,tobanu,delubo,gukema,lamodi,1,1,184
segmentation_trial,422682,0.0-11.0-0.9,5,"[""tobanu"",""gukema"",""delubo"",""lamodi""]",0fxnccntzr6hu1u,zipfian,"[""tobanu"",""delubo"",""gukema"",""lamodi""]",1.0,1.0,gukema,nubola,nubola,gukema,gukema,tobanu,delubo,gukema,lamodi,3,1,63
segmentation_trial,428765,0.0-11.0-0.10,5,"[""tobanu"",""gukema"",""delubo"",""lamodi""]",0fxnccntzr6hu1u,zipfian,"[""tobanu"",""delubo"",""gukema"",""lamodi""]",0.0,1.0,delubo,matolu,delubo,matolu,delubo,tobanu,delubo,gukema,lamodi,2,1,21
segmentation_trial,435006,0.0-11.0-0.11,5,"[""tobanu"",""gukema"",""delubo"",""lamodi""]",0fxnccntzr6hu1u,zipfian,"[""tobanu"",""delubo"",""gukema"",""lamodi""]",0.0,1.0,lamodi,mogude,lamodi,mogude,lamodi,tobanu,delubo,gukema,lamodi,4,1,102
segmentation_trial,441762,0.0-11.0-0.12,5,"[""tobanu"",""gukema"",""delubo"",""lamodi""]",0fxnccntzr6hu1u,zipfian,"[""tobanu"",""delubo"",""gukema"",""lamodi""]",0.0,1.0,tobanu,matolu,tobanu,matolu,tobanu,tobanu,delubo,gukema,lamodi,1,1,185
segmentation_trial,448161,0.0-11.0-0.13,5,"[""tobanu"",""gukema"",""delubo"",""lamodi""]",0fxnccntzr6hu1u,zipfian,"[""tobanu"",""delubo"",""gukema"",""lamodi""]",1.0,1.0,lamodi,kediba,kediba,lamodi,lamodi,tobanu,delubo,gukema,lamodi,4,1,100
segmentation_trial,454333,0.0-11.0-0.14,5,"[""tobanu"",""gukema"",""delubo"",""lamodi""]",0fxnccntzr6hu1u,zipfian,"[""tobanu"",""delubo"",""gukema"",""lamodi""]",0.0,1.0,delubo,mogude,delubo,mogude,delubo,tobanu,delubo,gukema,lamodi,2,1,22
segmentation_trial,460679,0.0-11.0-0.15,5,"[""tobanu"",""gukema"",""delubo"",""lamodi""]",0fxnccntzr6hu1u,zipfian,"[""tobanu"",""delubo"",""gukema"",""lamodi""]",0.0,0.0,tobanu,nubola,nubola,tobanu,nubola,tobanu,delubo,gukema,lamodi,1,1,187
segmentation_trial,384744,0.0-11.0-0.0,6,"[""nodebu"",""dimate"",""mekugo"",""gubila""]",ly4j1s8069rygs9,uniform,,1.0,1.0,nodebu,labude,labude,nodebu,nodebu,,,,,0,1,162
segmentation_trial,391117,0.0-11.0-0.1,6,"[""nodebu"",""dimate"",""mekugo"",""gubila""]",ly4j1s8069rygs9,uniform,,1.0,1.0,dimate,tegoma,tegoma,dimate,dimate,,,,,0,1,31
segmentation_trial,400998,0.0-11.0-0.2,6,"[""nodebu"",""dimate"",""mekugo"",""gubila""]",ly4j1s8069rygs9,uniform,,0.0,1.0,nodebu,kudino,nodebu,kudino,nodebu,,,,,0,1,161
segmentation_trial,410277,0.0-11.0-0.3,6,"[""nodebu"",""dimate"",""mekugo"",""gubila""]",ly4j1s8069rygs9,uniform,,0.0,1.0,gubila,bimegu,gubila,bimegu,gubila,,,,,0,1,56
segmentation_trial,418358,0.0-11.0-0.4,6,"[""nodebu"",""dimate"",""mekugo"",""gubila""]",ly4j1s8069rygs9,uniform,,1.0,1.0,mekugo,labude,labude,mekugo,mekugo,,,,,0,1,122
segmentation_trial,426019,0.0-11.0-0.5,6,"[""nodebu"",""dimate"",""mekugo"",""gubila""]",ly4j1s8069rygs9,uniform,,1.0,1.0,nodebu,tegoma,tegoma,nodebu,nodebu,,,,,0,1,163
segmentation_trial,433626,0.0-11.0-0.6,6,"[""nodebu"",""dimate"",""mekugo"",""gubila""]",ly4j1s8069rygs9,uniform,,0.0,1.0,mekugo,bimegu,mekugo,bimegu,mekugo,,,,,0,1,120
segmentation_trial,443003,0.0-11.0-0.7,6,"[""nodebu"",""dimate"",""mekugo"",""gubila""]",ly4j1s8069rygs9,uniform,,1.0,1.0,gubila,labude,labude,gubila,gubila,,,,,0,1,58
segmentation_trial,452259,0.0-11.0-0.8,6,"[""nodebu"",""dimate"",""mekugo"",""gubila""]",ly4j1s8069rygs9,uniform,,1.0,1.0,mekugo,tegoma,tegoma,mekugo,mekugo,,,,,0,1,123
segmentation_trial,464659,0.0-11.0-0.9,6,"[""nodebu"",""dimate"",""mekugo"",""gubila""]",ly4j1s8069rygs9,uniform,,0.0,1.0,dimate,kudino,dimate,kudino,dimate,,,,,0,1,29
segmentation_trial,471771,0.0-11.0-0.10,6,"[""nodebu"",""dimate"",""mekugo"",""gubila""]",ly4j1s8069rygs9,uniform,,0.0,1.0,nodebu,bimegu,nodebu,bimegu,nodebu,,,,,0,1,160
segmentation_trial,483616,0.0-11.0-0.11,6,"[""nodebu"",""dimate"",""mekugo"",""gubila""]",ly4j1s8069rygs9,uniform,,1.0,1.0,dimate,labude,labude,dimate,dimate,,,,,0,1,30
segmentation_trial,490862,0.0-11.0-0.12,6,"[""nodebu"",""dimate"",""mekugo"",""gubila""]",ly4j1s8069rygs9,uniform,,1.0,1.0,gubila,tegoma,tegoma,gubila,gubila,,,,,0,1,59
segmentation_trial,498195,0.0-11.0-0.13,6,"[""nodebu"",""dimate"",""mekugo"",""gubila""]",ly4j1s8069rygs9,uniform,,0.0,1.0,mekugo,kudino,mekugo,kudino,mekugo,,,,,0,1,121
segmentation_trial,504892,0.0-11.0-0.14,6,"[""nodebu"",""dimate"",""mekugo"",""gubila""]",ly4j1s8069rygs9,uniform,,0.0,1.0,dimate,bimegu,dimate,bimegu,dimate,,,,,0,1,28
segmentation_trial,518217,0.0-11.0-0.15,6,"[""nodebu"",""dimate"",""mekugo"",""gubila""]",ly4j1s8069rygs9,uniform,,0.0,1.0,gubila,kudino,gubila,kudino,gubila,,,,,0,1,57
segmentation_trial,405638,0.0-11.0-0.0,5,"[""tobanu"",""gukema"",""delubo"",""lamodi""]",nyykmqe3feyf8gq,zipfian,"[""tobanu"",""delubo"",""gukema"",""lamodi""]",0.0,1.0,delubo,matolu,delubo,matolu,delubo,tobanu,delubo,gukema,lamodi,2,1,21
segmentation_trial,411838,0.0-11.0-0.1,5,"[""tobanu"",""gukema"",""delubo"",""lamodi""]",nyykmqe3feyf8gq,zipfian,"[""tobanu"",""delubo"",""gukema"",""lamodi""]",1.0,1.0,lamodi,kediba,kediba,lamodi,lamodi,tobanu,delubo,gukema,lamodi,4,1,100
segmentation_trial,419709,0.0-11.0-0.2,5,"[""tobanu"",""gukema"",""delubo"",""lamodi""]",nyykmqe3feyf8gq,zipfian,"[""tobanu"",""delubo"",""gukema"",""lamodi""]",1.0,0.0,tobanu,mogude,tobanu,mogude,mogude,tobanu,delubo,gukema,lamodi,1,1,186
segmentation_trial,425902,0.0-11.0-0.3,5,"[""tobanu"",""gukema"",""delubo"",""lamodi""]",nyykmqe3feyf8gq,zipfian,"[""tobanu"",""delubo"",""gukema"",""lamodi""]",1.0,1.0,gukema,nubola,nubola,gukema,gukema,tobanu,delubo,gukema,lamodi,3,1,63
segmentation_trial,432094,0.0-11.0-0.4,5,"[""tobanu"",""gukema"",""delubo"",""lamodi""]",nyykmqe3feyf8gq,zipfian,"[""tobanu"",""delubo"",""gukema"",""lamodi""]",1.0,1.0,tobanu,kediba,kediba,tobanu,tobanu,tobanu,delubo,gukema,lamodi,1,1,184
segmentation_trial,438254,0.0-11.0-0.5,5,"[""tobanu"",""gukema"",""delubo"",""lamodi""]",nyykmqe3feyf8gq,zipfian,"[""tobanu"",""delubo"",""gukema"",""lamodi""]",0.0,1.0,lamodi,matolu,lamodi,matolu,lamodi,tobanu,delubo,gukema,lamodi,4,1,101
segmentation_trial,444518,0.0-11.0-0.6,5,"[""tobanu"",""gukema"",""delubo"",""lamodi""]",nyykmqe3feyf8gq,zipfian,"[""tobanu"",""delubo"",""gukema"",""lamodi""]",1.0,1.0,tobanu,nubola,nubola,tobanu,tobanu,tobanu,delubo,gukema,lamodi,1,1,187
segmentation_trial,453487,0.0-11.0-0.7,5,"[""tobanu"",""gukema"",""delubo"",""lamodi""]",nyykmqe3feyf8gq,zipfian,"[""tobanu"",""delubo"",""gukema"",""lamodi""]",1.0,1.0,delubo,kediba,kediba,delubo,delubo,tobanu,delubo,gukema,lamodi,2,1,20
segmentation_trial,459375,0.0-11.0-0.8,5,"[""tobanu"",""gukema"",""delubo"",""lamodi""]",nyykmqe3feyf8gq,zipfian,"[""tobanu"",""delubo"",""gukema"",""lamodi""]",0.0,1.0,lamodi,mogude,lamodi,mogude,lamodi,tobanu,delubo,gukema,lamodi,4,1,102
segmentation_trial,465743,0.0-11.0-0.9,5,"[""tobanu"",""gukema"",""delubo"",""lamodi""]",nyykmqe3feyf8gq,zipfian,"[""tobanu"",""delubo"",""gukema"",""lamodi""]",1.0,1.0,delubo,nubola,nubola,delubo,delubo,tobanu,delubo,gukema,lamodi,2,1,23
segmentation_trial,474295,0.0-11.0-0.10,5,"[""tobanu"",""gukema"",""delubo"",""lamodi""]",nyykmqe3feyf8gq,zipfian,"[""tobanu"",""delubo"",""gukema"",""lamodi""]",1.0,1.0,gukema,kediba,kediba,gukema,gukema,tobanu,delubo,gukema,lamodi,3,1,60
segmentation_trial,480463,0.0-11.0-0.11,5,"[""tobanu"",""gukema"",""delubo"",""lamodi""]",nyykmqe3feyf8gq,zipfian,"[""tobanu"",""delubo"",""gukema"",""lamodi""]",0.0,1.0,tobanu,matolu,tobanu,matolu,tobanu,tobanu,delubo,gukema,lamodi,1,1,185
segmentation_trial,486936,0.0-11.0-0.12,5,"[""tobanu"",""gukema"",""delubo"",""lamodi""]",nyykmqe3feyf8gq,zipfian,"[""tobanu"",""delubo"",""gukema"",""lamodi""]",1.0,1.0,lamodi,nubola,nubola,lamodi,lamodi,tobanu,delubo,gukema,lamodi,4,1,103
segmentation_trial,494769,0.0-11.0-0.13,5,"[""tobanu"",""gukema"",""delubo"",""lamodi""]",nyykmqe3feyf8gq,zipfian,"[""tobanu"",""delubo"",""gukema"",""lamodi""]",1.0,0.0,gukema,matolu,gukema,matolu,matolu,tobanu,delubo,gukema,lamodi,3,1,61
segmentation_trial,504208,0.0-11.0-0.14,5,"[""tobanu"",""gukema"",""delubo"",""lamodi""]",nyykmqe3feyf8gq,zipfian,"[""tobanu"",""delubo"",""gukema"",""lamodi""]",0.0,1.0,delubo,mogude,delubo,mogude,delubo,tobanu,delubo,gukema,lamodi,2,1,22
segmentation_trial,512296,0.0-11.0-0.15,5,"[""tobanu"",""gukema"",""delubo"",""lamodi""]",nyykmqe3feyf8gq,zipfian,"[""tobanu"",""delubo"",""gukema"",""lamodi""]",1.0,0.0,gukema,mogude,gukema,mogude,mogude,tobanu,delubo,gukema,lamodi,3,1,62
segmentation_trial,242749,0.0-11.0-0.0,4,"[""gumeki"",""letumo"",""nodabu"",""digote""]",crvs0rct5wh0ket,uniform,,0.0,1.0,nodabu,bulego,nodabu,bulego,nodabu,,,,,0,2,156
segmentation_trial,251437,0.0-11.0-0.1,4,"[""gumeki"",""letumo"",""nodabu"",""digote""]",crvs0rct5wh0ket,uniform,,0.0,1.0,gumeki,kinome,gumeki,kinome,gumeki,,,,,0,2,65
segmentation_trial,257741,0.0-11.0-0.2,4,"[""gumeki"",""letumo"",""nodabu"",""digote""]",crvs0rct5wh0ket,uniform,,1.0,1.0,digote,teguda,teguda,digote,digote,,,,,0,2,27
segmentation_trial,263753,0.0-11.0-0.3,4,"[""gumeki"",""letumo"",""nodabu"",""digote""]",crvs0rct5wh0ket,uniform,,1.0,1.0,gumeki,moditu,moditu,gumeki,gumeki,,,,,0,2,66
segmentation_trial,270397,0.0-11.0-0.4,4,"[""gumeki"",""letumo"",""nodabu"",""digote""]",crvs0rct5wh0ket,uniform,,1.0,0.0,letumo,kinome,letumo,kinome,kinome,,,,,0,2,113
segmentation_trial,276334,0.0-11.0-0.5,4,"[""gumeki"",""letumo"",""nodabu"",""digote""]",crvs0rct5wh0ket,uniform,,1.0,1.0,nodabu,teguda,teguda,nodabu,nodabu,,,,,0,2,159
segmentation_trial,282233,0.0-11.0-0.6,4,"[""gumeki"",""letumo"",""nodabu"",""digote""]",crvs0rct5wh0ket,uniform,,0.0,1.0,digote,bulego,digote,bulego,digote,,,,,0,2,24
segmentation_trial,290461,0.0-11.0-0.7,4,"[""gumeki"",""letumo"",""nodabu"",""digote""]",crvs0rct5wh0ket,uniform,,0.0,0.0,letumo,moditu,moditu,letumo,moditu,,,,,0,2,114
segmentation_trial,298705,0.0-11.0-0.8,4,"[""gumeki"",""letumo"",""nodabu"",""digote""]",crvs0rct5wh0ket,uniform,,1.0,0.0,nodabu,kinome,nodabu,kinome,kinome,,,,,0,2,157
segmentation_trial,304796,0.0-11.0-0.9,4,"[""gumeki"",""letumo"",""nodabu"",""digote""]",crvs0rct5wh0ket,uniform,,0.0,1.0,letumo,bulego,letumo,bulego,letumo,,,,,0,2,112
segmentation_trial,311177,0.0-11.0-0.10,4,"[""gumeki"",""letumo"",""nodabu"",""digote""]",crvs0rct5wh0ket,uniform,,0.0,1.0,digote,kinome,digote,kinome,digote,,,,,0,2,25
segmentation_trial,321889,0.0-11.0-0.11,4,"[""gumeki"",""letumo"",""nodabu"",""digote""]",crvs0rct5wh0ket,uniform,,1.0,1.0,gumeki,teguda,teguda,gumeki,gumeki,,,,,0,2,67
segmentation_trial,327933,0.0-11.0-0.12,4,"[""gumeki"",""letumo"",""nodabu"",""digote""]",crvs0rct5wh0ket,uniform,,1.0,1.0,digote,moditu,moditu,digote,digote,,,,,0,2,26
segmentation_trial,333877,0.0-11.0-0.13,4,"[""gumeki"",""letumo"",""nodabu"",""digote""]",crvs0rct5wh0ket,uniform,,0.0,1.0,gumeki,bulego,gumeki,bulego,gumeki,,,,,0,2,64
segmentation_trial,339638,0.0-11.0-0.14,4,"[""gumeki"",""letumo"",""nodabu"",""digote""]",crvs0rct5wh0ket,uniform,,1.0,1.0,letumo,teguda,teguda,letumo,letumo,,,,,0,2,115
segmentation_trial,345833,0.0-11.0-0.15,4,"[""gumeki"",""letumo"",""nodabu"",""digote""]",crvs0rct5wh0ket,uniform,,1.0,1.0,nodabu,moditu,moditu,nodabu,nodabu,,,,,0,2,158
segmentation_trial,359145,0.0-11.0-0.0,1,"[""kulego"",""nagitu"",""tobuma"",""midobe""]",qx4tacjej355tsg,zipfian,"[""nagitu"",""tobuma"",""kulego"",""midobe""]",0.0,1.0,tobuma,bugona,tobuma,bugona,tobuma,nagitu,tobuma,kulego,midobe,2,1,188
segmentation_trial,365145,0.0-11.0-0.1,1,"[""kulego"",""nagitu"",""tobuma"",""midobe""]",qx4tacjej355tsg,zipfian,"[""nagitu"",""tobuma"",""kulego"",""midobe""]",0.0,0.0,nagitu,gibeto,gibeto,nagitu,gibeto,nagitu,tobuma,kulego,midobe,1,1,150
segmentation_trial,371489,0.0-11.0-0.2,1,"[""kulego"",""nagitu"",""tobuma"",""midobe""]",qx4tacjej355tsg,zipfian,"[""nagitu"",""tobuma"",""kulego"",""midobe""]",0.0,1.0,kulego,lemaku,kulego,lemaku,kulego,nagitu,tobuma,kulego,midobe,3,1,91
segmentation_trial,377545,0.0-11.0-0.3,1,"[""kulego"",""nagitu"",""tobuma"",""midobe""]",qx4tacjej355tsg,zipfian,"[""nagitu"",""tobuma"",""kulego"",""midobe""]",0.0,0.0,nagitu,dotumi,dotumi,nagitu,dotumi,nagitu,tobuma,kulego,midobe,1,1,149
segmentation_trial,383873,0.0-11.0-0.4,1,"[""kulego"",""nagitu"",""tobuma"",""midobe""]",qx4tacjej355tsg,zipfian,"[""nagitu"",""tobuma"",""kulego"",""midobe""]",0.0,1.0,midobe,lemaku,midobe,lemaku,midobe,nagitu,tobuma,kulego,midobe,4,1,127
segmentation_trial,390050,0.0-11.0-0.5,1,"[""kulego"",""nagitu"",""tobuma"",""midobe""]",qx4tacjej355tsg,zipfian,"[""nagitu"",""tobuma"",""kulego"",""midobe""]",1.0,1.0,tobuma,dotumi,dotumi,tobuma,tobuma,nagitu,tobuma,kulego,midobe,2,1,189
segmentation_trial,396305,0.0-11.0-0.6,1,"[""kulego"",""nagitu"",""tobuma"",""midobe""]",qx4tacjej355tsg,zipfian,"[""nagitu"",""tobuma"",""kulego"",""midobe""]",1.0,0.0,kulego,bugona,kulego,bugona,bugona,nagitu,tobuma,kulego,midobe,3,1,88
segmentation_trial,402009,0.0-11.0-0.7,1,"[""kulego"",""nagitu"",""tobuma"",""midobe""]",qx4tacjej355tsg,zipfian,"[""nagitu"",""tobuma"",""kulego"",""midobe""]",0.0,1.0,nagitu,lemaku,nagitu,lemaku,nagitu,nagitu,tobuma,kulego,midobe,1,1,151
segmentation_trial,407937,0.0-11.0-0.8,1,"[""kulego"",""nagitu"",""tobuma"",""midobe""]",qx4tacjej355tsg,zipfian,"[""nagitu"",""tobuma"",""kulego"",""midobe""]",1.0,0.0,midobe,bugona,midobe,bugona,bugona,nagitu,tobuma,kulego,midobe,4,1,124
segmentation_trial,414153,0.0-11.0-0.9,1,"[""kulego"",""nagitu"",""tobuma"",""midobe""]",qx4tacjej355tsg,zipfian,"[""nagitu"",""tobuma"",""kulego"",""midobe""]",0.0,0.0,tobuma,gibeto,gibeto,tobuma,gibeto,nagitu,tobuma,kulego,midobe,2,1,190
segmentation_trial,419881,0.0-11.0-0.10,1,"[""kulego"",""nagitu"",""tobuma"",""midobe""]",qx4tacjej355tsg,zipfian,"[""nagitu"",""tobuma"",""kulego"",""midobe""]",1.0,1.0,midobe,dotumi,dotumi,midobe,midobe,nagitu,tobuma,kulego,midobe,4,1,125
segmentation_trial,425817,0.0-11.0-0.11,1,"[""kulego"",""nagitu"",""tobuma"",""midobe""]",qx4tacjej355tsg,zipfian,"[""nagitu"",""tobuma"",""kulego"",""midobe""]",0.0,1.0,tobuma,lemaku,tobuma,lemaku,tobuma,nagitu,tobuma,kulego,midobe,2,1,191
segmentation_trial,431778,0.0-11.0-0.12,1,"[""kulego"",""nagitu"",""tobuma"",""midobe""]",qx4tacjej355tsg,zipfian,"[""nagitu"",""tobuma"",""kulego"",""midobe""]",1.0,1.0,kulego,gibeto,gibeto,kulego,kulego,nagitu,tobuma,kulego,midobe,3,1,90
segmentation_trial,437585,0.0-11.0-0.13,1,"[""kulego"",""nagitu"",""tobuma"",""midobe""]",qx4tacjej355tsg,zipfian,"[""nagitu"",""tobuma"",""kulego"",""midobe""]",0.0,1.0,nagitu,bugona,nagitu,bugona,nagitu,nagitu,tobuma,kulego,midobe,1,1,148
segmentation_trial,443514,0.0-11.0-0.14,1,"[""kulego"",""nagitu"",""tobuma"",""midobe""]",qx4tacjej355tsg,zipfian,"[""nagitu"",""tobuma"",""kulego"",""midobe""]",0.0,0.0,midobe,gibeto,gibeto,midobe,gibeto,nagitu,tobuma,kulego,midobe,4,1,126
segmentation_trial,449378,0.0-11.0-0.15,1,"[""kulego"",""nagitu"",""tobuma"",""midobe""]",qx4tacjej355tsg,zipfian,"[""nagitu"",""tobuma"",""kulego"",""midobe""]",1.0,1.0,kulego,dotumi,dotumi,kulego,kulego,nagitu,tobuma,kulego,midobe,3,1,89
segmentation_trial,288720,0.0-11.0-0.0,4,"[""kinome"",""teguda"",""bulego"",""moditu""]",4506j60buuk78by,zipfian,"[""moditu"",""bulego"",""kinome"",""teguda""]",0.0,1.0,teguda,nodabu,teguda,nodabu,teguda,moditu,bulego,kinome,teguda,4,1,179
segmentation_trial,296801,0.0-11.0-0.1,4,"[""kinome"",""teguda"",""bulego"",""moditu""]",4506j60buuk78by,zipfian,"[""moditu"",""bulego"",""kinome"",""teguda""]",0.0,0.0,bulego,digote,digote,bulego,digote,moditu,bulego,kinome,teguda,2,1,16
segmentation_trial,306672,0.0-11.0-0.2,4,"[""kinome"",""teguda"",""bulego"",""moditu""]",4506j60buuk78by,zipfian,"[""moditu"",""bulego"",""kinome"",""teguda""]",1.0,1.0,moditu,letumo,letumo,moditu,moditu,moditu,bulego,kinome,teguda,1,1,134
segmentation_trial,317769,0.0-11.0-0.3,4,"[""kinome"",""teguda"",""bulego"",""moditu""]",4506j60buuk78by,zipfian,"[""moditu"",""bulego"",""kinome"",""teguda""]",0.0,1.0,teguda,gumeki,teguda,gumeki,teguda,moditu,bulego,kinome,teguda,4,1,177
segmentation_trial,330340,0.0-11.0-0.4,4,"[""kinome"",""teguda"",""bulego"",""moditu""]",4506j60buuk78by,zipfian,"[""moditu"",""bulego"",""kinome"",""teguda""]",0.0,1.0,kinome,nodabu,kinome,nodabu,kinome,moditu,bulego,kinome,teguda,3,1,79
segmentation_trial,339895,0.0-11.0-0.5,4,"[""kinome"",""teguda"",""bulego"",""moditu""]",4506j60buuk78by,zipfian,"[""moditu"",""bulego"",""kinome"",""teguda""]",1.0,1.0,bulego,letumo,letumo,bulego,bulego,moditu,bulego,kinome,teguda,2,1,18
segmentation_trial,347895,0.0-11.0-0.6,4,"[""kinome"",""teguda"",""bulego"",""moditu""]",4506j60buuk78by,zipfian,"[""moditu"",""bulego"",""kinome"",""teguda""]",0.0,1.0,moditu,gumeki,moditu,gumeki,moditu,moditu,bulego,kinome,teguda,1,1,133
segmentation_trial,357435,0.0-11.0-0.7,4,"[""kinome"",""teguda"",""bulego"",""moditu""]",4506j60buuk78by,zipfian,"[""moditu"",""bulego"",""kinome"",""teguda""]",1.0,1.0,teguda,letumo,letumo,teguda,teguda,moditu,bulego,kinome,teguda,4,1,178
segmentation_trial,368855,0.0-11.0-0.8,4,"[""kinome"",""teguda"",""bulego"",""moditu""]",4506j60buuk78by,zipfian,"[""moditu"",""bulego"",""kinome"",""teguda""]",1.0,0.0,bulego,nodabu,bulego,nodabu,nodabu,moditu,bulego,kinome,teguda,2,1,19
segmentation_trial,378546,0.0-11.0-0.9,4,"[""kinome"",""teguda"",""bulego"",""moditu""]",4506j60buuk78by,zipfian,"[""moditu"",""bulego"",""kinome"",""teguda""]",1.0,1.0,teguda,digote,digote,teguda,teguda,moditu,bulego,kinome,teguda,4,1,176
segmentation_trial,388929,0.0-11.0-0.10,4,"[""kinome"",""teguda"",""bulego"",""moditu""]",4506j60buuk78by,zipfian,"[""moditu"",""bulego"",""kinome"",""teguda""]",1.0,0.0,moditu,nodabu,moditu,nodabu,nodabu,moditu,bulego,kinome,teguda,1,1,135
segmentation_trial,397118,0.0-11.0-0.11,4,"[""kinome"",""teguda"",""bulego"",""moditu""]",4506j60buuk78by,zipfian,"[""moditu"",""bulego"",""kinome"",""teguda""]",0.0,1.0,kinome,gumeki,kinome,gumeki,kinome,moditu,bulego,kinome,teguda,3,1,77
segmentation_trial,405347,0.0-11.0-0.12,4,"[""kinome"",""teguda"",""bulego"",""moditu""]",4506j60buuk78by,zipfian,"[""moditu"",""bulego"",""kinome"",""teguda""]",1.0,1.0,moditu,digote,digote,moditu,moditu,moditu,bulego,kinome,teguda,1,1,132
segmentation_trial,413475,0.0-11.0-0.13,4,"[""kinome"",""teguda"",""bulego"",""moditu""]",4506j60buuk78by,zipfian,"[""moditu"",""bulego"",""kinome"",""teguda""]",0.0,1.0,bulego,gumeki,bulego,gumeki,bulego,moditu,bulego,kinome,teguda,2,1,17
segmentation_trial,421835,0.0-11.0-0.14,4,"[""kinome"",""teguda"",""bulego"",""moditu""]",4506j60buuk78by,zipfian,"[""moditu"",""bulego"",""kinome"",""teguda""]",0.0,0.0,kinome,digote,digote,kinome,digote,moditu,bulego,kinome,teguda,3,1,76
segmentation_trial,430172,0.0-11.0-0.15,4,"[""kinome"",""teguda"",""bulego"",""moditu""]",4506j60buuk78by,zipfian,"[""moditu"",""bulego"",""kinome"",""teguda""]",1.0,1.0,kinome,letumo,letumo,kinome,kinome,moditu,bulego,kinome,teguda,3,1,78
segmentation_trial,478937,0.0-11.0-0.0,6,"[""nodebu"",""dimate"",""mekugo"",""gubila""]",sjxnwhhw15mmtdd,zipfian,"[""gubila"",""dimate"",""nodebu"",""mekugo""]",0.0,1.0,gubila,kudino,gubila,kudino,gubila,gubila,dimate,nodebu,mekugo,1,1,57
segmentation_trial,517351,0.0-11.0-0.1,6,"[""nodebu"",""dimate"",""mekugo"",""gubila""]",sjxnwhhw15mmtdd,zipfian,"[""gubila"",""dimate"",""nodebu"",""mekugo""]",0.0,1.0,nodebu,bimegu,nodebu,bimegu,nodebu,gubila,dimate,nodebu,mekugo,3,1,160
segmentation_trial,526167,0.0-11.0-0.2,6,"[""nodebu"",""dimate"",""mekugo"",""gubila""]",sjxnwhhw15mmtdd,zipfian,"[""gubila"",""dimate"",""nodebu"",""mekugo""]",1.0,1.0,mekugo,labude,labude,mekugo,mekugo,gubila,dimate,nodebu,mekugo,4,1,122
segmentation_trial,583509,0.0-11.0-0.3,6,"[""nodebu"",""dimate"",""mekugo"",""gubila""]",sjxnwhhw15mmtdd,zipfian,"[""gubila"",""dimate"",""nodebu"",""mekugo""]",1.0,1.0,gubila,tegoma,tegoma,gubila,gubila,gubila,dimate,nodebu,mekugo,1,1,59
segmentation_trial,603976,0.0-11.0-0.4,6,"[""nodebu"",""dimate"",""mekugo"",""gubila""]",sjxnwhhw15mmtdd,zipfian,"[""gubila"",""dimate"",""nodebu"",""mekugo""]",1.0,1.0,nodebu,labude,labude,nodebu,nodebu,gubila,dimate,nodebu,mekugo,3,1,162
segmentation_trial,614170,0.0-11.0-0.5,6,"[""nodebu"",""dimate"",""mekugo"",""gubila""]",sjxnwhhw15mmtdd,zipfian,"[""gubila"",""dimate"",""nodebu"",""mekugo""]",0.0,0.0,mekugo,tegoma,tegoma,mekugo,tegoma,gubila,dimate,nodebu,mekugo,4,1,123
segmentation_trial,621220,0.0-11.0-0.6,6,"[""nodebu"",""dimate"",""mekugo"",""gubila""]",sjxnwhhw15mmtdd,zipfian,"[""gubila"",""dimate"",""nodebu"",""mekugo""]",0.0,1.0,gubila,bimegu,gubila,bimegu,gubila,gubila,dimate,nodebu,mekugo,1,1,56
segmentation_trial,627441,0.0-11.0-0.7,6,"[""nodebu"",""dimate"",""mekugo"",""gubila""]",sjxnwhhw15mmtdd,zipfian,"[""gubila"",""dimate"",""nodebu"",""mekugo""]",0.0,1.0,nodebu,kudino,nodebu,kudino,nodebu,gubila,dimate,nodebu,mekugo,3,1,161
segmentation_trial,633622,0.0-11.0-0.8,6,"[""nodebu"",""dimate"",""mekugo"",""gubila""]",sjxnwhhw15mmtdd,zipfian,"[""gubila"",""dimate"",""nodebu"",""mekugo""]",0.0,0.0,dimate,labude,labude,dimate,labude,gubila,dimate,nodebu,mekugo,2,1,30
segmentation_trial,639527,0.0-11.0-0.9,6,"[""nodebu"",""dimate"",""mekugo"",""gubila""]",sjxnwhhw15mmtdd,zipfian,"[""gubila"",""dimate"",""nodebu"",""mekugo""]",0.0,1.0,mekugo,bimegu,mekugo,bimegu,mekugo,gubila,dimate,nodebu,mekugo,4,1,120
segmentation_trial,646393,0.0-11.0-0.10,6,"[""nodebu"",""dimate"",""mekugo"",""gubila""]",sjxnwhhw15mmtdd,zipfian,"[""gubila"",""dimate"",""nodebu"",""mekugo""]",0.0,1.0,dimate,kudino,dimate,kudino,dimate,gubila,dimate,nodebu,mekugo,2,1,29
segmentation_trial,655653,0.0-11.0-0.11,6,"[""nodebu"",""dimate"",""mekugo"",""gubila""]",sjxnwhhw15mmtdd,zipfian,"[""gubila"",""dimate"",""nodebu"",""mekugo""]",1.0,1.0,nodebu,tegoma,tegoma,nodebu,nodebu,gubila,dimate,nodebu,mekugo,3,1,163
segmentation_trial,661764,0.0-11.0-0.12,6,"[""nodebu"",""dimate"",""mekugo"",""gubila""]",sjxnwhhw15mmtdd,zipfian,"[""gubila"",""dimate"",""nodebu"",""mekugo""]",0.0,1.0,dimate,bimegu,dimate,bimegu,dimate,gubila,dimate,nodebu,mekugo,2,1,28
segmentation_trial,667762,0.0-11.0-0.13,6,"[""nodebu"",""dimate"",""mekugo"",""gubila""]",sjxnwhhw15mmtdd,zipfian,"[""gubila"",""dimate"",""nodebu"",""mekugo""]",0.0,0.0,gubila,labude,labude,gubila,labude,gubila,dimate,nodebu,mekugo,1,1,58
segmentation_trial,674000,0.0-11.0-0.14,6,"[""nodebu"",""dimate"",""mekugo"",""gubila""]",sjxnwhhw15mmtdd,zipfian,"[""gubila"",""dimate"",""nodebu"",""mekugo""]",0.0,1.0,mekugo,kudino,mekugo,kudino,mekugo,gubila,dimate,nodebu,mekugo,4,1,121
segmentation_trial,680137,0.0-11.0-0.15,6,"[""nodebu"",""dimate"",""mekugo"",""gubila""]",sjxnwhhw15mmtdd,zipfian,"[""gubila"",""dimate"",""nodebu"",""mekugo""]",0.0,0.0,dimate,tegoma,tegoma,dimate,tegoma,gubila,dimate,nodebu,mekugo,2,1,31
segmentation_trial,223040,0.0-11.0-0.0,3,"[""dogiba"",""kalegu"",""tebodi"",""minato""]",jurh3dznfb7h8l3,uniform,,0.0,0.0,tebodi,gitoka,gitoka,tebodi,gitoka,,,,,0,1,169
segmentation_trial,229297,0.0-11.0-0.1,3,"[""dogiba"",""kalegu"",""tebodi"",""minato""]",jurh3dznfb7h8l3,uniform,,1.0,1.0,dogiba,lebado,lebado,dogiba,dogiba,,,,,0,1,34
segmentation_trial,235436,0.0-11.0-0.2,3,"[""dogiba"",""kalegu"",""tebodi"",""minato""]",jurh3dznfb7h8l3,uniform,,0.0,1.0,tebodi,bogumi,tebodi,bogumi,tebodi,,,,,0,1,168
segmentation_trial,241948,0.0-11.0-0.3,3,"[""dogiba"",""kalegu"",""tebodi"",""minato""]",jurh3dznfb7h8l3,uniform,,1.0,1.0,kalegu,lebado,lebado,kalegu,kalegu,,,,,0,1,70
segmentation_trial,247949,0.0-11.0-0.4,3,"[""dogiba"",""kalegu"",""tebodi"",""minato""]",jurh3dznfb7h8l3,uniform,,0.0,1.0,dogiba,nadite,dogiba,nadite,dogiba,,,,,0,1,35
segmentation_trial,254535,0.0-11.0-0.5,3,"[""dogiba"",""kalegu"",""tebodi"",""minato""]",jurh3dznfb7h8l3,uniform,,1.0,1.0,minato,lebado,lebado,minato,minato,,,,,0,1,130
segmentation_trial,260403,0.0-11.0-0.6,3,"[""dogiba"",""kalegu"",""tebodi"",""minato""]",jurh3dznfb7h8l3,uniform,,0.0,1.0,kalegu,bogumi,kalegu,bogumi,kalegu,,,,,0,1,68
segmentation_trial,266621,0.0-11.0-0.7,3,"[""dogiba"",""kalegu"",""tebodi"",""minato""]",jurh3dznfb7h8l3,uniform,,1.0,1.0,dogiba,gitoka,gitoka,dogiba,dogiba,,,,,0,1,33
segmentation_trial,272529,0.0-11.0-0.8,3,"[""dogiba"",""kalegu"",""tebodi"",""minato""]",jurh3dznfb7h8l3,uniform,,1.0,0.0,minato,bogumi,minato,bogumi,bogumi,,,,,0,1,128
segmentation_trial,278521,0.0-11.0-0.9,3,"[""dogiba"",""kalegu"",""tebodi"",""minato""]",jurh3dznfb7h8l3,uniform,,0.0,1.0,kalegu,nadite,kalegu,nadite,kalegu,,,,,0,1,71
segmentation_trial,284356,0.0-11.0-0.10,3,"[""dogiba"",""kalegu"",""tebodi"",""minato""]",jurh3dznfb7h8l3,uniform,,1.0,1.0,tebodi,lebado,lebado,tebodi,tebodi,,,,,0,1,170
segmentation_trial,290290,0.0-11.0-0.11,3,"[""dogiba"",""kalegu"",""tebodi"",""minato""]",jurh3dznfb7h8l3,uniform,,0.0,1.0,dogiba,bogumi,dogiba,bogumi,dogiba,,,,,0,1,32
segmentation_trial,296008,0.0-11.0-0.12,3,"[""dogiba"",""kalegu"",""tebodi"",""minato""]",jurh3dznfb7h8l3,uniform,,0.0,1.0,tebodi,nadite,tebodi,nadite,tebodi,,,,,0,1,171
segmentation_trial,302987,0.0-11.0-0.13,3,"[""dogiba"",""kalegu"",""tebodi"",""minato""]",jurh3dznfb7h8l3,uniform,,1.0,1.0,minato,gitoka,gitoka,minato,minato,,,,,0,1,129
segmentation_trial,309786,0.0-11.0-0.14,3,"[""dogiba"",""kalegu"",""tebodi"",""minato""]",jurh3dznfb7h8l3,uniform,,1.0,1.0,kalegu,gitoka,gitoka,kalegu,kalegu,,,,,0,1,69
segmentation_trial,317024,0.0-11.0-0.15,3,"[""dogiba"",""kalegu"",""tebodi"",""minato""]",jurh3dznfb7h8l3,uniform,,0.0,1.0,minato,nadite,minato,nadite,minato,,,,,0,1,131
segmentation_trial,215127,0.0-11.0-0.0,5,"[""matolu"",""nubola"",""mogude"",""kediba""]",dj4p954vo2tx2oq,zipfian,"[""kediba"",""matolu"",""nubola"",""mogude""]",0.0,1.0,kediba,tobanu,kediba,tobanu,kediba,kediba,matolu,nubola,mogude,1,2,75
segmentation_trial,221358,0.0-11.0-0.1,5,"[""matolu"",""nubola"",""mogude"",""kediba""]",dj4p954vo2tx2oq,zipfian,"[""kediba"",""matolu"",""nubola"",""mogude""]",0.0,0.0,matolu,gukema,gukema,matolu,gukema,kediba,matolu,nubola,mogude,2,2,117
segmentation_trial,227886,0.0-11.0-0.2,5,"[""matolu"",""nubola"",""mogude"",""kediba""]",dj4p954vo2tx2oq,zipfian,"[""kediba"",""matolu"",""nubola"",""mogude""]",1.0,0.0,mogude,delubo,mogude,delubo,delubo,kediba,matolu,nubola,mogude,4,2,136
segmentation_trial,233904,0.0-11.0-0.3,5,"[""matolu"",""nubola"",""mogude"",""kediba""]",dj4p954vo2tx2oq,zipfian,"[""kediba"",""matolu"",""nubola"",""mogude""]",1.0,1.0,kediba,gukema,gukema,kediba,kediba,kediba,matolu,nubola,mogude,1,2,73
segmentation_trial,240267,0.0-11.0-0.4,5,"[""matolu"",""nubola"",""mogude"",""kediba""]",dj4p954vo2tx2oq,zipfian,"[""kediba"",""matolu"",""nubola"",""mogude""]",1.0,0.0,mogude,tobanu,mogude,tobanu,tobanu,kediba,matolu,nubola,mogude,4,2,139
segmentation_trial,246701,0.0-11.0-0.5,5,"[""matolu"",""nubola"",""mogude"",""kediba""]",dj4p954vo2tx2oq,zipfian,"[""kediba"",""matolu"",""nubola"",""mogude""]",1.0,0.0,kediba,delubo,kediba,delubo,delubo,kediba,matolu,nubola,mogude,1,2,72
segmentation_trial,254432,0.0-11.0-0.6,5,"[""matolu"",""nubola"",""mogude"",""kediba""]",dj4p954vo2tx2oq,zipfian,"[""kediba"",""matolu"",""nubola"",""mogude""]",0.0,1.0,nubola,tobanu,nubola,tobanu,nubola,kediba,matolu,nubola,mogude,3,2,167
segmentation_trial,261826,0.0-11.0-0.7,5,"[""matolu"",""nubola"",""mogude"",""kediba""]",dj4p954vo2tx2oq,zipfian,"[""kediba"",""matolu"",""nubola"",""mogude""]",0.0,1.0,matolu,delubo,matolu,delubo,matolu,kediba,matolu,nubola,mogude,2,2,116
segmentation_trial,270671,0.0-11.0-0.8,5,"[""matolu"",""nubola"",""mogude"",""kediba""]",dj4p954vo2tx2oq,zipfian,"[""kediba"",""matolu"",""nubola"",""mogude""]",0.0,0.0,nubola,lamodi,lamodi,nubola,lamodi,kediba,matolu,nubola,mogude,3,2,166
segmentation_trial,277791,0.0-11.0-0.9,5,"[""matolu"",""nubola"",""mogude"",""kediba""]",dj4p954vo2tx2oq,zipfian,"[""kediba"",""matolu"",""nubola"",""mogude""]",1.0,1.0,mogude,gukema,gukema,mogude,mogude,kediba,matolu,nubola,mogude,4,2,137
segmentation_trial,286493,0.0-11.0-0.10,5,"[""matolu"",""nubola"",""mogude"",""kediba""]",dj4p954vo2tx2oq,zipfian,"[""kediba"",""matolu"",""nubola"",""mogude""]",0.0,0.0,matolu,lamodi,lamodi,matolu,lamodi,kediba,matolu,nubola,mogude,2,2,118
segmentation_trial,292712,0.0-11.0-0.11,5,"[""matolu"",""nubola"",""mogude"",""kediba""]",dj4p954vo2tx2oq,zipfian,"[""kediba"",""matolu"",""nubola"",""mogude""]",1.0,0.0,nubola,delubo,nubola,delubo,delubo,kediba,matolu,nubola,mogude,3,2,164
segmentation_trial,298953,0.0-11.0-0.12,5,"[""matolu"",""nubola"",""mogude"",""kediba""]",dj4p954vo2tx2oq,zipfian,"[""kediba"",""matolu"",""nubola"",""mogude""]",1.0,1.0,mogude,lamodi,lamodi,mogude,mogude,kediba,matolu,nubola,mogude,4,2,138
segmentation_trial,308769,0.0-11.0-0.13,5,"[""matolu"",""nubola"",""mogude"",""kediba""]",dj4p954vo2tx2oq,zipfian,"[""kediba"",""matolu"",""nubola"",""mogude""]",0.0,0.0,nubola,gukema,gukema,nubola,gukema,kediba,matolu,nubola,mogude,3,2,165
segmentation_trial,314950,0.0-11.0-0.14,5,"[""matolu"",""nubola"",""mogude"",""kediba""]",dj4p954vo2tx2oq,zipfian,"[""kediba"",""matolu"",""nubola"",""mogude""]",0.0,0.0,kediba,lamodi,lamodi,kediba,lamodi,kediba,matolu,nubola,mogude,1,2,74
segmentation_trial,321179,0.0-11.0-0.15,5,"[""matolu"",""nubola"",""mogude"",""kediba""]",dj4p954vo2tx2oq,zipfian,"[""kediba"",""matolu"",""nubola"",""mogude""]",1.0,0.0,matolu,tobanu,matolu,tobanu,tobanu,kediba,matolu,nubola,mogude,2,2,119
segmentation_trial,262102,0.0-11.0-0.0,2,"[""lakubi"",""negado"",""mudile"",""kitena""]",ne9s69bgmu3hf42,zipfian,"[""lakubi"",""mudile"",""kitena"",""negado""]",0.0,1.0,negado,binaku,negado,binaku,negado,lakubi,mudile,kitena,negado,4,1,152
segmentation_trial,269524,0.0-11.0-0.1,2,"[""lakubi"",""negado"",""mudile"",""kitena""]",ne9s69bgmu3hf42,zipfian,"[""lakubi"",""mudile"",""kitena"",""negado""]",0.0,1.0,lakubi,dokine,lakubi,dokine,lakubi,lakubi,mudile,kitena,negado,1,1,97
segmentation_trial,276097,0.0-11.0-0.2,2,"[""lakubi"",""negado"",""mudile"",""kitena""]",ne9s69bgmu3hf42,zipfian,"[""lakubi"",""mudile"",""kitena"",""negado""]",1.0,1.0,mudile,galedi,galedi,mudile,mudile,lakubi,mudile,kitena,negado,2,1,142
segmentation_trial,286007,0.0-11.0-0.3,2,"[""lakubi"",""negado"",""mudile"",""kitena""]",ne9s69bgmu3hf42,zipfian,"[""lakubi"",""mudile"",""kitena"",""negado""]",1.0,0.0,kitena,dokine,kitena,dokine,dokine,lakubi,mudile,kitena,negado,3,1,81
segmentation_trial,293016,0.0-11.0-0.4,2,"[""lakubi"",""negado"",""mudile"",""kitena""]",ne9s69bgmu3hf42,zipfian,"[""lakubi"",""mudile"",""kitena"",""negado""]",0.0,0.0,negado,galedi,galedi,negado,galedi,lakubi,mudile,kitena,negado,4,1,154
segmentation_trial,299858,0.0-11.0-0.5,2,"[""lakubi"",""negado"",""mudile"",""kitena""]",ne9s69bgmu3hf42,zipfian,"[""lakubi"",""mudile"",""kitena"",""negado""]",1.0,1.0,mudile,temula,temula,mudile,mudile,lakubi,mudile,kitena,negado,2,1,143
segmentation_trial,306265,0.0-11.0-0.6,2,"[""lakubi"",""negado"",""mudile"",""kitena""]",ne9s69bgmu3hf42,zipfian,"[""lakubi"",""mudile"",""kitena"",""negado""]",1.0,1.0,lakubi,galedi,galedi,lakubi,lakubi,lakubi,mudile,kitena,negado,1,1,98
segmentation_trial,312438,0.0-11.0-0.7,2,"[""lakubi"",""negado"",""mudile"",""kitena""]",ne9s69bgmu3hf42,zipfian,"[""lakubi"",""mudile"",""kitena"",""negado""]",0.0,1.0,mudile,dokine,mudile,dokine,mudile,lakubi,mudile,kitena,negado,2,1,141
segmentation_trial,318596,0.0-11.0-0.8,2,"[""lakubi"",""negado"",""mudile"",""kitena""]",ne9s69bgmu3hf42,zipfian,"[""lakubi"",""mudile"",""kitena"",""negado""]",0.0,1.0,lakubi,binaku,lakubi,binaku,lakubi,lakubi,mudile,kitena,negado,1,1,96
segmentation_trial,324951,0.0-11.0-0.9,2,"[""lakubi"",""negado"",""mudile"",""kitena""]",ne9s69bgmu3hf42,zipfian,"[""lakubi"",""mudile"",""kitena"",""negado""]",1.0,1.0,kitena,temula,temula,kitena,kitena,lakubi,mudile,kitena,negado,3,1,83
segmentation_trial,331041,0.0-11.0-0.10,2,"[""lakubi"",""negado"",""mudile"",""kitena""]",ne9s69bgmu3hf42,zipfian,"[""lakubi"",""mudile"",""kitena"",""negado""]",0.0,1.0,mudile,binaku,mudile,binaku,mudile,lakubi,mudile,kitena,negado,2,1,140
segmentation_trial,341519,0.0-11.0-0.11,2,"[""lakubi"",""negado"",""mudile"",""kitena""]",ne9s69bgmu3hf42,zipfian,"[""lakubi"",""mudile"",""kitena"",""negado""]",0.0,0.0,negado,temula,temula,negado,temula,lakubi,mudile,kitena,negado,4,1,155
segmentation_trial,347808,0.0-11.0-0.12,2,"[""lakubi"",""negado"",""mudile"",""kitena""]",ne9s69bgmu3hf42,zipfian,"[""lakubi"",""mudile"",""kitena"",""negado""]",0.0,1.0,kitena,binaku,kitena,binaku,kitena,lakubi,mudile,kitena,negado,3,1,80
segmentation_trial,354200,0.0-11.0-0.13,2,"[""lakubi"",""negado"",""mudile"",""kitena""]",ne9s69bgmu3hf42,zipfian,"[""lakubi"",""mudile"",""kitena"",""negado""]",1.0,1.0,lakubi,temula,temula,lakubi,lakubi,lakubi,mudile,kitena,negado,1,1,99
segmentation_trial,362810,0.0-11.0-0.14,2,"[""lakubi"",""negado"",""mudile"",""kitena""]",ne9s69bgmu3hf42,zipfian,"[""lakubi"",""mudile"",""kitena"",""negado""]",1.0,0.0,negado,dokine,negado,dokine,dokine,lakubi,mudile,kitena,negado,4,1,153
segmentation_trial,369215,0.0-11.0-0.15,2,"[""lakubi"",""negado"",""mudile"",""kitena""]",ne9s69bgmu3hf42,zipfian,"[""lakubi"",""mudile"",""kitena"",""negado""]",0.0,0.0,kitena,galedi,galedi,kitena,galedi,lakubi,mudile,kitena,negado,3,1,82
segmentation_trial,265990,0.0-11.0-0.0,2,"[""lakubi"",""negado"",""mudile"",""kitena""]",1bvqx9leh8xb5bm,uniform,,0.0,1.0,mudile,binaku,mudile,binaku,mudile,,,,,0,1,140
segmentation_trial,274093,0.0-11.0-0.1,2,"[""lakubi"",""negado"",""mudile"",""kitena""]",1bvqx9leh8xb5bm,uniform,,1.0,1.0,lakubi,temula,temula,lakubi,lakubi,,,,,0,1,99
segmentation_trial,280701,0.0-11.0-0.2,2,"[""lakubi"",""negado"",""mudile"",""kitena""]",1bvqx9leh8xb5bm,uniform,,0.0,1.0,kitena,dokine,kitena,dokine,kitena,,,,,0,1,81
segmentation_trial,308461,0.0-11.0-0.3,2,"[""lakubi"",""negado"",""mudile"",""kitena""]",1bvqx9leh8xb5bm,uniform,,1.0,0.0,negado,binaku,negado,binaku,binaku,,,,,0,1,152
segmentation_trial,316117,0.0-11.0-0.4,2,"[""lakubi"",""negado"",""mudile"",""kitena""]",1bvqx9leh8xb5bm,uniform,,1.0,1.0,mudile,galedi,galedi,mudile,mudile,,,,,0,1,142
segmentation_trial,322781,0.0-11.0-0.5,2,"[""lakubi"",""negado"",""mudile"",""kitena""]",1bvqx9leh8xb5bm,uniform,,0.0,1.0,lakubi,dokine,lakubi,dokine,lakubi,,,,,0,1,97
segmentation_trial,329677,0.0-11.0-0.6,2,"[""lakubi"",""negado"",""mudile"",""kitena""]",1bvqx9leh8xb5bm,uniform,,0.0,0.0,negado,galedi,galedi,negado,galedi,,,,,0,1,154
segmentation_trial,336381,0.0-11.0-0.7,2,"[""lakubi"",""negado"",""mudile"",""kitena""]",1bvqx9leh8xb5bm,uniform,,0.0,1.0,kitena,binaku,kitena,binaku,kitena,,,,,0,1,80
segmentation_trial,342773,0.0-11.0-0.8,2,"[""lakubi"",""negado"",""mudile"",""kitena""]",1bvqx9leh8xb5bm,uniform,,0.0,1.0,negado,dokine,negado,dokine,negado,,,,,0,1,153
segmentation_trial,351309,0.0-11.0-0.9,2,"[""lakubi"",""negado"",""mudile"",""kitena""]",1bvqx9leh8xb5bm,uniform,,1.0,1.0,kitena,temula,temula,kitena,kitena,,,,,0,1,83
segmentation_trial,357477,0.0-11.0-0.10,2,"[""lakubi"",""negado"",""mudile"",""kitena""]",1bvqx9leh8xb5bm,uniform,,0.0,1.0,mudile,dokine,mudile,dokine,mudile,,,,,0,1,141
segmentation_trial,367909,0.0-11.0-0.11,2,"[""lakubi"",""negado"",""mudile"",""kitena""]",1bvqx9leh8xb5bm,uniform,,0.0,0.0,lakubi,galedi,galedi,lakubi,galedi,,,,,0,1,98
segmentation_trial,374029,0.0-11.0-0.12,2,"[""lakubi"",""negado"",""mudile"",""kitena""]",1bvqx9leh8xb5bm,uniform,,1.0,1.0,mudile,temula,temula,mudile,mudile,,,,,0,1,143
segmentation_trial,380925,0.0-11.0-0.13,2,"[""lakubi"",""negado"",""mudile"",""kitena""]",1bvqx9leh8xb5bm,uniform,,0.0,1.0,lakubi,binaku,lakubi,binaku,lakubi,,,,,0,1,96
segmentation_trial,387805,0.0-11.0-0.14,2,"[""lakubi"",""negado"",""mudile"",""kitena""]",1bvqx9leh8xb5bm,uniform,,0.0,0.0,kitena,galedi,galedi,kitena,galedi,,,,,0,1,82
segmentation_trial,394877,0.0-11.0-0.15,2,"[""lakubi"",""negado"",""mudile"",""kitena""]",1bvqx9leh8xb5bm,uniform,,1.0,1.0,negado,temula,temula,negado,negado,,,,,0,1,155
segmentation_trial,406712,0.0-11.0-0.0,6,"[""nodebu"",""dimate"",""mekugo"",""gubila""]",d7a9m5g8rhhd26q,uniform,,0.0,1.0,mekugo,kudino,mekugo,kudino,mekugo,,,,,0,1,121
segmentation_trial,413245,0.0-11.0-0.1,6,"[""nodebu"",""dimate"",""mekugo"",""gubila""]",d7a9m5g8rhhd26q,uniform,,0.0,1.0,nodebu,bimegu,nodebu,bimegu,nodebu,,,,,0,1,160
segmentation_trial,419293,0.0-11.0-0.2,6,"[""nodebu"",""dimate"",""mekugo"",""gubila""]",d7a9m5g8rhhd26q,uniform,,1.0,1.0,dimate,labude,labude,dimate,dimate,,,,,0,1,30
segmentation_trial,427093,0.0-11.0-0.3,6,"[""nodebu"",""dimate"",""mekugo"",""gubila""]",d7a9m5g8rhhd26q,uniform,,0.0,1.0,gubila,kudino,gubila,kudino,gubila,,,,,0,1,57
segmentation_trial,432812,0.0-11.0-0.4,6,"[""nodebu"",""dimate"",""mekugo"",""gubila""]",d7a9m5g8rhhd26q,uniform,,0.0,0.0,nodebu,labude,labude,nodebu,labude,,,,,0,1,162
segmentation_trial,439761,0.0-11.0-0.5,6,"[""nodebu"",""dimate"",""mekugo"",""gubila""]",d7a9m5g8rhhd26q,uniform,,0.0,1.0,gubila,bimegu,gubila,bimegu,gubila,,,,,0,1,56
segmentation_trial,445693,0.0-11.0-0.6,6,"[""nodebu"",""dimate"",""mekugo"",""gubila""]",d7a9m5g8rhhd26q,uniform,,0.0,0.0,mekugo,labude,labude,mekugo,labude,,,,,0,1,122
segmentation_trial,453143,0.0-11.0-0.7,6,"[""nodebu"",""dimate"",""mekugo"",""gubila""]",d7a9m5g8rhhd26q,uniform,,1.0,0.0,dimate,kudino,dimate,kudino,kudino,,,,,0,1,29
segmentation_trial,459658,0.0-11.0-0.8,6,"[""nodebu"",""dimate"",""mekugo"",""gubila""]",d7a9m5g8rhhd26q,uniform,,1.0,1.0,mekugo,tegoma,tegoma,mekugo,mekugo,,,,,0,1,123
segmentation_trial,465709,0.0-11.0-0.9,6,"[""nodebu"",""dimate"",""mekugo"",""gubila""]",d7a9m5g8rhhd26q,uniform,,0.0,1.0,dimate,bimegu,dimate,bimegu,dimate,,,,,0,1,28
segmentation_trial,472459,0.0-11.0-0.10,6,"[""nodebu"",""dimate"",""mekugo"",""gubila""]",d7a9m5g8rhhd26q,uniform,,0.0,0.0,gubila,labude,labude,gubila,labude,,,,,0,1,58
segmentation_trial,478143,0.0-11.0-0.11,6,"[""nodebu"",""dimate"",""mekugo"",""gubila""]",d7a9m5g8rhhd26q,uniform,,0.0,1.0,mekugo,bimegu,mekugo,bimegu,mekugo,,,,,0,1,120
segmentation_trial,485208,0.0-11.0-0.12,6,"[""nodebu"",""dimate"",""mekugo"",""gubila""]",d7a9m5g8rhhd26q,uniform,,1.0,0.0,nodebu,kudino,nodebu,kudino,kudino,,,,,0,1,161
segmentation_trial,492076,0.0-11.0-0.13,6,"[""nodebu"",""dimate"",""mekugo"",""gubila""]",d7a9m5g8rhhd26q,uniform,,1.0,1.0,dimate,tegoma,tegoma,dimate,dimate,,,,,0,1,31
segmentation_trial,503174,0.0-11.0-0.14,6,"[""nodebu"",""dimate"",""mekugo"",""gubila""]",d7a9m5g8rhhd26q,uniform,,1.0,1.0,gubila,tegoma,tegoma,gubila,gubila,,,,,0,1,59
segmentation_trial,510206,0.0-11.0-0.15,6,"[""nodebu"",""dimate"",""mekugo"",""gubila""]",d7a9m5g8rhhd26q,uniform,,1.0,1.0,nodebu,tegoma,tegoma,nodebu,nodebu,,,,,0,1,163
segmentation_trial,218266,0.0-11.0-0.0,1,"[""kulego"",""nagitu"",""tobuma"",""midobe""]",ck3d513v3staxa9,uniform,,0.0,1.0,midobe,lemaku,midobe,lemaku,midobe,,,,,0,1,127
segmentation_trial,225122,0.0-11.0-0.1,1,"[""kulego"",""nagitu"",""tobuma"",""midobe""]",ck3d513v3staxa9,uniform,,0.0,0.0,kulego,gibeto,gibeto,kulego,gibeto,,,,,0,1,90
segmentation_trial,231266,0.0-11.0-0.2,1,"[""kulego"",""nagitu"",""tobuma"",""midobe""]",ck3d513v3staxa9,uniform,,0.0,1.0,nagitu,lemaku,nagitu,lemaku,nagitu,,,,,0,1,151
segmentation_trial,237826,0.0-11.0-0.3,1,"[""kulego"",""nagitu"",""tobuma"",""midobe""]",ck3d513v3staxa9,uniform,,1.0,1.0,midobe,dotumi,dotumi,midobe,midobe,,,,,0,1,125
segmentation_trial,243667,0.0-11.0-0.4,1,"[""kulego"",""nagitu"",""tobuma"",""midobe""]",ck3d513v3staxa9,uniform,,0.0,0.0,tobuma,gibeto,gibeto,tobuma,gibeto,,,,,0,1,190
segmentation_trial,250123,0.0-11.0-0.5,1,"[""kulego"",""nagitu"",""tobuma"",""midobe""]",ck3d513v3staxa9,uniform,,0.0,1.0,kulego,bugona,kulego,bugona,kulego,,,,,0,1,88
segmentation_trial,256379,0.0-11.0-0.6,1,"[""kulego"",""nagitu"",""tobuma"",""midobe""]",ck3d513v3staxa9,uniform,,1.0,1.0,tobuma,dotumi,dotumi,tobuma,tobuma,,,,,0,1,189
segmentation_trial,262692,0.0-11.0-0.7,1,"[""kulego"",""nagitu"",""tobuma"",""midobe""]",ck3d513v3staxa9,uniform,,0.0,1.0,kulego,lemaku,kulego,lemaku,kulego,,,,,0,1,91
segmentation_trial,268932,0.0-11.0-0.8,1,"[""kulego"",""nagitu"",""tobuma"",""midobe""]",ck3d513v3staxa9,uniform,,1.0,1.0,nagitu,dotumi,dotumi,nagitu,nagitu,,,,,0,1,149
segmentation_trial,274916,0.0-11.0-0.9,1,"[""kulego"",""nagitu"",""tobuma"",""midobe""]",ck3d513v3staxa9,uniform,,0.0,1.0,tobuma,bugona,tobuma,bugona,tobuma,,,,,0,1,188
segmentation_trial,280845,0.0-11.0-0.10,1,"[""kulego"",""nagitu"",""tobuma"",""midobe""]",ck3d513v3staxa9,uniform,,0.0,0.0,midobe,gibeto,gibeto,midobe,gibeto,,,,,0,1,126
segmentation_trial,287044,0.0-11.0-0.11,1,"[""kulego"",""nagitu"",""tobuma"",""midobe""]",ck3d513v3staxa9,uniform,,0.0,1.0,tobuma,lemaku,tobuma,lemaku,tobuma,,,,,0,1,191
segmentation_trial,293100,0.0-11.0-0.12,1,"[""kulego"",""nagitu"",""tobuma"",""midobe""]",ck3d513v3staxa9,uniform,,1.0,1.0,kulego,dotumi,dotumi,kulego,kulego,,,,,0,1,89
segmentation_trial,299333,0.0-11.0-0.13,1,"[""kulego"",""nagitu"",""tobuma"",""midobe""]",ck3d513v3staxa9,uniform,,0.0,1.0,midobe,bugona,midobe,bugona,midobe,,,,,0,1,124
segmentation_trial,305254,0.0-11.0-0.14,1,"[""kulego"",""nagitu"",""tobuma"",""midobe""]",ck3d513v3staxa9,uniform,,0.0,0.0,nagitu,gibeto,gibeto,nagitu,gibeto,,,,,0,1,150
segmentation_trial,311790,0.0-11.0-0.15,1,"[""kulego"",""nagitu"",""tobuma"",""midobe""]",ck3d513v3staxa9,uniform,,0.0,1.0,nagitu,bugona,nagitu,bugona,nagitu,,,,,0,1,148
segmentation_trial,251022,0.0-11.0-0.0,5,"[""matolu"",""nubola"",""mogude"",""kediba""]",acjghldz1kdueh7,uniform,,1.0,1.0,kediba,gukema,gukema,kediba,kediba,,,,,0,2,73
segmentation_trial,258981,0.0-11.0-0.1,5,"[""matolu"",""nubola"",""mogude"",""kediba""]",acjghldz1kdueh7,uniform,,0.0,1.0,nubola,delubo,nubola,delubo,nubola,,,,,0,2,164
segmentation_trial,265404,0.0-11.0-0.2,5,"[""matolu"",""nubola"",""mogude"",""kediba""]",acjghldz1kdueh7,uniform,,1.0,1.0,kediba,lamodi,lamodi,kediba,kediba,,,,,0,2,74
segmentation_trial,271916,0.0-11.0-0.3,5,"[""matolu"",""nubola"",""mogude"",""kediba""]",acjghldz1kdueh7,uniform,,0.0,1.0,matolu,tobanu,matolu,tobanu,matolu,,,,,0,2,119
segmentation_trial,278947,0.0-11.0-0.4,5,"[""matolu"",""nubola"",""mogude"",""kediba""]",acjghldz1kdueh7,uniform,,0.0,1.0,kediba,delubo,kediba,delubo,kediba,,,,,0,2,72
segmentation_trial,285315,0.0-11.0-0.5,5,"[""matolu"",""nubola"",""mogude"",""kediba""]",acjghldz1kdueh7,uniform,,0.0,1.0,mogude,tobanu,mogude,tobanu,mogude,,,,,0,2,139
segmentation_trial,293138,0.0-11.0-0.6,5,"[""matolu"",""nubola"",""mogude"",""kediba""]",acjghldz1kdueh7,uniform,,1.0,1.0,nubola,lamodi,lamodi,nubola,nubola,,,,,0,2,166
segmentation_trial,301193,0.0-11.0-0.7,5,"[""matolu"",""nubola"",""mogude"",""kediba""]",acjghldz1kdueh7,uniform,,0.0,1.0,mogude,delubo,mogude,delubo,mogude,,,,,0,2,136
segmentation_trial,308441,0.0-11.0-0.8,5,"[""matolu"",""nubola"",""mogude"",""kediba""]",acjghldz1kdueh7,uniform,,0.0,0.0,matolu,lamodi,lamodi,matolu,lamodi,,,,,0,2,118
segmentation_trial,315032,0.0-11.0-0.9,5,"[""matolu"",""nubola"",""mogude"",""kediba""]",acjghldz1kdueh7,uniform,,0.0,1.0,kediba,tobanu,kediba,tobanu,kediba,,,,,0,2,75
segmentation_trial,322096,0.0-11.0-0.10,5,"[""matolu"",""nubola"",""mogude"",""kediba""]",acjghldz1kdueh7,uniform,,1.0,1.0,mogude,lamodi,lamodi,mogude,mogude,,,,,0,2,138
segmentation_trial,328383,0.0-11.0-0.11,5,"[""matolu"",""nubola"",""mogude"",""kediba""]",acjghldz1kdueh7,uniform,,0.0,1.0,nubola,tobanu,nubola,tobanu,nubola,,,,,0,2,167
segmentation_trial,334647,0.0-11.0-0.12,5,"[""matolu"",""nubola"",""mogude"",""kediba""]",acjghldz1kdueh7,uniform,,1.0,0.0,matolu,delubo,matolu,delubo,delubo,,,,,0,2,116
segmentation_trial,340958,0.0-11.0-0.13,5,"[""matolu"",""nubola"",""mogude"",""kediba""]",acjghldz1kdueh7,uniform,,1.0,1.0,mogude,gukema,gukema,mogude,mogude,,,,,0,2,137
segmentation_trial,347830,0.0-11.0-0.14,5,"[""matolu"",""nubola"",""mogude"",""kediba""]",acjghldz1kdueh7,uniform,,1.0,1.0,nubola,gukema,gukema,nubola,nubola,,,,,0,2,165
segmentation_trial,354198,0.0-11.0-0.15,5,"[""matolu"",""nubola"",""mogude"",""kediba""]",acjghldz1kdueh7,uniform,,1.0,1.0,matolu,gukema,gukema,matolu,matolu,,,,,0,2,117
segmentation_trial,370487,0.0-11.0-0.0,2,"[""lakubi"",""negado"",""mudile"",""kitena""]",qgujpxhqyrcuhsb,zipfian,"[""lakubi"",""kitena"",""negado"",""mudile""]",0.0,0.0,kitena,temula,temula,kitena,temula,lakubi,kitena,negado,mudile,2,1,83
segmentation_trial,377033,0.0-11.0-0.1,2,"[""lakubi"",""negado"",""mudile"",""kitena""]",qgujpxhqyrcuhsb,zipfian,"[""lakubi"",""kitena"",""negado"",""mudile""]",0.0,1.0,negado,dokine,negado,dokine,negado,lakubi,kitena,negado,mudile,3,1,153
segmentation_trial,383569,0.0-11.0-0.2,2,"[""lakubi"",""negado"",""mudile"",""kitena""]",qgujpxhqyrcuhsb,zipfian,"[""lakubi"",""kitena"",""negado"",""mudile""]",0.0,1.0,lakubi,binaku,lakubi,binaku,lakubi,lakubi,kitena,negado,mudile,1,1,96
segmentation_trial,390322,0.0-11.0-0.3,2,"[""lakubi"",""negado"",""mudile"",""kitena""]",qgujpxhqyrcuhsb,zipfian,"[""lakubi"",""kitena"",""negado"",""mudile""]",0.0,0.0,mudile,temula,temula,mudile,temula,lakubi,kitena,negado,mudile,4,1,143
segmentation_trial,396486,0.0-11.0-0.4,2,"[""lakubi"",""negado"",""mudile"",""kitena""]",qgujpxhqyrcuhsb,zipfian,"[""lakubi"",""kitena"",""negado"",""mudile""]",0.0,1.0,negado,binaku,negado,binaku,negado,lakubi,kitena,negado,mudile,3,1,152
segmentation_trial,402460,0.0-11.0-0.5,2,"[""lakubi"",""negado"",""mudile"",""kitena""]",qgujpxhqyrcuhsb,zipfian,"[""lakubi"",""kitena"",""negado"",""mudile""]",1.0,1.0,lakubi,temula,temula,lakubi,lakubi,lakubi,kitena,negado,mudile,1,1,99
segmentation_trial,408819,0.0-11.0-0.6,2,"[""lakubi"",""negado"",""mudile"",""kitena""]",qgujpxhqyrcuhsb,zipfian,"[""lakubi"",""kitena"",""negado"",""mudile""]",0.0,1.0,mudile,binaku,mudile,binaku,mudile,lakubi,kitena,negado,mudile,4,1,140
segmentation_trial,416347,0.0-11.0-0.7,2,"[""lakubi"",""negado"",""mudile"",""kitena""]",qgujpxhqyrcuhsb,zipfian,"[""lakubi"",""kitena"",""negado"",""mudile""]",1.0,1.0,negado,temula,temula,negado,negado,lakubi,kitena,negado,mudile,3,1,155
segmentation_trial,422757,0.0-11.0-0.8,2,"[""lakubi"",""negado"",""mudile"",""kitena""]",qgujpxhqyrcuhsb,zipfian,"[""lakubi"",""kitena"",""negado"",""mudile""]",0.0,0.0,mudile,galedi,galedi,mudile,galedi,lakubi,kitena,negado,mudile,4,1,142
segmentation_trial,429158,0.0-11.0-0.9,2,"[""lakubi"",""negado"",""mudile"",""kitena""]",qgujpxhqyrcuhsb,zipfian,"[""lakubi"",""kitena"",""negado"",""mudile""]",0.0,1.0,kitena,dokine,kitena,dokine,kitena,lakubi,kitena,negado,mudile,2,1,81
segmentation_trial,436583,0.0-11.0-0.10,2,"[""lakubi"",""negado"",""mudile"",""kitena""]",qgujpxhqyrcuhsb,zipfian,"[""lakubi"",""kitena"",""negado"",""mudile""]",1.0,1.0,negado,galedi,galedi,negado,negado,lakubi,kitena,negado,mudile,3,1,154
segmentation_trial,443469,0.0-11.0-0.11,2,"[""lakubi"",""negado"",""mudile"",""kitena""]",qgujpxhqyrcuhsb,zipfian,"[""lakubi"",""kitena"",""negado"",""mudile""]",1.0,0.0,mudile,dokine,mudile,dokine,dokine,lakubi,kitena,negado,mudile,4,1,141
segmentation_trial,450504,0.0-11.0-0.12,2,"[""lakubi"",""negado"",""mudile"",""kitena""]",qgujpxhqyrcuhsb,zipfian,"[""lakubi"",""kitena"",""negado"",""mudile""]",0.0,1.0,kitena,binaku,kitena,binaku,kitena,lakubi,kitena,negado,mudile,2,1,80
segmentation_trial,456499,0.0-11.0-0.13,2,"[""lakubi"",""negado"",""mudile"",""kitena""]",qgujpxhqyrcuhsb,zipfian,"[""lakubi"",""kitena"",""negado"",""mudile""]",0.0,1.0,lakubi,dokine,lakubi,dokine,lakubi,lakubi,kitena,negado,mudile,1,1,97
segmentation_trial,462883,0.0-11.0-0.14,2,"[""lakubi"",""negado"",""mudile"",""kitena""]",qgujpxhqyrcuhsb,zipfian,"[""lakubi"",""kitena"",""negado"",""mudile""]",1.0,1.0,kitena,galedi,galedi,kitena,kitena,lakubi,kitena,negado,mudile,2,1,82
segmentation_trial,469342,0.0-11.0-0.15,2,"[""lakubi"",""negado"",""mudile"",""kitena""]",qgujpxhqyrcuhsb,zipfian,"[""lakubi"",""kitena"",""negado"",""mudile""]",1.0,1.0,lakubi,galedi,galedi,lakubi,lakubi,lakubi,kitena,negado,mudile,1,1,98
segmentation_trial,216359,0.0-11.0-0.0,6,"[""nodebu"",""dimate"",""mekugo"",""gubila""]",kmhnf1kme4docsl,uniform,,0.0,1.0,gubila,bimegu,gubila,bimegu,gubila,,,,,0,1,56
segmentation_trial,222648,0.0-11.0-0.1,6,"[""nodebu"",""dimate"",""mekugo"",""gubila""]",kmhnf1kme4docsl,uniform,,1.0,1.0,mekugo,tegoma,tegoma,mekugo,mekugo,,,,,0,1,123
segmentation_trial,229037,0.0-11.0-0.2,6,"[""nodebu"",""dimate"",""mekugo"",""gubila""]",kmhnf1kme4docsl,uniform,,0.0,1.0,dimate,kudino,dimate,kudino,dimate,,,,,0,1,29
segmentation_trial,235216,0.0-11.0-0.3,6,"[""nodebu"",""dimate"",""mekugo"",""gubila""]",kmhnf1kme4docsl,uniform,,0.0,0.0,nodebu,tegoma,tegoma,nodebu,tegoma,,,,,0,1,163
segmentation_trial,241553,0.0-11.0-0.4,6,"[""nodebu"",""dimate"",""mekugo"",""gubila""]",kmhnf1kme4docsl,uniform,,0.0,1.0,dimate,bimegu,dimate,bimegu,dimate,,,,,0,1,28
segmentation_trial,247713,0.0-11.0-0.5,6,"[""nodebu"",""dimate"",""mekugo"",""gubila""]",kmhnf1kme4docsl,uniform,,0.0,0.0,gubila,tegoma,tegoma,gubila,tegoma,,,,,0,1,59
segmentation_trial,253592,0.0-11.0-0.6,6,"[""nodebu"",""dimate"",""mekugo"",""gubila""]",kmhnf1kme4docsl,uniform,,0.0,1.0,mekugo,kudino,mekugo,kudino,mekugo,,,,,0,1,121
segmentation_trial,259585,0.0-11.0-0.7,6,"[""nodebu"",""dimate"",""mekugo"",""gubila""]",kmhnf1kme4docsl,uniform,,1.0,0.0,nodebu,bimegu,nodebu,bimegu,bimegu,,,,,0,1,160
segmentation_trial,265490,0.0-11.0-0.8,6,"[""nodebu"",""dimate"",""mekugo"",""gubila""]",kmhnf1kme4docsl,uniform,,1.0,1.0,dimate,labude,labude,dimate,dimate,,,,,0,1,30
segmentation_trial,271883,0.0-11.0-0.9,6,"[""nodebu"",""dimate"",""mekugo"",""gubila""]",kmhnf1kme4docsl,uniform,,0.0,1.0,gubila,kudino,gubila,kudino,gubila,,,,,0,1,57
segmentation_trial,277708,0.0-11.0-0.10,6,"[""nodebu"",""dimate"",""mekugo"",""gubila""]",kmhnf1kme4docsl,uniform,,0.0,1.0,mekugo,bimegu,mekugo,bimegu,mekugo,,,,,0,1,120
segmentation_trial,283599,0.0-11.0-0.11,6,"[""nodebu"",""dimate"",""mekugo"",""gubila""]",kmhnf1kme4docsl,uniform,,0.0,0.0,dimate,tegoma,tegoma,dimate,tegoma,,,,,0,1,31
segmentation_trial,290669,0.0-11.0-0.12,6,"[""nodebu"",""dimate"",""mekugo"",""gubila""]",kmhnf1kme4docsl,uniform,,1.0,1.0,gubila,labude,labude,gubila,gubila,,,,,0,1,58
segmentation_trial,296608,0.0-11.0-0.13,6,"[""nodebu"",""dimate"",""mekugo"",""gubila""]",kmhnf1kme4docsl,uniform,,1.0,0.0,nodebu,kudino,nodebu,kudino,kudino,,,,,0,1,161
segmentation_trial,302535,0.0-11.0-0.14,6,"[""nodebu"",""dimate"",""mekugo"",""gubila""]",kmhnf1kme4docsl,uniform,,1.0,1.0,mekugo,labude,labude,mekugo,mekugo,,,,,0,1,122
segmentation_trial,308742,0.0-11.0-0.15,6,"[""nodebu"",""dimate"",""mekugo"",""gubila""]",kmhnf1kme4docsl,uniform,,0.0,0.0,nodebu,labude,labude,nodebu,labude,,,,,0,1,162
segmentation_trial,397298,0.0-11.0-0.0,2,"[""lakubi"",""negado"",""mudile"",""kitena""]",dlh9lv1ke0fxfu2,zipfian,"[""negado"",""mudile"",""kitena"",""lakubi""]",0.0,1.0,kitena,binaku,kitena,binaku,kitena,negado,mudile,kitena,lakubi,3,1,80
segmentation_trial,403999,0.0-11.0-0.1,2,"[""lakubi"",""negado"",""mudile"",""kitena""]",dlh9lv1ke0fxfu2,zipfian,"[""negado"",""mudile"",""kitena"",""lakubi""]",0.0,1.0,mudile,dokine,mudile,dokine,mudile,negado,mudile,kitena,lakubi,2,1,141
segmentation_trial,410809,0.0-11.0-0.2,2,"[""lakubi"",""negado"",""mudile"",""kitena""]",dlh9lv1ke0fxfu2,zipfian,"[""negado"",""mudile"",""kitena"",""lakubi""]",1.0,1.0,lakubi,temula,temula,lakubi,lakubi,negado,mudile,kitena,lakubi,4,1,99
segmentation_trial,417662,0.0-11.0-0.3,2,"[""lakubi"",""negado"",""mudile"",""kitena""]",dlh9lv1ke0fxfu2,zipfian,"[""negado"",""mudile"",""kitena"",""lakubi""]",0.0,1.0,negado,dokine,negado,dokine,negado,negado,mudile,kitena,lakubi,1,1,153
segmentation_trial,424316,0.0-11.0-0.4,2,"[""lakubi"",""negado"",""mudile"",""kitena""]",dlh9lv1ke0fxfu2,zipfian,"[""negado"",""mudile"",""kitena"",""lakubi""]",1.0,1.0,mudile,temula,temula,mudile,mudile,negado,mudile,kitena,lakubi,2,1,143
segmentation_trial,430751,0.0-11.0-0.5,2,"[""lakubi"",""negado"",""mudile"",""kitena""]",dlh9lv1ke0fxfu2,zipfian,"[""negado"",""mudile"",""kitena"",""lakubi""]",0.0,1.0,lakubi,binaku,lakubi,binaku,lakubi,negado,mudile,kitena,lakubi,4,1,96
segmentation_trial,437132,0.0-11.0-0.6,2,"[""lakubi"",""negado"",""mudile"",""kitena""]",dlh9lv1ke0fxfu2,zipfian,"[""negado"",""mudile"",""kitena"",""lakubi""]",1.0,1.0,negado,galedi,galedi,negado,negado,negado,mudile,kitena,lakubi,1,1,154
segmentation_trial,443528,0.0-11.0-0.7,2,"[""lakubi"",""negado"",""mudile"",""kitena""]",dlh9lv1ke0fxfu2,zipfian,"[""negado"",""mudile"",""kitena"",""lakubi""]",0.0,1.0,mudile,binaku,mudile,binaku,mudile,negado,mudile,kitena,lakubi,2,1,140
segmentation_trial,450074,0.0-11.0-0.8,2,"[""lakubi"",""negado"",""mudile"",""kitena""]",dlh9lv1ke0fxfu2,zipfian,"[""negado"",""mudile"",""kitena"",""lakubi""]",1.0,1.0,kitena,temula,temula,kitena,kitena,negado,mudile,kitena,lakubi,3,1,83
segmentation_trial,456616,0.0-11.0-0.9,2,"[""lakubi"",""negado"",""mudile"",""kitena""]",dlh9lv1ke0fxfu2,zipfian,"[""negado"",""mudile"",""kitena"",""lakubi""]",0.0,1.0,lakubi,dokine,lakubi,dokine,lakubi,negado,mudile,kitena,lakubi,4,1,97
segmentation_trial,462890,0.0-11.0-0.10,2,"[""lakubi"",""negado"",""mudile"",""kitena""]",dlh9lv1ke0fxfu2,zipfian,"[""negado"",""mudile"",""kitena"",""lakubi""]",1.0,1.0,negado,temula,temula,negado,negado,negado,mudile,kitena,lakubi,1,1,155
segmentation_trial,469142,0.0-11.0-0.11,2,"[""lakubi"",""negado"",""mudile"",""kitena""]",dlh9lv1ke0fxfu2,zipfian,"[""negado"",""mudile"",""kitena"",""lakubi""]",1.0,1.0,kitena,galedi,galedi,kitena,kitena,negado,mudile,kitena,lakubi,3,1,82
segmentation_trial,475440,0.0-11.0-0.12,2,"[""lakubi"",""negado"",""mudile"",""kitena""]",dlh9lv1ke0fxfu2,zipfian,"[""negado"",""mudile"",""kitena"",""lakubi""]",0.0,1.0,negado,binaku,negado,binaku,negado,negado,mudile,kitena,lakubi,1,1,152
segmentation_trial,481770,0.0-11.0-0.13,2,"[""lakubi"",""negado"",""mudile"",""kitena""]",dlh9lv1ke0fxfu2,zipfian,"[""negado"",""mudile"",""kitena"",""lakubi""]",1.0,1.0,mudile,galedi,galedi,mudile,mudile,negado,mudile,kitena,lakubi,2,1,142
segmentation_trial,488059,0.0-11.0-0.14,2,"[""lakubi"",""negado"",""mudile"",""kitena""]",dlh9lv1ke0fxfu2,zipfian,"[""negado"",""mudile"",""kitena"",""lakubi""]",0.0,1.0,kitena,dokine,kitena,dokine,kitena,negado,mudile,kitena,lakubi,3,1,81
segmentation_trial,495114,0.0-11.0-0.15,2,"[""lakubi"",""negado"",""mudile"",""kitena""]",dlh9lv1ke0fxfu2,zipfian,"[""negado"",""mudile"",""kitena"",""lakubi""]",0.0,0.0,lakubi,galedi,galedi,lakubi,galedi,negado,mudile,kitena,lakubi,4,1,98
segmentation_trial,238910,0.0-11.0-0.0,3,"[""nadite"",""lebado"",""bogumi"",""gitoka""]",dvefntj3zpq8566,uniform,,0.0,1.0,nadite,dogiba,nadite,dogiba,nadite,,,,,0,2,144
segmentation_trial,245721,0.0-11.0-0.1,3,"[""nadite"",""lebado"",""bogumi"",""gitoka""]",dvefntj3zpq8566,uniform,,0.0,0.0,lebado,kalegu,kalegu,lebado,kalegu,,,,,0,2,105
segmentation_trial,251812,0.0-11.0-0.2,3,"[""nadite"",""lebado"",""bogumi"",""gitoka""]",dvefntj3zpq8566,uniform,,1.0,0.0,bogumi,dogiba,bogumi,dogiba,dogiba,,,,,0,2,8
segmentation_trial,257666,0.0-11.0-0.3,3,"[""nadite"",""lebado"",""bogumi"",""gitoka""]",dvefntj3zpq8566,uniform,,0.0,1.0,nadite,tebodi,nadite,tebodi,nadite,,,,,0,2,147
segmentation_trial,263831,0.0-11.0-0.4,3,"[""nadite"",""lebado"",""bogumi"",""gitoka""]",dvefntj3zpq8566,uniform,,0.0,0.0,bogumi,kalegu,kalegu,bogumi,kalegu,,,,,0,2,9
segmentation_trial,270636,0.0-11.0-0.5,3,"[""nadite"",""lebado"",""bogumi"",""gitoka""]",dvefntj3zpq8566,uniform,,0.0,1.0,gitoka,tebodi,gitoka,tebodi,gitoka,,,,,0,2,55
segmentation_trial,277550,0.0-11.0-0.6,3,"[""nadite"",""lebado"",""bogumi"",""gitoka""]",dvefntj3zpq8566,uniform,,1.0,1.0,nadite,minato,minato,nadite,nadite,,,,,0,2,146
segmentation_trial,283453,0.0-11.0-0.7,3,"[""nadite"",""lebado"",""bogumi"",""gitoka""]",dvefntj3zpq8566,uniform,,0.0,1.0,lebado,dogiba,lebado,dogiba,lebado,,,,,0,2,104
segmentation_trial,290220,0.0-11.0-0.8,3,"[""nadite"",""lebado"",""bogumi"",""gitoka""]",dvefntj3zpq8566,uniform,,0.0,1.0,bogumi,tebodi,bogumi,tebodi,bogumi,,,,,0,2,11
segmentation_trial,296375,0.0-11.0-0.9,3,"[""nadite"",""lebado"",""bogumi"",""gitoka""]",dvefntj3zpq8566,uniform,,0.0,0.0,gitoka,minato,minato,gitoka,minato,,,,,0,2,54
segmentation_trial,302323,0.0-11.0-0.10,3,"[""nadite"",""lebado"",""bogumi"",""gitoka""]",dvefntj3zpq8566,uniform,,0.0,1.0,lebado,tebodi,lebado,tebodi,lebado,,,,,0,2,107
segmentation_trial,308906,0.0-11.0-0.11,3,"[""nadite"",""lebado"",""bogumi"",""gitoka""]",dvefntj3zpq8566,uniform,,0.0,0.0,nadite,kalegu,kalegu,nadite,kalegu,,,,,0,2,145
segmentation_trial,314673,0.0-11.0-0.12,3,"[""nadite"",""lebado"",""bogumi"",""gitoka""]",dvefntj3zpq8566,uniform,,1.0,1.0,lebado,minato,minato,lebado,lebado,,,,,0,2,106
segmentation_trial,320562,0.0-11.0-0.13,3,"[""nadite"",""lebado"",""bogumi"",""gitoka""]",dvefntj3zpq8566,uniform,,0.0,0.0,gitoka,kalegu,kalegu,gitoka,kalegu,,,,,0,2,53
segmentation_trial,328598,0.0-11.0-0.14,3,"[""nadite"",""lebado"",""bogumi"",""gitoka""]",dvefntj3zpq8566,uniform,,0.0,0.0,bogumi,minato,minato,bogumi,minato,,,,,0,2,10
segmentation_trial,334576,0.0-11.0-0.15,3,"[""nadite"",""lebado"",""bogumi"",""gitoka""]",dvefntj3zpq8566,uniform,,0.0,1.0,gitoka,dogiba,gitoka,dogiba,gitoka,,,,,0,2,52
segmentation_trial,270406,0.0-11.0-0.0,6,"[""nodebu"",""dimate"",""mekugo"",""gubila""]",5kow89wozd85fw0,zipfian,"[""dimate"",""mekugo"",""nodebu"",""gubila""]",1.0,1.0,mekugo,tegoma,tegoma,mekugo,mekugo,dimate,mekugo,nodebu,gubila,2,1,123
segmentation_trial,277930,0.0-11.0-0.1,6,"[""nodebu"",""dimate"",""mekugo"",""gubila""]",5kow89wozd85fw0,zipfian,"[""dimate"",""mekugo"",""nodebu"",""gubila""]",0.0,1.0,nodebu,bimegu,nodebu,bimegu,nodebu,dimate,mekugo,nodebu,gubila,3,1,160
segmentation_trial,285283,0.0-11.0-0.2,6,"[""nodebu"",""dimate"",""mekugo"",""gubila""]",5kow89wozd85fw0,zipfian,"[""dimate"",""mekugo"",""nodebu"",""gubila""]",0.0,1.0,mekugo,kudino,mekugo,kudino,mekugo,dimate,mekugo,nodebu,gubila,2,1,121
segmentation_trial,292581,0.0-11.0-0.3,6,"[""nodebu"",""dimate"",""mekugo"",""gubila""]",5kow89wozd85fw0,zipfian,"[""dimate"",""mekugo"",""nodebu"",""gubila""]",0.0,0.0,gubila,labude,labude,gubila,labude,dimate,mekugo,nodebu,gubila,4,1,58
segmentation_trial,300030,0.0-11.0-0.4,6,"[""nodebu"",""dimate"",""mekugo"",""gubila""]",5kow89wozd85fw0,zipfian,"[""dimate"",""mekugo"",""nodebu"",""gubila""]",1.0,1.0,dimate,tegoma,tegoma,dimate,dimate,dimate,mekugo,nodebu,gubila,1,1,31
segmentation_trial,307096,0.0-11.0-0.5,6,"[""nodebu"",""dimate"",""mekugo"",""gubila""]",5kow89wozd85fw0,zipfian,"[""dimate"",""mekugo"",""nodebu"",""gubila""]",1.0,0.0,nodebu,kudino,nodebu,kudino,kudino,dimate,mekugo,nodebu,gubila,3,1,161
segmentation_trial,318174,0.0-11.0-0.6,6,"[""nodebu"",""dimate"",""mekugo"",""gubila""]",5kow89wozd85fw0,zipfian,"[""dimate"",""mekugo"",""nodebu"",""gubila""]",1.0,1.0,mekugo,labude,labude,mekugo,mekugo,dimate,mekugo,nodebu,gubila,2,1,122
segmentation_trial,324935,0.0-11.0-0.7,6,"[""nodebu"",""dimate"",""mekugo"",""gubila""]",5kow89wozd85fw0,zipfian,"[""dimate"",""mekugo"",""nodebu"",""gubila""]",1.0,0.0,gubila,bimegu,gubila,bimegu,bimegu,dimate,mekugo,nodebu,gubila,4,1,56
segmentation_trial,331745,0.0-11.0-0.8,6,"[""nodebu"",""dimate"",""mekugo"",""gubila""]",5kow89wozd85fw0,zipfian,"[""dimate"",""mekugo"",""nodebu"",""gubila""]",0.0,1.0,dimate,kudino,dimate,kudino,dimate,dimate,mekugo,nodebu,gubila,1,1,29
segmentation_trial,338454,0.0-11.0-0.9,6,"[""nodebu"",""dimate"",""mekugo"",""gubila""]",5kow89wozd85fw0,zipfian,"[""dimate"",""mekugo"",""nodebu"",""gubila""]",0.0,0.0,nodebu,labude,labude,nodebu,labude,dimate,mekugo,nodebu,gubila,3,1,162
segmentation_trial,345628,0.0-11.0-0.10,6,"[""nodebu"",""dimate"",""mekugo"",""gubila""]",5kow89wozd85fw0,zipfian,"[""dimate"",""mekugo"",""nodebu"",""gubila""]",0.0,1.0,mekugo,bimegu,mekugo,bimegu,mekugo,dimate,mekugo,nodebu,gubila,2,1,120
segmentation_trial,352833,0.0-11.0-0.11,6,"[""nodebu"",""dimate"",""mekugo"",""gubila""]",5kow89wozd85fw0,zipfian,"[""dimate"",""mekugo"",""nodebu"",""gubila""]",0.0,1.0,gubila,kudino,gubila,kudino,gubila,dimate,mekugo,nodebu,gubila,4,1,57
segmentation_trial,359610,0.0-11.0-0.12,6,"[""nodebu"",""dimate"",""mekugo"",""gubila""]",5kow89wozd85fw0,zipfian,"[""dimate"",""mekugo"",""nodebu"",""gubila""]",0.0,0.0,nodebu,tegoma,tegoma,nodebu,tegoma,dimate,mekugo,nodebu,gubila,3,1,163
segmentation_trial,366308,0.0-11.0-0.13,6,"[""nodebu"",""dimate"",""mekugo"",""gubila""]",5kow89wozd85fw0,zipfian,"[""dimate"",""mekugo"",""nodebu"",""gubila""]",1.0,1.0,dimate,labude,labude,dimate,dimate,dimate,mekugo,nodebu,gubila,1,1,30
segmentation_trial,373053,0.0-11.0-0.14,6,"[""nodebu"",""dimate"",""mekugo"",""gubila""]",5kow89wozd85fw0,zipfian,"[""dimate"",""mekugo"",""nodebu"",""gubila""]",1.0,1.0,gubila,tegoma,tegoma,gubila,gubila,dimate,mekugo,nodebu,gubila,4,1,59
segmentation_trial,379617,0.0-11.0-0.15,6,"[""nodebu"",""dimate"",""mekugo"",""gubila""]",5kow89wozd85fw0,zipfian,"[""dimate"",""mekugo"",""nodebu"",""gubila""]",0.0,1.0,dimate,bimegu,dimate,bimegu,dimate,dimate,mekugo,nodebu,gubila,1,1,28
segmentation_trial,297724,0.0-11.0-0.0,2,"[""binaku"",""temula"",""dokine"",""galedi""]",sktx8xf2asoohvy,zipfian,"[""dokine"",""galedi"",""temula"",""binaku""]",1.0,1.0,temula,kitena,kitena,temula,temula,dokine,galedi,temula,binaku,3,2,180
segmentation_trial,304349,0.0-11.0-0.1,2,"[""binaku"",""temula"",""dokine"",""galedi""]",sktx8xf2asoohvy,zipfian,"[""dokine"",""galedi"",""temula"",""binaku""]",0.0,1.0,dokine,lakubi,dokine,lakubi,dokine,dokine,galedi,temula,binaku,1,2,37
segmentation_trial,311398,0.0-11.0-0.2,2,"[""binaku"",""temula"",""dokine"",""galedi""]",sktx8xf2asoohvy,zipfian,"[""dokine"",""galedi"",""temula"",""binaku""]",0.0,0.0,binaku,kitena,kitena,binaku,kitena,dokine,galedi,temula,binaku,4,2,4
segmentation_trial,317216,0.0-11.0-0.3,2,"[""binaku"",""temula"",""dokine"",""galedi""]",sktx8xf2asoohvy,zipfian,"[""dokine"",""galedi"",""temula"",""binaku""]",0.0,1.0,dokine,mudile,dokine,mudile,dokine,dokine,galedi,temula,binaku,1,2,38
segmentation_trial,323182,0.0-11.0-0.4,2,"[""binaku"",""temula"",""dokine"",""galedi""]",sktx8xf2asoohvy,zipfian,"[""dokine"",""galedi"",""temula"",""binaku""]",0.0,1.0,temula,lakubi,temula,lakubi,temula,dokine,galedi,temula,binaku,3,2,181
segmentation_trial,329067,0.0-11.0-0.5,2,"[""binaku"",""temula"",""dokine"",""galedi""]",sktx8xf2asoohvy,zipfian,"[""dokine"",""galedi"",""temula"",""binaku""]",1.0,1.0,dokine,kitena,kitena,dokine,dokine,dokine,galedi,temula,binaku,1,2,36
segmentation_trial,335015,0.0-11.0-0.6,2,"[""binaku"",""temula"",""dokine"",""galedi""]",sktx8xf2asoohvy,zipfian,"[""dokine"",""galedi"",""temula"",""binaku""]",0.0,1.0,temula,mudile,temula,mudile,temula,dokine,galedi,temula,binaku,3,2,182
segmentation_trial,341012,0.0-11.0-0.7,2,"[""binaku"",""temula"",""dokine"",""galedi""]",sktx8xf2asoohvy,zipfian,"[""dokine"",""galedi"",""temula"",""binaku""]",1.0,0.0,galedi,lakubi,galedi,lakubi,lakubi,dokine,galedi,temula,binaku,2,2,45
segmentation_trial,348710,0.0-11.0-0.8,2,"[""binaku"",""temula"",""dokine"",""galedi""]",sktx8xf2asoohvy,zipfian,"[""dokine"",""galedi"",""temula"",""binaku""]",0.0,1.0,binaku,mudile,binaku,mudile,binaku,dokine,galedi,temula,binaku,4,2,6
segmentation_trial,354603,0.0-11.0-0.9,2,"[""binaku"",""temula"",""dokine"",""galedi""]",sktx8xf2asoohvy,zipfian,"[""dokine"",""galedi"",""temula"",""binaku""]",0.0,0.0,galedi,kitena,kitena,galedi,kitena,dokine,galedi,temula,binaku,2,2,44
segmentation_trial,364787,0.0-11.0-0.10,2,"[""binaku"",""temula"",""dokine"",""galedi""]",sktx8xf2asoohvy,zipfian,"[""dokine"",""galedi"",""temula"",""binaku""]",1.0,1.0,dokine,negado,negado,dokine,dokine,dokine,galedi,temula,binaku,1,2,39
segmentation_trial,371806,0.0-11.0-0.11,2,"[""binaku"",""temula"",""dokine"",""galedi""]",sktx8xf2asoohvy,zipfian,"[""dokine"",""galedi"",""temula"",""binaku""]",0.0,1.0,binaku,lakubi,binaku,lakubi,binaku,dokine,galedi,temula,binaku,4,2,5
segmentation_trial,377701,0.0-11.0-0.12,2,"[""binaku"",""temula"",""dokine"",""galedi""]",sktx8xf2asoohvy,zipfian,"[""dokine"",""galedi"",""temula"",""binaku""]",0.0,0.0,galedi,negado,negado,galedi,negado,dokine,galedi,temula,binaku,2,2,47
segmentation_trial,383587,0.0-11.0-0.13,2,"[""binaku"",""temula"",""dokine"",""galedi""]",sktx8xf2asoohvy,zipfian,"[""dokine"",""galedi"",""temula"",""binaku""]",0.0,0.0,binaku,negado,negado,binaku,negado,dokine,galedi,temula,binaku,4,2,7
segmentation_trial,389327,0.0-11.0-0.14,2,"[""binaku"",""temula"",""dokine"",""galedi""]",sktx8xf2asoohvy,zipfian,"[""dokine"",""galedi"",""temula"",""binaku""]",1.0,0.0,galedi,mudile,galedi,mudile,mudile,dokine,galedi,temula,binaku,2,2,46
segmentation_trial,395167,0.0-11.0-0.15,2,"[""binaku"",""temula"",""dokine"",""galedi""]",sktx8xf2asoohvy,zipfian,"[""dokine"",""galedi"",""temula"",""binaku""]",0.0,0.0,temula,negado,negado,temula,negado,dokine,galedi,temula,binaku,3,2,183
segmentation_trial,919200,0.0-11.0-0.0,5,"[""matolu"",""nubola"",""mogude"",""kediba""]",zc80l5sct3a8qzu,uniform,,0.0,0.0,nubola,gukema,gukema,nubola,gukema,,,,,0,2,165
segmentation_trial,925161,0.0-11.0-0.1,5,"[""matolu"",""nubola"",""mogude"",""kediba""]",zc80l5sct3a8qzu,uniform,,0.0,1.0,mogude,delubo,mogude,delubo,mogude,,,,,0,2,136
segmentation_trial,931074,0.0-11.0-0.2,5,"[""matolu"",""nubola"",""mogude"",""kediba""]",zc80l5sct3a8qzu,uniform,,1.0,1.0,matolu,gukema,gukema,matolu,matolu,,,,,0,2,117
segmentation_trial,938029,0.0-11.0-0.3,5,"[""matolu"",""nubola"",""mogude"",""kediba""]",zc80l5sct3a8qzu,uniform,,1.0,1.0,mogude,lamodi,lamodi,mogude,mogude,,,,,0,2,138
segmentation_trial,943819,0.0-11.0-0.4,5,"[""matolu"",""nubola"",""mogude"",""kediba""]",zc80l5sct3a8qzu,uniform,,0.0,0.0,kediba,gukema,gukema,kediba,gukema,,,,,0,2,73
segmentation_trial,949968,0.0-11.0-0.5,5,"[""matolu"",""nubola"",""mogude"",""kediba""]",zc80l5sct3a8qzu,uniform,,0.0,1.0,nubola,tobanu,nubola,tobanu,nubola,,,,,0,2,167
segmentation_trial,956014,0.0-11.0-0.6,5,"[""matolu"",""nubola"",""mogude"",""kediba""]",zc80l5sct3a8qzu,uniform,,1.0,1.0,kediba,lamodi,lamodi,kediba,kediba,,,,,0,2,74
segmentation_trial,961888,0.0-11.0-0.7,5,"[""matolu"",""nubola"",""mogude"",""kediba""]",zc80l5sct3a8qzu,uniform,,0.0,1.0,nubola,delubo,nubola,delubo,nubola,,,,,0,2,164
segmentation_trial,967924,0.0-11.0-0.8,5,"[""matolu"",""nubola"",""mogude"",""kediba""]",zc80l5sct3a8qzu,uniform,,0.0,1.0,matolu,tobanu,matolu,tobanu,matolu,,,,,0,2,119
segmentation_trial,973753,0.0-11.0-0.9,5,"[""matolu"",""nubola"",""mogude"",""kediba""]",zc80l5sct3a8qzu,uniform,,1.0,1.0,nubola,lamodi,lamodi,nubola,nubola,,,,,0,2,166
segmentation_trial,979634,0.0-11.0-0.10,5,"[""matolu"",""nubola"",""mogude"",""kediba""]",zc80l5sct3a8qzu,uniform,,1.0,1.0,mogude,gukema,gukema,mogude,mogude,,,,,0,2,137
segmentation_trial,1039194,0.0-11.0-0.11,5,"[""matolu"",""nubola"",""mogude"",""kediba""]",zc80l5sct3a8qzu,uniform,,1.0,1.0,matolu,lamodi,lamodi,matolu,matolu,,,,,0,2,118
segmentation_trial,1068030,0.0-11.0-0.12,5,"[""matolu"",""nubola"",""mogude"",""kediba""]",zc80l5sct3a8qzu,uniform,,0.0,1.0,mogude,tobanu,mogude,tobanu,mogude,,,,,0,2,139
segmentation_trial,1073744,0.0-11.0-0.13,5,"[""matolu"",""nubola"",""mogude"",""kediba""]",zc80l5sct3a8qzu,uniform,,1.0,0.0,kediba,delubo,kediba,delubo,delubo,,,,,0,2,72
segmentation_trial,1079413,0.0-11.0-0.14,5,"[""matolu"",""nubola"",""mogude"",""kediba""]",zc80l5sct3a8qzu,uniform,,0.0,1.0,kediba,tobanu,kediba,tobanu,kediba,,,,,0,2,75
segmentation_trial,1085458,0.0-11.0-0.15,5,"[""matolu"",""nubola"",""mogude"",""kediba""]",zc80l5sct3a8qzu,uniform,,0.0,1.0,matolu,delubo,matolu,delubo,matolu,,,,,0,2,116
segmentation_trial,236415,0.0-11.0-0.0,3,"[""nadite"",""lebado"",""bogumi"",""gitoka""]",savqzp18wwyvrxp,uniform,,1.0,1.0,gitoka,minato,minato,gitoka,gitoka,,,,,0,2,54
segmentation_trial,243494,0.0-11.0-0.1,3,"[""nadite"",""lebado"",""bogumi"",""gitoka""]",savqzp18wwyvrxp,uniform,,0.0,1.0,bogumi,dogiba,bogumi,dogiba,bogumi,,,,,0,2,8
segmentation_trial,249961,0.0-11.0-0.2,3,"[""nadite"",""lebado"",""bogumi"",""gitoka""]",savqzp18wwyvrxp,uniform,,1.0,1.0,lebado,minato,minato,lebado,lebado,,,,,0,2,106
segmentation_trial,256516,0.0-11.0-0.3,3,"[""nadite"",""lebado"",""bogumi"",""gitoka""]",savqzp18wwyvrxp,uniform,,0.0,1.0,gitoka,tebodi,gitoka,tebodi,gitoka,,,,,0,2,55
segmentation_trial,263075,0.0-11.0-0.4,3,"[""nadite"",""lebado"",""bogumi"",""gitoka""]",savqzp18wwyvrxp,uniform,,1.0,1.0,lebado,kalegu,kalegu,lebado,lebado,,,,,0,2,105
segmentation_trial,271563,0.0-11.0-0.5,3,"[""nadite"",""lebado"",""bogumi"",""gitoka""]",savqzp18wwyvrxp,uniform,,1.0,1.0,nadite,minato,minato,nadite,nadite,,,,,0,2,146
segmentation_trial,278039,0.0-11.0-0.6,3,"[""nadite"",""lebado"",""bogumi"",""gitoka""]",savqzp18wwyvrxp,uniform,,0.0,1.0,gitoka,dogiba,gitoka,dogiba,gitoka,,,,,0,2,52
segmentation_trial,292780,0.0-11.0-0.7,3,"[""nadite"",""lebado"",""bogumi"",""gitoka""]",savqzp18wwyvrxp,uniform,,0.0,0.0,bogumi,kalegu,kalegu,bogumi,kalegu,,,,,0,2,9
segmentation_trial,298806,0.0-11.0-0.8,3,"[""nadite"",""lebado"",""bogumi"",""gitoka""]",savqzp18wwyvrxp,uniform,,0.0,1.0,nadite,tebodi,nadite,tebodi,nadite,,,,,0,2,147
segmentation_trial,312881,0.0-11.0-0.9,3,"[""nadite"",""lebado"",""bogumi"",""gitoka""]",savqzp18wwyvrxp,uniform,,0.0,0.0,bogumi,minato,minato,bogumi,minato,,,,,0,2,10
segmentation_trial,323374,0.0-11.0-0.10,3,"[""nadite"",""lebado"",""bogumi"",""gitoka""]",savqzp18wwyvrxp,uniform,,1.0,1.0,nadite,kalegu,kalegu,nadite,nadite,,,,,0,2,145
segmentation_trial,330010,0.0-11.0-0.11,3,"[""nadite"",""lebado"",""bogumi"",""gitoka""]",savqzp18wwyvrxp,uniform,,0.0,1.0,bogumi,tebodi,bogumi,tebodi,bogumi,,,,,0,2,11
segmentation_trial,338704,0.0-11.0-0.12,3,"[""nadite"",""lebado"",""bogumi"",""gitoka""]",savqzp18wwyvrxp,uniform,,0.0,0.0,gitoka,kalegu,kalegu,gitoka,kalegu,,,,,0,2,53
segmentation_trial,344693,0.0-11.0-0.13,3,"[""nadite"",""lebado"",""bogumi"",""gitoka""]",savqzp18wwyvrxp,uniform,,0.0,1.0,lebado,dogiba,lebado,dogiba,lebado,,,,,0,2,104
segmentation_trial,351174,0.0-11.0-0.14,3,"[""nadite"",""lebado"",""bogumi"",""gitoka""]",savqzp18wwyvrxp,uniform,,0.0,1.0,nadite,dogiba,nadite,dogiba,nadite,,,,,0,2,144
segmentation_trial,357253,0.0-11.0-0.15,3,"[""nadite"",""lebado"",""bogumi"",""gitoka""]",savqzp18wwyvrxp,uniform,,0.0,1.0,lebado,tebodi,lebado,tebodi,lebado,,,,,0,2,107
segmentation_trial,285827,0.0-11.0-0.0,6,"[""bimegu"",""tegoma"",""kudino"",""labude""]",e7huxpyzlst75q4,zipfian,"[""tegoma"",""labude"",""kudino"",""bimegu""]",1.0,1.0,labude,gubila,gubila,labude,labude,tegoma,labude,kudino,bimegu,2,2,93
segmentation_trial,296712,0.0-11.0-0.1,6,"[""bimegu"",""tegoma"",""kudino"",""labude""]",e7huxpyzlst75q4,zipfian,"[""tegoma"",""labude"",""kudino"",""bimegu""]",1.0,0.0,tegoma,mekugo,tegoma,mekugo,mekugo,tegoma,labude,kudino,bimegu,1,2,174
segmentation_trial,303119,0.0-11.0-0.2,6,"[""bimegu"",""tegoma"",""kudino"",""labude""]",e7huxpyzlst75q4,zipfian,"[""tegoma"",""labude"",""kudino"",""bimegu""]",1.0,0.0,kudino,nodebu,kudino,nodebu,nodebu,tegoma,labude,kudino,bimegu,3,2,87
segmentation_trial,309447,0.0-11.0-0.3,6,"[""bimegu"",""tegoma"",""kudino"",""labude""]",e7huxpyzlst75q4,zipfian,"[""tegoma"",""labude"",""kudino"",""bimegu""]",1.0,1.0,bimegu,dimate,dimate,bimegu,bimegu,tegoma,labude,kudino,bimegu,4,2,0
segmentation_trial,315707,0.0-11.0-0.4,6,"[""bimegu"",""tegoma"",""kudino"",""labude""]",e7huxpyzlst75q4,zipfian,"[""tegoma"",""labude"",""kudino"",""bimegu""]",1.0,1.0,tegoma,gubila,gubila,tegoma,tegoma,tegoma,labude,kudino,bimegu,1,2,173
segmentation_trial,321797,0.0-11.0-0.5,6,"[""bimegu"",""tegoma"",""kudino"",""labude""]",e7huxpyzlst75q4,zipfian,"[""tegoma"",""labude"",""kudino"",""bimegu""]",0.0,0.0,kudino,dimate,dimate,kudino,dimate,tegoma,labude,kudino,bimegu,3,2,84
segmentation_trial,332318,0.0-11.0-0.6,6,"[""bimegu"",""tegoma"",""kudino"",""labude""]",e7huxpyzlst75q4,zipfian,"[""tegoma"",""labude"",""kudino"",""bimegu""]",0.0,1.0,tegoma,nodebu,tegoma,nodebu,tegoma,tegoma,labude,kudino,bimegu,1,2,175
segmentation_trial,338561,0.0-11.0-0.7,6,"[""bimegu"",""tegoma"",""kudino"",""labude""]",e7huxpyzlst75q4,zipfian,"[""tegoma"",""labude"",""kudino"",""bimegu""]",1.0,1.0,kudino,gubila,gubila,kudino,kudino,tegoma,labude,kudino,bimegu,3,2,85
segmentation_trial,348508,0.0-11.0-0.8,6,"[""bimegu"",""tegoma"",""kudino"",""labude""]",e7huxpyzlst75q4,zipfian,"[""tegoma"",""labude"",""kudino"",""bimegu""]",0.0,0.0,labude,dimate,dimate,labude,dimate,tegoma,labude,kudino,bimegu,2,2,92
segmentation_trial,357954,0.0-11.0-0.9,6,"[""bimegu"",""tegoma"",""kudino"",""labude""]",e7huxpyzlst75q4,zipfian,"[""tegoma"",""labude"",""kudino"",""bimegu""]",1.0,0.0,bimegu,mekugo,bimegu,mekugo,mekugo,tegoma,labude,kudino,bimegu,4,2,2
segmentation_trial,367070,0.0-11.0-0.10,6,"[""bimegu"",""tegoma"",""kudino"",""labude""]",e7huxpyzlst75q4,zipfian,"[""tegoma"",""labude"",""kudino"",""bimegu""]",1.0,0.0,labude,nodebu,labude,nodebu,nodebu,tegoma,labude,kudino,bimegu,2,2,95
segmentation_trial,375774,0.0-11.0-0.11,6,"[""bimegu"",""tegoma"",""kudino"",""labude""]",e7huxpyzlst75q4,zipfian,"[""tegoma"",""labude"",""kudino"",""bimegu""]",1.0,1.0,tegoma,dimate,dimate,tegoma,tegoma,tegoma,labude,kudino,bimegu,1,2,172
segmentation_trial,382527,0.0-11.0-0.12,6,"[""bimegu"",""tegoma"",""kudino"",""labude""]",e7huxpyzlst75q4,zipfian,"[""tegoma"",""labude"",""kudino"",""bimegu""]",1.0,0.0,bimegu,nodebu,bimegu,nodebu,nodebu,tegoma,labude,kudino,bimegu,4,2,3
segmentation_trial,389314,0.0-11.0-0.13,6,"[""bimegu"",""tegoma"",""kudino"",""labude""]",e7huxpyzlst75q4,zipfian,"[""tegoma"",""labude"",""kudino"",""bimegu""]",0.0,1.0,labude,mekugo,labude,mekugo,labude,tegoma,labude,kudino,bimegu,2,2,94
segmentation_trial,396411,0.0-11.0-0.14,6,"[""bimegu"",""tegoma"",""kudino"",""labude""]",e7huxpyzlst75q4,zipfian,"[""tegoma"",""labude"",""kudino"",""bimegu""]",1.0,1.0,bimegu,gubila,gubila,bimegu,bimegu,tegoma,labude,kudino,bimegu,4,2,1
segmentation_trial,405345,0.0-11.0-0.15,6,"[""bimegu"",""tegoma"",""kudino"",""labude""]",e7huxpyzlst75q4,zipfian,"[""tegoma"",""labude"",""kudino"",""bimegu""]",0.0,1.0,kudino,mekugo,kudino,mekugo,kudino,tegoma,labude,kudino,bimegu,3,2,86
segmentation_trial,335516,0.0-11.0-0.0,3,"[""dogiba"",""kalegu"",""tebodi"",""minato""]",oknx7n8wy3svb0c,uniform,,0.0,0.0,minato,gitoka,gitoka,minato,gitoka,,,,,0,1,129
segmentation_trial,343908,0.0-11.0-0.1,3,"[""dogiba"",""kalegu"",""tebodi"",""minato""]",oknx7n8wy3svb0c,uniform,,0.0,1.0,dogiba,nadite,dogiba,nadite,dogiba,,,,,0,1,35
segmentation_trial,352660,0.0-11.0-0.2,3,"[""dogiba"",""kalegu"",""tebodi"",""minato""]",oknx7n8wy3svb0c,uniform,,0.0,0.0,tebodi,lebado,lebado,tebodi,lebado,,,,,0,1,170
segmentation_trial,362148,0.0-11.0-0.3,3,"[""dogiba"",""kalegu"",""tebodi"",""minato""]",oknx7n8wy3svb0c,uniform,,1.0,0.0,minato,bogumi,minato,bogumi,bogumi,,,,,0,1,128
segmentation_trial,370727,0.0-11.0-0.4,3,"[""dogiba"",""kalegu"",""tebodi"",""minato""]",oknx7n8wy3svb0c,uniform,,0.0,0.0,tebodi,gitoka,gitoka,tebodi,gitoka,,,,,0,1,169
segmentation_trial,377973,0.0-11.0-0.5,3,"[""dogiba"",""kalegu"",""tebodi"",""minato""]",oknx7n8wy3svb0c,uniform,,0.0,0.0,minato,lebado,lebado,minato,lebado,,,,,0,1,130
segmentation_trial,385105,0.0-11.0-0.6,3,"[""dogiba"",""kalegu"",""tebodi"",""minato""]",oknx7n8wy3svb0c,uniform,,0.0,1.0,kalegu,bogumi,kalegu,bogumi,kalegu,,,,,0,1,68
segmentation_trial,392508,0.0-11.0-0.7,3,"[""dogiba"",""kalegu"",""tebodi"",""minato""]",oknx7n8wy3svb0c,uniform,,0.0,0.0,dogiba,gitoka,gitoka,dogiba,gitoka,,,,,0,1,33
segmentation_trial,400383,0.0-11.0-0.8,3,"[""dogiba"",""kalegu"",""tebodi"",""minato""]",oknx7n8wy3svb0c,uniform,,0.0,0.0,kalegu,lebado,lebado,kalegu,lebado,,,,,0,1,70
segmentation_trial,409339,0.0-11.0-0.9,3,"[""dogiba"",""kalegu"",""tebodi"",""minato""]",oknx7n8wy3svb0c,uniform,,0.0,1.0,dogiba,bogumi,dogiba,bogumi,dogiba,,,,,0,1,32
segmentation_trial,417070,0.0-11.0-0.10,3,"[""dogiba"",""kalegu"",""tebodi"",""minato""]",oknx7n8wy3svb0c,uniform,,1.0,0.0,minato,nadite,minato,nadite,nadite,,,,,0,1,131
segmentation_trial,426648,0.0-11.0-0.11,3,"[""dogiba"",""kalegu"",""tebodi"",""minato""]",oknx7n8wy3svb0c,uniform,,0.0,1.0,tebodi,bogumi,tebodi,bogumi,tebodi,,,,,0,1,168
segmentation_trial,435288,0.0-11.0-0.12,3,"[""dogiba"",""kalegu"",""tebodi"",""minato""]",oknx7n8wy3svb0c,uniform,,1.0,0.0,kalegu,nadite,kalegu,nadite,nadite,,,,,0,1,71
segmentation_trial,441993,0.0-11.0-0.13,3,"[""dogiba"",""kalegu"",""tebodi"",""minato""]",oknx7n8wy3svb0c,uniform,,0.0,0.0,dogiba,lebado,lebado,dogiba,lebado,,,,,0,1,34
segmentation_trial,449846,0.0-11.0-0.14,3,"[""dogiba"",""kalegu"",""tebodi"",""minato""]",oknx7n8wy3svb0c,uniform,,0.0,1.0,tebodi,nadite,tebodi,nadite,tebodi,,,,,0,1,171
segmentation_trial,457571,0.0-11.0-0.15,3,"[""dogiba"",""kalegu"",""tebodi"",""minato""]",oknx7n8wy3svb0c,uniform,,1.0,1.0,kalegu,gitoka,gitoka,kalegu,kalegu,,,,,0,1,69
segmentation_trial,310590,0.0-11.0-0.0,4,"[""kinome"",""teguda"",""bulego"",""moditu""]",q1b0by3hx0yl2dp,zipfian,"[""kinome"",""bulego"",""teguda"",""moditu""]",0.0,0.0,bulego,digote,digote,bulego,digote,kinome,bulego,teguda,moditu,2,1,16
segmentation_trial,318221,0.0-11.0-0.1,4,"[""kinome"",""teguda"",""bulego"",""moditu""]",q1b0by3hx0yl2dp,zipfian,"[""kinome"",""bulego"",""teguda"",""moditu""]",1.0,0.0,moditu,nodabu,moditu,nodabu,nodabu,kinome,bulego,teguda,moditu,4,1,135
segmentation_trial,325654,0.0-11.0-0.2,4,"[""kinome"",""teguda"",""bulego"",""moditu""]",q1b0by3hx0yl2dp,zipfian,"[""kinome"",""bulego"",""teguda"",""moditu""]",1.0,1.0,teguda,letumo,letumo,teguda,teguda,kinome,bulego,teguda,moditu,3,1,178
segmentation_trial,332614,0.0-11.0-0.3,4,"[""kinome"",""teguda"",""bulego"",""moditu""]",q1b0by3hx0yl2dp,zipfian,"[""kinome"",""bulego"",""teguda"",""moditu""]",0.0,1.0,kinome,gumeki,kinome,gumeki,kinome,kinome,bulego,teguda,moditu,1,1,77
segmentation_trial,338981,0.0-11.0-0.4,4,"[""kinome"",""teguda"",""bulego"",""moditu""]",q1b0by3hx0yl2dp,zipfian,"[""kinome"",""bulego"",""teguda"",""moditu""]",1.0,1.0,bulego,letumo,letumo,bulego,bulego,kinome,bulego,teguda,moditu,2,1,18
segmentation_trial,344998,0.0-11.0-0.5,4,"[""kinome"",""teguda"",""bulego"",""moditu""]",q1b0by3hx0yl2dp,zipfian,"[""kinome"",""bulego"",""teguda"",""moditu""]",0.0,1.0,kinome,nodabu,kinome,nodabu,kinome,kinome,bulego,teguda,moditu,1,1,79
segmentation_trial,351591,0.0-11.0-0.6,4,"[""kinome"",""teguda"",""bulego"",""moditu""]",q1b0by3hx0yl2dp,zipfian,"[""kinome"",""bulego"",""teguda"",""moditu""]",0.0,1.0,moditu,gumeki,moditu,gumeki,moditu,kinome,bulego,teguda,moditu,4,1,133
segmentation_trial,358358,0.0-11.0-0.7,4,"[""kinome"",""teguda"",""bulego"",""moditu""]",q1b0by3hx0yl2dp,zipfian,"[""kinome"",""bulego"",""teguda"",""moditu""]",0.0,0.0,teguda,digote,digote,teguda,digote,kinome,bulego,teguda,moditu,3,1,176
segmentation_trial,364694,0.0-11.0-0.8,4,"[""kinome"",""teguda"",""bulego"",""moditu""]",q1b0by3hx0yl2dp,zipfian,"[""kinome"",""bulego"",""teguda"",""moditu""]",0.0,0.0,moditu,letumo,letumo,moditu,letumo,kinome,bulego,teguda,moditu,4,1,134
segmentation_trial,371542,0.0-11.0-0.9,4,"[""kinome"",""teguda"",""bulego"",""moditu""]",q1b0by3hx0yl2dp,zipfian,"[""kinome"",""bulego"",""teguda"",""moditu""]",0.0,1.0,bulego,nodabu,bulego,nodabu,bulego,kinome,bulego,teguda,moditu,2,1,19
segmentation_trial,378118,0.0-11.0-0.10,4,"[""kinome"",""teguda"",""bulego"",""moditu""]",q1b0by3hx0yl2dp,zipfian,"[""kinome"",""bulego"",""teguda"",""moditu""]",1.0,0.0,teguda,gumeki,teguda,gumeki,gumeki,kinome,bulego,teguda,moditu,3,1,177
segmentation_trial,384399,0.0-11.0-0.11,4,"[""kinome"",""teguda"",""bulego"",""moditu""]",q1b0by3hx0yl2dp,zipfian,"[""kinome"",""bulego"",""teguda"",""moditu""]",1.0,1.0,moditu,digote,digote,moditu,moditu,kinome,bulego,teguda,moditu,4,1,132
segmentation_trial,390558,0.0-11.0-0.12,4,"[""kinome"",""teguda"",""bulego"",""moditu""]",q1b0by3hx0yl2dp,zipfian,"[""kinome"",""bulego"",""teguda"",""moditu""]",1.0,1.0,kinome,letumo,letumo,kinome,kinome,kinome,bulego,teguda,moditu,1,1,78
segmentation_trial,396750,0.0-11.0-0.13,4,"[""kinome"",""teguda"",""bulego"",""moditu""]",q1b0by3hx0yl2dp,zipfian,"[""kinome"",""bulego"",""teguda"",""moditu""]",0.0,1.0,teguda,nodabu,teguda,nodabu,teguda,kinome,bulego,teguda,moditu,3,1,179
segmentation_trial,402766,0.0-11.0-0.14,4,"[""kinome"",""teguda"",""bulego"",""moditu""]",q1b0by3hx0yl2dp,zipfian,"[""kinome"",""bulego"",""teguda"",""moditu""]",0.0,1.0,bulego,gumeki,bulego,gumeki,bulego,kinome,bulego,teguda,moditu,2,1,17
segmentation_trial,409054,0.0-11.0-0.15,4,"[""kinome"",""teguda"",""bulego"",""moditu""]",q1b0by3hx0yl2dp,zipfian,"[""kinome"",""bulego"",""teguda"",""moditu""]",1.0,1.0,kinome,digote,digote,kinome,kinome,kinome,bulego,teguda,moditu,1,1,76
segmentation_trial,292199,0.0-11.0-0.0,4,"[""kinome"",""teguda"",""bulego"",""moditu""]",t7dvc8zhwd86jl8,zipfian,"[""kinome"",""teguda"",""bulego"",""moditu""]",0.0,0.0,teguda,digote,digote,teguda,digote,kinome,teguda,bulego,moditu,2,1,176
segmentation_trial,301488,0.0-11.0-0.1,4,"[""kinome"",""teguda"",""bulego"",""moditu""]",t7dvc8zhwd86jl8,zipfian,"[""kinome"",""teguda"",""bulego"",""moditu""]",1.0,1.0,moditu,letumo,letumo,moditu,moditu,kinome,teguda,bulego,moditu,4,1,134
segmentation_trial,309664,0.0-11.0-0.2,4,"[""kinome"",""teguda"",""bulego"",""moditu""]",t7dvc8zhwd86jl8,zipfian,"[""kinome"",""teguda"",""bulego"",""moditu""]",0.0,1.0,bulego,nodabu,bulego,nodabu,bulego,kinome,teguda,bulego,moditu,3,1,19
segmentation_trial,317456,0.0-11.0-0.3,4,"[""kinome"",""teguda"",""bulego"",""moditu""]",t7dvc8zhwd86jl8,zipfian,"[""kinome"",""teguda"",""bulego"",""moditu""]",0.0,0.0,kinome,digote,digote,kinome,digote,kinome,teguda,bulego,moditu,1,1,76
segmentation_trial,324664,0.0-11.0-0.4,4,"[""kinome"",""teguda"",""bulego"",""moditu""]",t7dvc8zhwd86jl8,zipfian,"[""kinome"",""teguda"",""bulego"",""moditu""]",0.0,0.0,teguda,letumo,letumo,teguda,letumo,kinome,teguda,bulego,moditu,2,1,178
segmentation_trial,330912,0.0-11.0-0.5,4,"[""kinome"",""teguda"",""bulego"",""moditu""]",t7dvc8zhwd86jl8,zipfian,"[""kinome"",""teguda"",""bulego"",""moditu""]",0.0,1.0,moditu,nodabu,moditu,nodabu,moditu,kinome,teguda,bulego,moditu,4,1,135
segmentation_trial,337296,0.0-11.0-0.6,4,"[""kinome"",""teguda"",""bulego"",""moditu""]",t7dvc8zhwd86jl8,zipfian,"[""kinome"",""teguda"",""bulego"",""moditu""]",1.0,1.0,kinome,letumo,letumo,kinome,kinome,kinome,teguda,bulego,moditu,1,1,78
segmentation_trial,343408,0.0-11.0-0.7,4,"[""kinome"",""teguda"",""bulego"",""moditu""]",t7dvc8zhwd86jl8,zipfian,"[""kinome"",""teguda"",""bulego"",""moditu""]",0.0,1.0,bulego,gumeki,bulego,gumeki,bulego,kinome,teguda,bulego,moditu,3,1,17
segmentation_trial,349328,0.0-11.0-0.8,4,"[""kinome"",""teguda"",""bulego"",""moditu""]",t7dvc8zhwd86jl8,zipfian,"[""kinome"",""teguda"",""bulego"",""moditu""]",0.0,1.0,kinome,nodabu,kinome,nodabu,kinome,kinome,teguda,bulego,moditu,1,1,79
segmentation_trial,355528,0.0-11.0-0.9,4,"[""kinome"",""teguda"",""bulego"",""moditu""]",t7dvc8zhwd86jl8,zipfian,"[""kinome"",""teguda"",""bulego"",""moditu""]",0.0,1.0,teguda,gumeki,teguda,gumeki,teguda,kinome,teguda,bulego,moditu,2,1,177
segmentation_trial,362168,0.0-11.0-0.10,4,"[""kinome"",""teguda"",""bulego"",""moditu""]",t7dvc8zhwd86jl8,zipfian,"[""kinome"",""teguda"",""bulego"",""moditu""]",0.0,0.0,moditu,digote,digote,moditu,digote,kinome,teguda,bulego,moditu,4,1,132
segmentation_trial,369064,0.0-11.0-0.11,4,"[""kinome"",""teguda"",""bulego"",""moditu""]",t7dvc8zhwd86jl8,zipfian,"[""kinome"",""teguda"",""bulego"",""moditu""]",0.0,1.0,teguda,nodabu,teguda,nodabu,teguda,kinome,teguda,bulego,moditu,2,1,179
segmentation_trial,377639,0.0-11.0-0.12,4,"[""kinome"",""teguda"",""bulego"",""moditu""]",t7dvc8zhwd86jl8,zipfian,"[""kinome"",""teguda"",""bulego"",""moditu""]",0.0,0.0,bulego,digote,digote,bulego,digote,kinome,teguda,bulego,moditu,3,1,16
segmentation_trial,383919,0.0-11.0-0.13,4,"[""kinome"",""teguda"",""bulego"",""moditu""]",t7dvc8zhwd86jl8,zipfian,"[""kinome"",""teguda"",""bulego"",""moditu""]",0.0,1.0,moditu,gumeki,moditu,gumeki,moditu,kinome,teguda,bulego,moditu,4,1,133
segmentation_trial,390839,0.0-11.0-0.14,4,"[""kinome"",""teguda"",""bulego"",""moditu""]",t7dvc8zhwd86jl8,zipfian,"[""kinome"",""teguda"",""bulego"",""moditu""]",1.0,1.0,bulego,letumo,letumo,bulego,bulego,kinome,teguda,bulego,moditu,3,1,18
segmentation_trial,396975,0.0-11.0-0.15,4,"[""kinome"",""teguda"",""bulego"",""moditu""]",t7dvc8zhwd86jl8,zipfian,"[""kinome"",""teguda"",""bulego"",""moditu""]",0.0,1.0,kinome,gumeki,kinome,gumeki,kinome,kinome,teguda,bulego,moditu,1,1,77
segmentation_trial,257318,0.0-11.0-0.0,4,"[""gumeki"",""letumo"",""nodabu"",""digote""]",wrn22frlhzp9hj6,uniform,,0.0,1.0,digote,bulego,digote,bulego,digote,,,,,0,2,24
segmentation_trial,263252,0.0-11.0-0.1,4,"[""gumeki"",""letumo"",""nodabu"",""digote""]",wrn22frlhzp9hj6,uniform,,1.0,1.0,nodabu,teguda,teguda,nodabu,nodabu,,,,,0,2,159
segmentation_trial,269696,0.0-11.0-0.2,4,"[""gumeki"",""letumo"",""nodabu"",""digote""]",wrn22frlhzp9hj6,uniform,,0.0,1.0,digote,kinome,digote,kinome,digote,,,,,0,2,25
segmentation_trial,275606,0.0-11.0-0.3,4,"[""gumeki"",""letumo"",""nodabu"",""digote""]",wrn22frlhzp9hj6,uniform,,1.0,1.0,nodabu,moditu,moditu,nodabu,nodabu,,,,,0,2,158
segmentation_trial,282012,0.0-11.0-0.4,4,"[""gumeki"",""letumo"",""nodabu"",""digote""]",wrn22frlhzp9hj6,uniform,,0.0,1.0,letumo,kinome,letumo,kinome,letumo,,,,,0,2,113
segmentation_trial,288186,0.0-11.0-0.5,4,"[""gumeki"",""letumo"",""nodabu"",""digote""]",wrn22frlhzp9hj6,uniform,,0.0,1.0,nodabu,bulego,nodabu,bulego,nodabu,,,,,0,2,156
segmentation_trial,294238,0.0-11.0-0.6,4,"[""gumeki"",""letumo"",""nodabu"",""digote""]",wrn22frlhzp9hj6,uniform,,1.0,1.0,gumeki,teguda,teguda,gumeki,gumeki,,,,,0,2,67
segmentation_trial,300549,0.0-11.0-0.7,4,"[""gumeki"",""letumo"",""nodabu"",""digote""]",wrn22frlhzp9hj6,uniform,,0.0,1.0,letumo,bulego,letumo,bulego,letumo,,,,,0,2,112
segmentation_trial,311584,0.0-11.0-0.8,4,"[""gumeki"",""letumo"",""nodabu"",""digote""]",wrn22frlhzp9hj6,uniform,,1.0,0.0,gumeki,kinome,gumeki,kinome,kinome,,,,,0,2,65
segmentation_trial,318661,0.0-11.0-0.9,4,"[""gumeki"",""letumo"",""nodabu"",""digote""]",wrn22frlhzp9hj6,uniform,,1.0,1.0,digote,moditu,moditu,digote,digote,,,,,0,2,26
segmentation_trial,324842,0.0-11.0-0.10,4,"[""gumeki"",""letumo"",""nodabu"",""digote""]",wrn22frlhzp9hj6,uniform,,0.0,1.0,nodabu,kinome,nodabu,kinome,nodabu,,,,,0,2,157
segmentation_trial,333406,0.0-11.0-0.11,4,"[""gumeki"",""letumo"",""nodabu"",""digote""]",wrn22frlhzp9hj6,uniform,,1.0,0.0,gumeki,bulego,gumeki,bulego,bulego,,,,,0,2,64
segmentation_trial,339753,0.0-11.0-0.12,4,"[""gumeki"",""letumo"",""nodabu"",""digote""]",wrn22frlhzp9hj6,uniform,,0.0,0.0,letumo,moditu,moditu,letumo,moditu,,,,,0,2,114
segmentation_trial,345776,0.0-11.0-0.13,4,"[""gumeki"",""letumo"",""nodabu"",""digote""]",wrn22frlhzp9hj6,uniform,,1.0,1.0,digote,teguda,teguda,digote,digote,,,,,0,2,27
segmentation_trial,352719,0.0-11.0-0.14,4,"[""gumeki"",""letumo"",""nodabu"",""digote""]",wrn22frlhzp9hj6,uniform,,0.0,0.0,gumeki,moditu,moditu,gumeki,moditu,,,,,0,2,66
segmentation_trial,359707,0.0-11.0-0.15,4,"[""gumeki"",""letumo"",""nodabu"",""digote""]",wrn22frlhzp9hj6,uniform,,1.0,1.0,letumo,teguda,teguda,letumo,letumo,,,,,0,2,115
segmentation_trial,433504,0.0-11.0-0.0,4,"[""kinome"",""teguda"",""bulego"",""moditu""]",fu49lqlnetesqby,zipfian,"[""moditu"",""bulego"",""teguda"",""kinome""]",0.0,1.0,moditu,gumeki,moditu,gumeki,moditu,moditu,bulego,teguda,kinome,1,1,133
segmentation_trial,441440,0.0-11.0-0.1,4,"[""kinome"",""teguda"",""bulego"",""moditu""]",fu49lqlnetesqby,zipfian,"[""moditu"",""bulego"",""teguda"",""kinome""]",1.0,0.0,kinome,nodabu,kinome,nodabu,nodabu,moditu,bulego,teguda,kinome,4,1,79
segmentation_trial,449023,0.0-11.0-0.2,4,"[""kinome"",""teguda"",""bulego"",""moditu""]",fu49lqlnetesqby,zipfian,"[""moditu"",""bulego"",""teguda"",""kinome""]",1.0,1.0,moditu,letumo,letumo,moditu,moditu,moditu,bulego,teguda,kinome,1,1,134
segmentation_trial,455775,0.0-11.0-0.3,4,"[""kinome"",""teguda"",""bulego"",""moditu""]",fu49lqlnetesqby,zipfian,"[""moditu"",""bulego"",""teguda"",""kinome""]",0.0,1.0,teguda,gumeki,teguda,gumeki,teguda,moditu,bulego,teguda,kinome,3,1,177
segmentation_trial,471560,0.0-11.0-0.4,4,"[""kinome"",""teguda"",""bulego"",""moditu""]",fu49lqlnetesqby,zipfian,"[""moditu"",""bulego"",""teguda"",""kinome""]",1.0,0.0,bulego,nodabu,bulego,nodabu,nodabu,moditu,bulego,teguda,kinome,2,1,19
segmentation_trial,478167,0.0-11.0-0.5,4,"[""kinome"",""teguda"",""bulego"",""moditu""]",fu49lqlnetesqby,zipfian,"[""moditu"",""bulego"",""teguda"",""kinome""]",0.0,0.0,kinome,letumo,letumo,kinome,letumo,moditu,bulego,teguda,kinome,4,1,78
segmentation_trial,485928,0.0-11.0-0.6,4,"[""kinome"",""teguda"",""bulego"",""moditu""]",fu49lqlnetesqby,zipfian,"[""moditu"",""bulego"",""teguda"",""kinome""]",1.0,1.0,bulego,digote,digote,bulego,bulego,moditu,bulego,teguda,kinome,2,1,16
segmentation_trial,492848,0.0-11.0-0.7,4,"[""kinome"",""teguda"",""bulego"",""moditu""]",fu49lqlnetesqby,zipfian,"[""moditu"",""bulego"",""teguda"",""kinome""]",0.0,0.0,teguda,letumo,letumo,teguda,letumo,moditu,bulego,teguda,kinome,3,1,178
segmentation_trial,500547,0.0-11.0-0.8,4,"[""kinome"",""teguda"",""bulego"",""moditu""]",fu49lqlnetesqby,zipfian,"[""moditu"",""bulego"",""teguda"",""kinome""]",0.0,0.0,kinome,digote,digote,kinome,digote,moditu,bulego,teguda,kinome,4,1,76
segmentation_trial,506736,0.0-11.0-0.9,4,"[""kinome"",""teguda"",""bulego"",""moditu""]",fu49lqlnetesqby,zipfian,"[""moditu"",""bulego"",""teguda"",""kinome""]",0.0,1.0,moditu,nodabu,moditu,nodabu,moditu,moditu,bulego,teguda,kinome,1,1,135
segmentation_trial,521312,0.0-11.0-0.10,4,"[""kinome"",""teguda"",""bulego"",""moditu""]",fu49lqlnetesqby,zipfian,"[""moditu"",""bulego"",""teguda"",""kinome""]",0.0,0.0,bulego,letumo,letumo,bulego,letumo,moditu,bulego,teguda,kinome,2,1,18
segmentation_trial,528910,0.0-11.0-0.11,4,"[""kinome"",""teguda"",""bulego"",""moditu""]",fu49lqlnetesqby,zipfian,"[""moditu"",""bulego"",""teguda"",""kinome""]",0.0,1.0,kinome,gumeki,kinome,gumeki,kinome,moditu,bulego,teguda,kinome,4,1,77
segmentation_trial,535145,0.0-11.0-0.12,4,"[""kinome"",""teguda"",""bulego"",""moditu""]",fu49lqlnetesqby,zipfian,"[""moditu"",""bulego"",""teguda"",""kinome""]",1.0,1.0,moditu,digote,digote,moditu,moditu,moditu,bulego,teguda,kinome,1,1,132
segmentation_trial,548695,0.0-11.0-0.13,4,"[""kinome"",""teguda"",""bulego"",""moditu""]",fu49lqlnetesqby,zipfian,"[""moditu"",""bulego"",""teguda"",""kinome""]",0.0,1.0,teguda,nodabu,teguda,nodabu,teguda,moditu,bulego,teguda,kinome,3,1,179
segmentation_trial,556807,0.0-11.0-0.14,4,"[""kinome"",""teguda"",""bulego"",""moditu""]",fu49lqlnetesqby,zipfian,"[""moditu"",""bulego"",""teguda"",""kinome""]",0.0,1.0,bulego,gumeki,bulego,gumeki,bulego,moditu,bulego,teguda,kinome,2,1,17
segmentation_trial,564678,0.0-11.0-0.15,4,"[""kinome"",""teguda"",""bulego"",""moditu""]",fu49lqlnetesqby,zipfian,"[""moditu"",""bulego"",""teguda"",""kinome""]",1.0,1.0,teguda,digote,digote,teguda,teguda,moditu,bulego,teguda,kinome,3,1,176
segmentation_trial,247584,0.0-11.0-0.0,4,"[""kinome"",""teguda"",""bulego"",""moditu""]",chqa70gv9q8t341,uniform,,1.0,0.0,teguda,nodabu,teguda,nodabu,nodabu,,,,,0,1,179
segmentation_trial,254150,0.0-11.0-0.1,4,"[""kinome"",""teguda"",""bulego"",""moditu""]",chqa70gv9q8t341,uniform,,1.0,1.0,bulego,letumo,letumo,bulego,bulego,,,,,0,1,18
segmentation_trial,260903,0.0-11.0-0.2,4,"[""kinome"",""teguda"",""bulego"",""moditu""]",chqa70gv9q8t341,uniform,,1.0,0.0,moditu,nodabu,moditu,nodabu,nodabu,,,,,0,1,135
segmentation_trial,267621,0.0-11.0-0.3,4,"[""kinome"",""teguda"",""bulego"",""moditu""]",chqa70gv9q8t341,uniform,,1.0,1.0,kinome,letumo,letumo,kinome,kinome,,,,,0,1,78
segmentation_trial,274674,0.0-11.0-0.4,4,"[""kinome"",""teguda"",""bulego"",""moditu""]",chqa70gv9q8t341,uniform,,0.0,0.0,moditu,digote,digote,moditu,digote,,,,,0,1,132
segmentation_trial,281353,0.0-11.0-0.5,4,"[""kinome"",""teguda"",""bulego"",""moditu""]",chqa70gv9q8t341,uniform,,0.0,1.0,kinome,gumeki,kinome,gumeki,kinome,,,,,0,1,77
segmentation_trial,288078,0.0-11.0-0.6,4,"[""kinome"",""teguda"",""bulego"",""moditu""]",chqa70gv9q8t341,uniform,,0.0,0.0,moditu,letumo,letumo,moditu,letumo,,,,,0,1,134
segmentation_trial,294638,0.0-11.0-0.7,4,"[""kinome"",""teguda"",""bulego"",""moditu""]",chqa70gv9q8t341,uniform,,0.0,1.0,bulego,nodabu,bulego,nodabu,bulego,,,,,0,1,19
segmentation_trial,301075,0.0-11.0-0.8,4,"[""kinome"",""teguda"",""bulego"",""moditu""]",chqa70gv9q8t341,uniform,,0.0,1.0,moditu,gumeki,moditu,gumeki,moditu,,,,,0,1,133
segmentation_trial,307763,0.0-11.0-0.9,4,"[""kinome"",""teguda"",""bulego"",""moditu""]",chqa70gv9q8t341,uniform,,0.0,0.0,teguda,letumo,letumo,teguda,letumo,,,,,0,1,178
segmentation_trial,314047,0.0-11.0-0.10,4,"[""kinome"",""teguda"",""bulego"",""moditu""]",chqa70gv9q8t341,uniform,,0.0,1.0,bulego,gumeki,bulego,gumeki,bulego,,,,,0,1,17
segmentation_trial,320660,0.0-11.0-0.11,4,"[""kinome"",""teguda"",""bulego"",""moditu""]",chqa70gv9q8t341,uniform,,0.0,1.0,kinome,nodabu,kinome,nodabu,kinome,,,,,0,1,79
segmentation_trial,327168,0.0-11.0-0.12,4,"[""kinome"",""teguda"",""bulego"",""moditu""]",chqa70gv9q8t341,uniform,,1.0,1.0,bulego,digote,digote,bulego,bulego,,,,,0,1,16
segmentation_trial,336066,0.0-11.0-0.13,4,"[""kinome"",""teguda"",""bulego"",""moditu""]",chqa70gv9q8t341,uniform,,0.0,1.0,teguda,gumeki,teguda,gumeki,teguda,,,,,0,1,177
segmentation_trial,342997,0.0-11.0-0.14,4,"[""kinome"",""teguda"",""bulego"",""moditu""]",chqa70gv9q8t341,uniform,,0.0,0.0,kinome,digote,digote,kinome,digote,,,,,0,1,76
segmentation_trial,350349,0.0-11.0-0.15,4,"[""kinome"",""teguda"",""bulego"",""moditu""]",chqa70gv9q8t341,uniform,,0.0,0.0,teguda,digote,digote,teguda,digote,,,,,0,1,176
segmentation_trial,199449,0.0-11.0-0.0,5,"[""matolu"",""nubola"",""mogude"",""kediba""]",eopnm6ard3yaryx,zipfian,"[""nubola"",""kediba"",""matolu"",""mogude""]",1.0,0.0,matolu,delubo,matolu,delubo,delubo,nubola,kediba,matolu,mogude,3,2,116
segmentation_trial,205499,0.0-11.0-0.1,5,"[""matolu"",""nubola"",""mogude"",""kediba""]",eopnm6ard3yaryx,zipfian,"[""nubola"",""kediba"",""matolu"",""mogude""]",1.0,1.0,kediba,gukema,gukema,kediba,kediba,nubola,kediba,matolu,mogude,2,2,73
segmentation_trial,213453,0.0-11.0-0.2,5,"[""matolu"",""nubola"",""mogude"",""kediba""]",eopnm6ard3yaryx,zipfian,"[""nubola"",""kediba"",""matolu"",""mogude""]",0.0,0.0,mogude,lamodi,lamodi,mogude,lamodi,nubola,kediba,matolu,mogude,4,2,138
segmentation_trial,219367,0.0-11.0-0.3,5,"[""matolu"",""nubola"",""mogude"",""kediba""]",eopnm6ard3yaryx,zipfian,"[""nubola"",""kediba"",""matolu"",""mogude""]",0.0,1.0,kediba,tobanu,kediba,tobanu,kediba,nubola,kediba,matolu,mogude,2,2,75
segmentation_trial,225801,0.0-11.0-0.4,5,"[""matolu"",""nubola"",""mogude"",""kediba""]",eopnm6ard3yaryx,zipfian,"[""nubola"",""kediba"",""matolu"",""mogude""]",0.0,0.0,nubola,gukema,gukema,nubola,gukema,nubola,kediba,matolu,mogude,1,2,165
segmentation_trial,232135,0.0-11.0-0.5,5,"[""matolu"",""nubola"",""mogude"",""kediba""]",eopnm6ard3yaryx,zipfian,"[""nubola"",""kediba"",""matolu"",""mogude""]",1.0,0.0,mogude,tobanu,mogude,tobanu,tobanu,nubola,kediba,matolu,mogude,4,2,139
segmentation_trial,239169,0.0-11.0-0.6,5,"[""matolu"",""nubola"",""mogude"",""kediba""]",eopnm6ard3yaryx,zipfian,"[""nubola"",""kediba"",""matolu"",""mogude""]",1.0,1.0,matolu,gukema,gukema,matolu,matolu,nubola,kediba,matolu,mogude,3,2,117
segmentation_trial,246972,0.0-11.0-0.7,5,"[""matolu"",""nubola"",""mogude"",""kediba""]",eopnm6ard3yaryx,zipfian,"[""nubola"",""kediba"",""matolu"",""mogude""]",1.0,1.0,kediba,lamodi,lamodi,kediba,kediba,nubola,kediba,matolu,mogude,2,2,74
segmentation_trial,255006,0.0-11.0-0.8,5,"[""matolu"",""nubola"",""mogude"",""kediba""]",eopnm6ard3yaryx,zipfian,"[""nubola"",""kediba"",""matolu"",""mogude""]",1.0,0.0,nubola,delubo,nubola,delubo,delubo,nubola,kediba,matolu,mogude,1,2,164
segmentation_trial,271605,0.0-11.0-0.9,5,"[""matolu"",""nubola"",""mogude"",""kediba""]",eopnm6ard3yaryx,zipfian,"[""nubola"",""kediba"",""matolu"",""mogude""]",0.0,0.0,mogude,gukema,gukema,mogude,gukema,nubola,kediba,matolu,mogude,4,2,137
segmentation_trial,279657,0.0-11.0-0.10,5,"[""matolu"",""nubola"",""mogude"",""kediba""]",eopnm6ard3yaryx,zipfian,"[""nubola"",""kediba"",""matolu"",""mogude""]",0.0,1.0,kediba,delubo,kediba,delubo,kediba,nubola,kediba,matolu,mogude,2,2,72
segmentation_trial,286757,0.0-11.0-0.11,5,"[""matolu"",""nubola"",""mogude"",""kediba""]",eopnm6ard3yaryx,zipfian,"[""nubola"",""kediba"",""matolu"",""mogude""]",0.0,0.0,nubola,lamodi,lamodi,nubola,lamodi,nubola,kediba,matolu,mogude,1,2,166
segmentation_trial,296375,0.0-11.0-0.12,5,"[""matolu"",""nubola"",""mogude"",""kediba""]",eopnm6ard3yaryx,zipfian,"[""nubola"",""kediba"",""matolu"",""mogude""]",0.0,1.0,mogude,delubo,mogude,delubo,mogude,nubola,kediba,matolu,mogude,4,2,136
segmentation_trial,302242,0.0-11.0-0.13,5,"[""matolu"",""nubola"",""mogude"",""kediba""]",eopnm6ard3yaryx,zipfian,"[""nubola"",""kediba"",""matolu"",""mogude""]",0.0,1.0,matolu,tobanu,matolu,tobanu,matolu,nubola,kediba,matolu,mogude,3,2,119
segmentation_trial,309976,0.0-11.0-0.14,5,"[""matolu"",""nubola"",""mogude"",""kediba""]",eopnm6ard3yaryx,zipfian,"[""nubola"",""kediba"",""matolu"",""mogude""]",1.0,1.0,matolu,lamodi,lamodi,matolu,matolu,nubola,kediba,matolu,mogude,3,2,118
segmentation_trial,319125,0.0-11.0-0.15,5,"[""matolu"",""nubola"",""mogude"",""kediba""]",eopnm6ard3yaryx,zipfian,"[""nubola"",""kediba"",""matolu"",""mogude""]",0.0,1.0,nubola,tobanu,nubola,tobanu,nubola,nubola,kediba,matolu,mogude,1,2,167
segmentation_trial,265895,0.0-11.0-0.0,1,"[""lemaku"",""gibeto"",""bugona"",""dotumi""]",t3fydxsxdpac59d,uniform,,0.0,1.0,gibeto,kulego,gibeto,kulego,gibeto,,,,,0,2,48
segmentation_trial,272464,0.0-11.0-0.1,1,"[""lemaku"",""gibeto"",""bugona"",""dotumi""]",t3fydxsxdpac59d,uniform,,1.0,1.0,lemaku,midobe,midobe,lemaku,lemaku,,,,,0,2,109
segmentation_trial,278946,0.0-11.0-0.2,1,"[""lemaku"",""gibeto"",""bugona"",""dotumi""]",t3fydxsxdpac59d,uniform,,1.0,1.0,gibeto,nagitu,nagitu,gibeto,gibeto,,,,,0,2,50
segmentation_trial,285417,0.0-11.0-0.3,1,"[""lemaku"",""gibeto"",""bugona"",""dotumi""]",t3fydxsxdpac59d,uniform,,0.0,1.0,lemaku,tobuma,lemaku,tobuma,lemaku,,,,,0,2,111
segmentation_trial,292852,0.0-11.0-0.4,1,"[""lemaku"",""gibeto"",""bugona"",""dotumi""]",t3fydxsxdpac59d,uniform,,1.0,1.0,dotumi,midobe,midobe,dotumi,dotumi,,,,,0,2,41
segmentation_trial,299747,0.0-11.0-0.5,1,"[""lemaku"",""gibeto"",""bugona"",""dotumi""]",t3fydxsxdpac59d,uniform,,0.0,1.0,bugona,tobuma,bugona,tobuma,bugona,,,,,0,2,15
segmentation_trial,306922,0.0-11.0-0.6,1,"[""lemaku"",""gibeto"",""bugona"",""dotumi""]",t3fydxsxdpac59d,uniform,,1.0,1.0,lemaku,nagitu,nagitu,lemaku,lemaku,,,,,0,2,110
segmentation_trial,314600,0.0-11.0-0.7,1,"[""lemaku"",""gibeto"",""bugona"",""dotumi""]",t3fydxsxdpac59d,uniform,,1.0,0.0,dotumi,kulego,dotumi,kulego,kulego,,,,,0,2,40
segmentation_trial,321525,0.0-11.0-0.8,1,"[""lemaku"",""gibeto"",""bugona"",""dotumi""]",t3fydxsxdpac59d,uniform,,0.0,0.0,bugona,midobe,midobe,bugona,midobe,,,,,0,2,13
segmentation_trial,328100,0.0-11.0-0.9,1,"[""lemaku"",""gibeto"",""bugona"",""dotumi""]",t3fydxsxdpac59d,uniform,,0.0,1.0,gibeto,tobuma,gibeto,tobuma,gibeto,,,,,0,2,51
segmentation_trial,334532,0.0-11.0-0.10,1,"[""lemaku"",""gibeto"",""bugona"",""dotumi""]",t3fydxsxdpac59d,uniform,,0.0,0.0,bugona,nagitu,nagitu,bugona,nagitu,,,,,0,2,14
segmentation_trial,341870,0.0-11.0-0.11,1,"[""lemaku"",""gibeto"",""bugona"",""dotumi""]",t3fydxsxdpac59d,uniform,,0.0,1.0,dotumi,tobuma,dotumi,tobuma,dotumi,,,,,0,2,43
segmentation_trial,348561,0.0-11.0-0.12,1,"[""lemaku"",""gibeto"",""bugona"",""dotumi""]",t3fydxsxdpac59d,uniform,,1.0,1.0,gibeto,midobe,midobe,gibeto,gibeto,,,,,0,2,49
segmentation_trial,355758,0.0-11.0-0.13,1,"[""lemaku"",""gibeto"",""bugona"",""dotumi""]",t3fydxsxdpac59d,uniform,,1.0,0.0,bugona,kulego,bugona,kulego,kulego,,,,,0,2,12
segmentation_trial,362162,0.0-11.0-0.14,1,"[""lemaku"",""gibeto"",""bugona"",""dotumi""]",t3fydxsxdpac59d,uniform,,0.0,0.0,dotumi,nagitu,nagitu,dotumi,nagitu,,,,,0,2,42
segmentation_trial,368821,0.0-11.0-0.15,1,"[""lemaku"",""gibeto"",""bugona"",""dotumi""]",t3fydxsxdpac59d,uniform,,1.0,0.0,lemaku,kulego,lemaku,kulego,kulego,,,,,0,2,108
segmentation_trial,332219,0.0-11.0-0.0,5,"[""matolu"",""nubola"",""mogude"",""kediba""]",ovh7zhutbk9ynrf,uniform,,0.0,0.0,nubola,gukema,gukema,nubola,gukema,,,,,0,2,165
segmentation_trial,338613,0.0-11.0-0.1,5,"[""matolu"",""nubola"",""mogude"",""kediba""]",ovh7zhutbk9ynrf,uniform,,1.0,1.0,kediba,lamodi,lamodi,kediba,kediba,,,,,0,2,74
segmentation_trial,347552,0.0-11.0-0.2,5,"[""matolu"",""nubola"",""mogude"",""kediba""]",ovh7zhutbk9ynrf,uniform,,0.0,1.0,mogude,tobanu,mogude,tobanu,mogude,,,,,0,2,139
segmentation_trial,354886,0.0-11.0-0.3,5,"[""matolu"",""nubola"",""mogude"",""kediba""]",ovh7zhutbk9ynrf,uniform,,1.0,1.0,matolu,gukema,gukema,matolu,matolu,,,,,0,2,117
segmentation_trial,361420,0.0-11.0-0.4,5,"[""matolu"",""nubola"",""mogude"",""kediba""]",ovh7zhutbk9ynrf,uniform,,0.0,1.0,kediba,tobanu,kediba,tobanu,kediba,,,,,0,2,75
segmentation_trial,368243,0.0-11.0-0.5,5,"[""matolu"",""nubola"",""mogude"",""kediba""]",ovh7zhutbk9ynrf,uniform,,0.0,0.0,nubola,lamodi,lamodi,nubola,lamodi,,,,,0,2,166
segmentation_trial,396179,0.0-11.0-0.6,5,"[""matolu"",""nubola"",""mogude"",""kediba""]",ovh7zhutbk9ynrf,uniform,,0.0,0.0,mogude,gukema,gukema,mogude,gukema,,,,,0,2,137
segmentation_trial,403510,0.0-11.0-0.7,5,"[""matolu"",""nubola"",""mogude"",""kediba""]",ovh7zhutbk9ynrf,uniform,,1.0,0.0,nubola,tobanu,nubola,tobanu,tobanu,,,,,0,2,167
segmentation_trial,409936,0.0-11.0-0.8,5,"[""matolu"",""nubola"",""mogude"",""kediba""]",ovh7zhutbk9ynrf,uniform,,1.0,1.0,kediba,gukema,gukema,kediba,kediba,,,,,0,2,73
segmentation_trial,416703,0.0-11.0-0.9,5,"[""matolu"",""nubola"",""mogude"",""kediba""]",ovh7zhutbk9ynrf,uniform,,0.0,0.0,mogude,lamodi,lamodi,mogude,lamodi,,,,,0,2,138
segmentation_trial,422839,0.0-11.0-0.10,5,"[""matolu"",""nubola"",""mogude"",""kediba""]",ovh7zhutbk9ynrf,uniform,,0.0,1.0,kediba,delubo,kediba,delubo,kediba,,,,,0,2,72
segmentation_trial,429235,0.0-11.0-0.11,5,"[""matolu"",""nubola"",""mogude"",""kediba""]",ovh7zhutbk9ynrf,uniform,,0.0,0.0,matolu,lamodi,lamodi,matolu,lamodi,,,,,0,2,118
segmentation_trial,436085,0.0-11.0-0.12,5,"[""matolu"",""nubola"",""mogude"",""kediba""]",ovh7zhutbk9ynrf,uniform,,1.0,0.0,mogude,delubo,mogude,delubo,delubo,,,,,0,2,136
segmentation_trial,443860,0.0-11.0-0.13,5,"[""matolu"",""nubola"",""mogude"",""kediba""]",ovh7zhutbk9ynrf,uniform,,0.0,1.0,matolu,tobanu,matolu,tobanu,matolu,,,,,0,2,119
segmentation_trial,450251,0.0-11.0-0.14,5,"[""matolu"",""nubola"",""mogude"",""kediba""]",ovh7zhutbk9ynrf,uniform,,1.0,0.0,nubola,delubo,nubola,delubo,delubo,,,,,0,2,164
segmentation_trial,456716,0.0-11.0-0.15,5,"[""matolu"",""nubola"",""mogude"",""kediba""]",ovh7zhutbk9ynrf,uniform,,0.0,1.0,matolu,delubo,matolu,delubo,matolu,,,,,0,2,116
segmentation_trial,246782,0.0-11.0-0.0,2,"[""lakubi"",""negado"",""mudile"",""kitena""]",z9h34nrcwxqku2u,uniform,,0.0,1.0,lakubi,dokine,lakubi,dokine,lakubi,,,,,0,1,97
segmentation_trial,252606,0.0-11.0-0.1,2,"[""lakubi"",""negado"",""mudile"",""kitena""]",z9h34nrcwxqku2u,uniform,,0.0,1.0,negado,binaku,negado,binaku,negado,,,,,0,1,152
segmentation_trial,259118,0.0-11.0-0.2,2,"[""lakubi"",""negado"",""mudile"",""kitena""]",z9h34nrcwxqku2u,uniform,,0.0,0.0,mudile,temula,temula,mudile,temula,,,,,0,1,143
segmentation_trial,264878,0.0-11.0-0.3,2,"[""lakubi"",""negado"",""mudile"",""kitena""]",z9h34nrcwxqku2u,uniform,,0.0,1.0,kitena,binaku,kitena,binaku,kitena,,,,,0,1,80
segmentation_trial,271982,0.0-11.0-0.4,2,"[""lakubi"",""negado"",""mudile"",""kitena""]",z9h34nrcwxqku2u,uniform,,1.0,1.0,negado,galedi,galedi,negado,negado,,,,,0,1,154
segmentation_trial,277822,0.0-11.0-0.5,2,"[""lakubi"",""negado"",""mudile"",""kitena""]",z9h34nrcwxqku2u,uniform,,0.0,1.0,lakubi,binaku,lakubi,binaku,lakubi,,,,,0,1,96
segmentation_trial,283678,0.0-11.0-0.6,2,"[""lakubi"",""negado"",""mudile"",""kitena""]",z9h34nrcwxqku2u,uniform,,1.0,1.0,kitena,galedi,galedi,kitena,kitena,,,,,0,1,82
segmentation_trial,289462,0.0-11.0-0.7,2,"[""lakubi"",""negado"",""mudile"",""kitena""]",z9h34nrcwxqku2u,uniform,,0.0,1.0,negado,dokine,negado,dokine,negado,,,,,0,1,153
segmentation_trial,295302,0.0-11.0-0.8,2,"[""lakubi"",""negado"",""mudile"",""kitena""]",z9h34nrcwxqku2u,uniform,,1.0,1.0,kitena,temula,temula,kitena,kitena,,,,,0,1,83
segmentation_trial,301726,0.0-11.0-0.9,2,"[""lakubi"",""negado"",""mudile"",""kitena""]",z9h34nrcwxqku2u,uniform,,1.0,0.0,mudile,dokine,mudile,dokine,dokine,,,,,0,1,141
segmentation_trial,307542,0.0-11.0-0.10,2,"[""lakubi"",""negado"",""mudile"",""kitena""]",z9h34nrcwxqku2u,uniform,,1.0,1.0,lakubi,galedi,galedi,lakubi,lakubi,,,,,0,1,98
segmentation_trial,313758,0.0-11.0-0.11,2,"[""lakubi"",""negado"",""mudile"",""kitena""]",z9h34nrcwxqku2u,uniform,,1.0,1.0,negado,temula,temula,negado,negado,,,,,0,1,155
segmentation_trial,319742,0.0-11.0-0.12,2,"[""lakubi"",""negado"",""mudile"",""kitena""]",z9h34nrcwxqku2u,uniform,,0.0,1.0,mudile,binaku,mudile,binaku,mudile,,,,,0,1,140
segmentation_trial,325478,0.0-11.0-0.13,2,"[""lakubi"",""negado"",""mudile"",""kitena""]",z9h34nrcwxqku2u,uniform,,0.0,1.0,kitena,dokine,kitena,dokine,kitena,,,,,0,1,81
segmentation_trial,332398,0.0-11.0-0.14,2,"[""lakubi"",""negado"",""mudile"",""kitena""]",z9h34nrcwxqku2u,uniform,,1.0,1.0,mudile,galedi,galedi,mudile,mudile,,,,,0,1,142
segmentation_trial,338822,0.0-11.0-0.15,2,"[""lakubi"",""negado"",""mudile"",""kitena""]",z9h34nrcwxqku2u,uniform,,1.0,1.0,lakubi,temula,temula,lakubi,lakubi,,,,,0,1,99
segmentation_trial,390699,0.0-11.0-0.0,5,"[""matolu"",""nubola"",""mogude"",""kediba""]",30amu2zu4uka27k,zipfian,"[""nubola"",""matolu"",""mogude"",""kediba""]",0.0,1.0,kediba,delubo,kediba,delubo,kediba,nubola,matolu,mogude,kediba,4,2,72
segmentation_trial,397246,0.0-11.0-0.1,5,"[""matolu"",""nubola"",""mogude"",""kediba""]",30amu2zu4uka27k,zipfian,"[""nubola"",""matolu"",""mogude"",""kediba""]",1.0,1.0,mogude,gukema,gukema,mogude,mogude,nubola,matolu,mogude,kediba,3,2,137
segmentation_trial,403120,0.0-11.0-0.2,5,"[""matolu"",""nubola"",""mogude"",""kediba""]",30amu2zu4uka27k,zipfian,"[""nubola"",""matolu"",""mogude"",""kediba""]",0.0,0.0,kediba,lamodi,lamodi,kediba,lamodi,nubola,matolu,mogude,kediba,4,2,74
segmentation_trial,410711,0.0-11.0-0.3,5,"[""matolu"",""nubola"",""mogude"",""kediba""]",30amu2zu4uka27k,zipfian,"[""nubola"",""matolu"",""mogude"",""kediba""]",1.0,0.0,nubola,delubo,nubola,delubo,delubo,nubola,matolu,mogude,kediba,1,2,164
segmentation_trial,416634,0.0-11.0-0.4,5,"[""matolu"",""nubola"",""mogude"",""kediba""]",30amu2zu4uka27k,zipfian,"[""nubola"",""matolu"",""mogude"",""kediba""]",1.0,1.0,matolu,gukema,gukema,matolu,matolu,nubola,matolu,mogude,kediba,2,2,117
segmentation_trial,422853,0.0-11.0-0.5,5,"[""matolu"",""nubola"",""mogude"",""kediba""]",30amu2zu4uka27k,zipfian,"[""nubola"",""matolu"",""mogude"",""kediba""]",1.0,0.0,mogude,tobanu,mogude,tobanu,tobanu,nubola,matolu,mogude,kediba,3,2,139
segmentation_trial,431048,0.0-11.0-0.6,5,"[""matolu"",""nubola"",""mogude"",""kediba""]",30amu2zu4uka27k,zipfian,"[""nubola"",""matolu"",""mogude"",""kediba""]",1.0,1.0,nubola,gukema,gukema,nubola,nubola,nubola,matolu,mogude,kediba,1,2,165
segmentation_trial,437525,0.0-11.0-0.7,5,"[""matolu"",""nubola"",""mogude"",""kediba""]",30amu2zu4uka27k,zipfian,"[""nubola"",""matolu"",""mogude"",""kediba""]",1.0,0.0,matolu,delubo,matolu,delubo,delubo,nubola,matolu,mogude,kediba,2,2,116
segmentation_trial,446541,0.0-11.0-0.8,5,"[""matolu"",""nubola"",""mogude"",""kediba""]",30amu2zu4uka27k,zipfian,"[""nubola"",""matolu"",""mogude"",""kediba""]",1.0,1.0,mogude,lamodi,lamodi,mogude,mogude,nubola,matolu,mogude,kediba,3,2,138
segmentation_trial,454129,0.0-11.0-0.9,5,"[""matolu"",""nubola"",""mogude"",""kediba""]",30amu2zu4uka27k,zipfian,"[""nubola"",""matolu"",""mogude"",""kediba""]",0.0,0.0,kediba,gukema,gukema,kediba,gukema,nubola,matolu,mogude,kediba,4,2,73
segmentation_trial,461778,0.0-11.0-0.10,5,"[""matolu"",""nubola"",""mogude"",""kediba""]",30amu2zu4uka27k,zipfian,"[""nubola"",""matolu"",""mogude"",""kediba""]",0.0,0.0,matolu,lamodi,lamodi,matolu,lamodi,nubola,matolu,mogude,kediba,2,2,118
segmentation_trial,469577,0.0-11.0-0.11,5,"[""matolu"",""nubola"",""mogude"",""kediba""]",30amu2zu4uka27k,zipfian,"[""nubola"",""matolu"",""mogude"",""kediba""]",1.0,0.0,mogude,delubo,mogude,delubo,delubo,nubola,matolu,mogude,kediba,3,2,136
segmentation_trial,475760,0.0-11.0-0.12,5,"[""matolu"",""nubola"",""mogude"",""kediba""]",30amu2zu4uka27k,zipfian,"[""nubola"",""matolu"",""mogude"",""kediba""]",0.0,1.0,matolu,tobanu,matolu,tobanu,matolu,nubola,matolu,mogude,kediba,2,2,119
segmentation_trial,482031,0.0-11.0-0.13,5,"[""matolu"",""nubola"",""mogude"",""kediba""]",30amu2zu4uka27k,zipfian,"[""nubola"",""matolu"",""mogude"",""kediba""]",0.0,0.0,nubola,lamodi,lamodi,nubola,lamodi,nubola,matolu,mogude,kediba,1,2,166
segmentation_trial,489011,0.0-11.0-0.14,5,"[""matolu"",""nubola"",""mogude"",""kediba""]",30amu2zu4uka27k,zipfian,"[""nubola"",""matolu"",""mogude"",""kediba""]",1.0,0.0,kediba,tobanu,kediba,tobanu,tobanu,nubola,matolu,mogude,kediba,4,2,75
segmentation_trial,495250,0.0-11.0-0.15,5,"[""matolu"",""nubola"",""mogude"",""kediba""]",30amu2zu4uka27k,zipfian,"[""nubola"",""matolu"",""mogude"",""kediba""]",1.0,0.0,nubola,tobanu,nubola,tobanu,tobanu,nubola,matolu,mogude,kediba,1,2,167
segmentation_trial,303093,0.0-11.0-0.0,6,"[""nodebu"",""dimate"",""mekugo"",""gubila""]",oe24bw2741y1j8j,uniform,,0.0,1.0,nodebu,bimegu,nodebu,bimegu,nodebu,,,,,0,1,160
segmentation_trial,309925,0.0-11.0-0.1,6,"[""nodebu"",""dimate"",""mekugo"",""gubila""]",oe24bw2741y1j8j,uniform,,1.0,1.0,gubila,tegoma,tegoma,gubila,gubila,,,,,0,1,59
segmentation_trial,316829,0.0-11.0-0.2,6,"[""nodebu"",""dimate"",""mekugo"",""gubila""]",oe24bw2741y1j8j,uniform,,0.0,1.0,mekugo,bimegu,mekugo,bimegu,mekugo,,,,,0,1,120
segmentation_trial,323372,0.0-11.0-0.3,6,"[""nodebu"",""dimate"",""mekugo"",""gubila""]",oe24bw2741y1j8j,uniform,,1.0,1.0,dimate,labude,labude,dimate,dimate,,,,,0,1,30
segmentation_trial,329729,0.0-11.0-0.4,6,"[""nodebu"",""dimate"",""mekugo"",""gubila""]",oe24bw2741y1j8j,uniform,,0.0,1.0,mekugo,kudino,mekugo,kudino,mekugo,,,,,0,1,121
segmentation_trial,336495,0.0-11.0-0.5,6,"[""nodebu"",""dimate"",""mekugo"",""gubila""]",oe24bw2741y1j8j,uniform,,1.0,0.0,gubila,bimegu,gubila,bimegu,bimegu,,,,,0,1,56
segmentation_trial,343066,0.0-11.0-0.6,6,"[""nodebu"",""dimate"",""mekugo"",""gubila""]",oe24bw2741y1j8j,uniform,,0.0,1.0,nodebu,kudino,nodebu,kudino,nodebu,,,,,0,1,161
segmentation_trial,349438,0.0-11.0-0.7,6,"[""nodebu"",""dimate"",""mekugo"",""gubila""]",oe24bw2741y1j8j,uniform,,1.0,1.0,mekugo,tegoma,tegoma,mekugo,mekugo,,,,,0,1,123
segmentation_trial,355921,0.0-11.0-0.8,6,"[""nodebu"",""dimate"",""mekugo"",""gubila""]",oe24bw2741y1j8j,uniform,,1.0,1.0,gubila,labude,labude,gubila,gubila,,,,,0,1,58
segmentation_trial,362656,0.0-11.0-0.9,6,"[""nodebu"",""dimate"",""mekugo"",""gubila""]",oe24bw2741y1j8j,uniform,,0.0,1.0,dimate,kudino,dimate,kudino,dimate,,,,,0,1,29
segmentation_trial,368874,0.0-11.0-0.10,6,"[""nodebu"",""dimate"",""mekugo"",""gubila""]",oe24bw2741y1j8j,uniform,,1.0,1.0,nodebu,labude,labude,nodebu,nodebu,,,,,0,1,162
segmentation_trial,375449,0.0-11.0-0.11,6,"[""nodebu"",""dimate"",""mekugo"",""gubila""]",oe24bw2741y1j8j,uniform,,0.0,1.0,gubila,kudino,gubila,kudino,gubila,,,,,0,1,57
segmentation_trial,381966,0.0-11.0-0.12,6,"[""nodebu"",""dimate"",""mekugo"",""gubila""]",oe24bw2741y1j8j,uniform,,1.0,1.0,dimate,tegoma,tegoma,dimate,dimate,,,,,0,1,31
segmentation_trial,388799,0.0-11.0-0.13,6,"[""nodebu"",""dimate"",""mekugo"",""gubila""]",oe24bw2741y1j8j,uniform,,1.0,1.0,mekugo,labude,labude,mekugo,mekugo,,,,,0,1,122
segmentation_trial,395385,0.0-11.0-0.14,6,"[""nodebu"",""dimate"",""mekugo"",""gubila""]",oe24bw2741y1j8j,uniform,,1.0,1.0,nodebu,tegoma,tegoma,nodebu,nodebu,,,,,0,1,163
segmentation_trial,401886,0.0-11.0-0.15,6,"[""nodebu"",""dimate"",""mekugo"",""gubila""]",oe24bw2741y1j8j,uniform,,0.0,1.0,dimate,bimegu,dimate,bimegu,dimate,,,,,0,1,28
segmentation_trial,237655,0.0-11.0-0.0,2,"[""binaku"",""temula"",""dokine"",""galedi""]",6zarbz3kqtrohzo,zipfian,"[""galedi"",""binaku"",""dokine"",""temula""]",1.0,0.0,galedi,lakubi,galedi,lakubi,lakubi,galedi,binaku,dokine,temula,1,2,45
segmentation_trial,245721,0.0-11.0-0.1,2,"[""binaku"",""temula"",""dokine"",""galedi""]",6zarbz3kqtrohzo,zipfian,"[""galedi"",""binaku"",""dokine"",""temula""]",1.0,0.0,binaku,mudile,binaku,mudile,mudile,galedi,binaku,dokine,temula,2,2,6
segmentation_trial,252805,0.0-11.0-0.2,2,"[""binaku"",""temula"",""dokine"",""galedi""]",6zarbz3kqtrohzo,zipfian,"[""galedi"",""binaku"",""dokine"",""temula""]",1.0,1.0,temula,kitena,kitena,temula,temula,galedi,binaku,dokine,temula,4,2,180
segmentation_trial,259388,0.0-11.0-0.3,2,"[""binaku"",""temula"",""dokine"",""galedi""]",6zarbz3kqtrohzo,zipfian,"[""galedi"",""binaku"",""dokine"",""temula""]",1.0,1.0,galedi,negado,negado,galedi,galedi,galedi,binaku,dokine,temula,1,2,47
segmentation_trial,266138,0.0-11.0-0.4,2,"[""binaku"",""temula"",""dokine"",""galedi""]",6zarbz3kqtrohzo,zipfian,"[""galedi"",""binaku"",""dokine"",""temula""]",1.0,1.0,binaku,kitena,kitena,binaku,binaku,galedi,binaku,dokine,temula,2,2,4
segmentation_trial,272438,0.0-11.0-0.5,2,"[""binaku"",""temula"",""dokine"",""galedi""]",6zarbz3kqtrohzo,zipfian,"[""galedi"",""binaku"",""dokine"",""temula""]",1.0,0.0,temula,lakubi,temula,lakubi,lakubi,galedi,binaku,dokine,temula,4,2,181
segmentation_trial,279021,0.0-11.0-0.6,2,"[""binaku"",""temula"",""dokine"",""galedi""]",6zarbz3kqtrohzo,zipfian,"[""galedi"",""binaku"",""dokine"",""temula""]",0.0,0.0,galedi,kitena,kitena,galedi,kitena,galedi,binaku,dokine,temula,1,2,44
segmentation_trial,286005,0.0-11.0-0.7,2,"[""binaku"",""temula"",""dokine"",""galedi""]",6zarbz3kqtrohzo,zipfian,"[""galedi"",""binaku"",""dokine"",""temula""]",1.0,1.0,binaku,negado,negado,binaku,binaku,galedi,binaku,dokine,temula,2,2,7
segmentation_trial,292055,0.0-11.0-0.8,2,"[""binaku"",""temula"",""dokine"",""galedi""]",6zarbz3kqtrohzo,zipfian,"[""galedi"",""binaku"",""dokine"",""temula""]",1.0,0.0,dokine,lakubi,dokine,lakubi,lakubi,galedi,binaku,dokine,temula,3,2,37
segmentation_trial,298504,0.0-11.0-0.9,2,"[""binaku"",""temula"",""dokine"",""galedi""]",6zarbz3kqtrohzo,zipfian,"[""galedi"",""binaku"",""dokine"",""temula""]",0.0,1.0,galedi,mudile,galedi,mudile,galedi,galedi,binaku,dokine,temula,1,2,46
segmentation_trial,305371,0.0-11.0-0.10,2,"[""binaku"",""temula"",""dokine"",""galedi""]",6zarbz3kqtrohzo,zipfian,"[""galedi"",""binaku"",""dokine"",""temula""]",1.0,1.0,temula,negado,negado,temula,temula,galedi,binaku,dokine,temula,4,2,183
segmentation_trial,312187,0.0-11.0-0.11,2,"[""binaku"",""temula"",""dokine"",""galedi""]",6zarbz3kqtrohzo,zipfian,"[""galedi"",""binaku"",""dokine"",""temula""]",1.0,1.0,dokine,kitena,kitena,dokine,dokine,galedi,binaku,dokine,temula,3,2,36
segmentation_trial,318554,0.0-11.0-0.12,2,"[""binaku"",""temula"",""dokine"",""galedi""]",6zarbz3kqtrohzo,zipfian,"[""galedi"",""binaku"",""dokine"",""temula""]",1.0,0.0,binaku,lakubi,binaku,lakubi,lakubi,galedi,binaku,dokine,temula,2,2,5
segmentation_trial,324471,0.0-11.0-0.13,2,"[""binaku"",""temula"",""dokine"",""galedi""]",6zarbz3kqtrohzo,zipfian,"[""galedi"",""binaku"",""dokine"",""temula""]",1.0,0.0,dokine,mudile,dokine,mudile,mudile,galedi,binaku,dokine,temula,3,2,38
segmentation_trial,331654,0.0-11.0-0.14,2,"[""binaku"",""temula"",""dokine"",""galedi""]",6zarbz3kqtrohzo,zipfian,"[""galedi"",""binaku"",""dokine"",""temula""]",0.0,1.0,temula,mudile,temula,mudile,temula,galedi,binaku,dokine,temula,4,2,182
segmentation_trial,338221,0.0-11.0-0.15,2,"[""binaku"",""temula"",""dokine"",""galedi""]",6zarbz3kqtrohzo,zipfian,"[""galedi"",""binaku"",""dokine"",""temula""]",0.0,0.0,dokine,negado,negado,dokine,negado,galedi,binaku,dokine,temula,3,2,39
segmentation_trial,289175,0.0-11.0-0.0,1,"[""kulego"",""nagitu"",""tobuma"",""midobe""]",ls69d5bngymvmz7,zipfian,"[""kulego"",""nagitu"",""midobe"",""tobuma""]",0.0,1.0,midobe,bugona,midobe,bugona,midobe,kulego,nagitu,midobe,tobuma,3,1,124
segmentation_trial,296796,0.0-11.0-0.1,1,"[""kulego"",""nagitu"",""tobuma"",""midobe""]",ls69d5bngymvmz7,zipfian,"[""kulego"",""nagitu"",""midobe"",""tobuma""]",0.0,0.0,kulego,gibeto,gibeto,kulego,gibeto,kulego,nagitu,midobe,tobuma,1,1,90
segmentation_trial,304188,0.0-11.0-0.2,1,"[""kulego"",""nagitu"",""tobuma"",""midobe""]",ls69d5bngymvmz7,zipfian,"[""kulego"",""nagitu"",""midobe"",""tobuma""]",0.0,1.0,midobe,lemaku,midobe,lemaku,midobe,kulego,nagitu,midobe,tobuma,3,1,127
segmentation_trial,311062,0.0-11.0-0.3,1,"[""kulego"",""nagitu"",""tobuma"",""midobe""]",ls69d5bngymvmz7,zipfian,"[""kulego"",""nagitu"",""midobe"",""tobuma""]",0.0,1.0,kulego,bugona,kulego,bugona,kulego,kulego,nagitu,midobe,tobuma,1,1,88
segmentation_trial,318292,0.0-11.0-0.4,1,"[""kulego"",""nagitu"",""tobuma"",""midobe""]",ls69d5bngymvmz7,zipfian,"[""kulego"",""nagitu"",""midobe"",""tobuma""]",0.0,1.0,nagitu,lemaku,nagitu,lemaku,nagitu,kulego,nagitu,midobe,tobuma,2,1,151
segmentation_trial,325279,0.0-11.0-0.5,1,"[""kulego"",""nagitu"",""tobuma"",""midobe""]",ls69d5bngymvmz7,zipfian,"[""kulego"",""nagitu"",""midobe"",""tobuma""]",1.0,1.0,tobuma,dotumi,dotumi,tobuma,tobuma,kulego,nagitu,midobe,tobuma,4,1,189
segmentation_trial,332302,0.0-11.0-0.6,1,"[""kulego"",""nagitu"",""tobuma"",""midobe""]",ls69d5bngymvmz7,zipfian,"[""kulego"",""nagitu"",""midobe"",""tobuma""]",0.0,0.0,nagitu,gibeto,gibeto,nagitu,gibeto,kulego,nagitu,midobe,tobuma,2,1,150
segmentation_trial,339618,0.0-11.0-0.7,1,"[""kulego"",""nagitu"",""tobuma"",""midobe""]",ls69d5bngymvmz7,zipfian,"[""kulego"",""nagitu"",""midobe"",""tobuma""]",0.0,0.0,midobe,dotumi,dotumi,midobe,dotumi,kulego,nagitu,midobe,tobuma,3,1,125
segmentation_trial,346625,0.0-11.0-0.8,1,"[""kulego"",""nagitu"",""tobuma"",""midobe""]",ls69d5bngymvmz7,zipfian,"[""kulego"",""nagitu"",""midobe"",""tobuma""]",0.0,1.0,tobuma,bugona,tobuma,bugona,tobuma,kulego,nagitu,midobe,tobuma,4,1,188
segmentation_trial,353460,0.0-11.0-0.9,1,"[""kulego"",""nagitu"",""tobuma"",""midobe""]",ls69d5bngymvmz7,zipfian,"[""kulego"",""nagitu"",""midobe"",""tobuma""]",0.0,1.0,kulego,lemaku,kulego,lemaku,kulego,kulego,nagitu,midobe,tobuma,1,1,91
segmentation_trial,360947,0.0-11.0-0.10,1,"[""kulego"",""nagitu"",""tobuma"",""midobe""]",ls69d5bngymvmz7,zipfian,"[""kulego"",""nagitu"",""midobe"",""tobuma""]",1.0,1.0,midobe,gibeto,gibeto,midobe,midobe,kulego,nagitu,midobe,tobuma,3,1,126
segmentation_trial,367931,0.0-11.0-0.11,1,"[""kulego"",""nagitu"",""tobuma"",""midobe""]",ls69d5bngymvmz7,zipfian,"[""kulego"",""nagitu"",""midobe"",""tobuma""]",1.0,1.0,kulego,dotumi,dotumi,kulego,kulego,kulego,nagitu,midobe,tobuma,1,1,89
segmentation_trial,374596,0.0-11.0-0.12,1,"[""kulego"",""nagitu"",""tobuma"",""midobe""]",ls69d5bngymvmz7,zipfian,"[""kulego"",""nagitu"",""midobe"",""tobuma""]",1.0,1.0,tobuma,gibeto,gibeto,tobuma,tobuma,kulego,nagitu,midobe,tobuma,4,1,190
segmentation_trial,381405,0.0-11.0-0.13,1,"[""kulego"",""nagitu"",""tobuma"",""midobe""]",ls69d5bngymvmz7,zipfian,"[""kulego"",""nagitu"",""midobe"",""tobuma""]",0.0,0.0,nagitu,dotumi,dotumi,nagitu,dotumi,kulego,nagitu,midobe,tobuma,2,1,149
segmentation_trial,388223,0.0-11.0-0.14,1,"[""kulego"",""nagitu"",""tobuma"",""midobe""]",ls69d5bngymvmz7,zipfian,"[""kulego"",""nagitu"",""midobe"",""tobuma""]",0.0,1.0,tobuma,lemaku,tobuma,lemaku,tobuma,kulego,nagitu,midobe,tobuma,4,1,191
segmentation_trial,395053,0.0-11.0-0.15,1,"[""kulego"",""nagitu"",""tobuma"",""midobe""]",ls69d5bngymvmz7,zipfian,"[""kulego"",""nagitu"",""midobe"",""tobuma""]",0.0,1.0,nagitu,bugona,nagitu,bugona,nagitu,kulego,nagitu,midobe,tobuma,2,1,148
segmentation_trial,409815,0.0-11.0-0.0,3,"[""nadite"",""lebado"",""bogumi"",""gitoka""]",a8ctavjbvecoenc,uniform,,1.0,0.0,bogumi,dogiba,bogumi,dogiba,dogiba,,,,,0,2,8
segmentation_trial,419983,0.0-11.0-0.1,3,"[""nadite"",""lebado"",""bogumi"",""gitoka""]",a8ctavjbvecoenc,uniform,,0.0,1.0,gitoka,tebodi,gitoka,tebodi,gitoka,,,,,0,2,55
segmentation_trial,427082,0.0-11.0-0.2,3,"[""nadite"",""lebado"",""bogumi"",""gitoka""]",a8ctavjbvecoenc,uniform,,0.0,1.0,nadite,dogiba,nadite,dogiba,nadite,,,,,0,2,144
segmentation_trial,434549,0.0-11.0-0.3,3,"[""nadite"",""lebado"",""bogumi"",""gitoka""]",a8ctavjbvecoenc,uniform,,1.0,1.0,gitoka,minato,minato,gitoka,gitoka,,,,,0,2,54
segmentation_trial,442549,0.0-11.0-0.4,3,"[""nadite"",""lebado"",""bogumi"",""gitoka""]",a8ctavjbvecoenc,uniform,,0.0,0.0,bogumi,kalegu,kalegu,bogumi,kalegu,,,,,0,2,9
segmentation_trial,449573,0.0-11.0-0.5,3,"[""nadite"",""lebado"",""bogumi"",""gitoka""]",a8ctavjbvecoenc,uniform,,0.0,1.0,nadite,tebodi,nadite,tebodi,nadite,,,,,0,2,147
segmentation_trial,456758,0.0-11.0-0.6,3,"[""nadite"",""lebado"",""bogumi"",""gitoka""]",a8ctavjbvecoenc,uniform,,1.0,1.0,lebado,kalegu,kalegu,lebado,lebado,,,,,0,2,105
segmentation_trial,464706,0.0-11.0-0.7,3,"[""nadite"",""lebado"",""bogumi"",""gitoka""]",a8ctavjbvecoenc,uniform,,0.0,1.0,bogumi,tebodi,bogumi,tebodi,bogumi,,,,,0,2,11
segmentation_trial,471373,0.0-11.0-0.8,3,"[""nadite"",""lebado"",""bogumi"",""gitoka""]",a8ctavjbvecoenc,uniform,,0.0,1.0,gitoka,dogiba,gitoka,dogiba,gitoka,,,,,0,2,52
segmentation_trial,480314,0.0-11.0-0.9,3,"[""nadite"",""lebado"",""bogumi"",""gitoka""]",a8ctavjbvecoenc,uniform,,1.0,1.0,bogumi,minato,minato,bogumi,bogumi,,,,,0,2,10
segmentation_trial,487067,0.0-11.0-0.10,3,"[""nadite"",""lebado"",""bogumi"",""gitoka""]",a8ctavjbvecoenc,uniform,,0.0,1.0,lebado,dogiba,lebado,dogiba,lebado,,,,,0,2,104
segmentation_trial,494227,0.0-11.0-0.11,3,"[""nadite"",""lebado"",""bogumi"",""gitoka""]",a8ctavjbvecoenc,uniform,,1.0,1.0,nadite,minato,minato,nadite,nadite,,,,,0,2,146
segmentation_trial,500898,0.0-11.0-0.12,3,"[""nadite"",""lebado"",""bogumi"",""gitoka""]",a8ctavjbvecoenc,uniform,,0.0,1.0,lebado,tebodi,lebado,tebodi,lebado,,,,,0,2,107
segmentation_trial,510013,0.0-11.0-0.13,3,"[""nadite"",""lebado"",""bogumi"",""gitoka""]",a8ctavjbvecoenc,uniform,,0.0,0.0,nadite,kalegu,kalegu,nadite,kalegu,,,,,0,2,145
segmentation_trial,517977,0.0-11.0-0.14,3,"[""nadite"",""lebado"",""bogumi"",""gitoka""]",a8ctavjbvecoenc,uniform,,1.0,1.0,lebado,minato,minato,lebado,lebado,,,,,0,2,106
segmentation_trial,526453,0.0-11.0-0.15,3,"[""nadite"",""lebado"",""bogumi"",""gitoka""]",a8ctavjbvecoenc,uniform,,0.0,0.0,gitoka,kalegu,kalegu,gitoka,kalegu,,,,,0,2,53
segmentation_trial,245242,0.0-11.0-0.0,1,"[""kulego"",""nagitu"",""tobuma"",""midobe""]",2lrvmxlbk6h09s0,uniform,,0.0,1.0,midobe,bugona,midobe,bugona,midobe,,,,,0,1,124
segmentation_trial,252340,0.0-11.0-0.1,1,"[""kulego"",""nagitu"",""tobuma"",""midobe""]",2lrvmxlbk6h09s0,uniform,,1.0,1.0,nagitu,dotumi,dotumi,nagitu,nagitu,,,,,0,1,149
segmentation_trial,259221,0.0-11.0-0.2,1,"[""kulego"",""nagitu"",""tobuma"",""midobe""]",2lrvmxlbk6h09s0,uniform,,0.0,1.0,midobe,lemaku,midobe,lemaku,midobe,,,,,0,1,127
segmentation_trial,265393,0.0-11.0-0.3,1,"[""kulego"",""nagitu"",""tobuma"",""midobe""]",2lrvmxlbk6h09s0,uniform,,1.0,1.0,nagitu,gibeto,gibeto,nagitu,nagitu,,,,,0,1,150
segmentation_trial,271914,0.0-11.0-0.4,1,"[""kulego"",""nagitu"",""tobuma"",""midobe""]",2lrvmxlbk6h09s0,uniform,,1.0,1.0,kulego,dotumi,dotumi,kulego,kulego,,,,,0,1,89
segmentation_trial,279051,0.0-11.0-0.5,1,"[""kulego"",""nagitu"",""tobuma"",""midobe""]",2lrvmxlbk6h09s0,uniform,,0.0,1.0,nagitu,bugona,nagitu,bugona,nagitu,,,,,0,1,148
segmentation_trial,284836,0.0-11.0-0.6,1,"[""kulego"",""nagitu"",""tobuma"",""midobe""]",2lrvmxlbk6h09s0,uniform,,0.0,0.0,tobuma,gibeto,gibeto,tobuma,gibeto,,,,,0,1,190
segmentation_trial,290881,0.0-11.0-0.7,1,"[""kulego"",""nagitu"",""tobuma"",""midobe""]",2lrvmxlbk6h09s0,uniform,,0.0,1.0,kulego,bugona,kulego,bugona,kulego,,,,,0,1,88
segmentation_trial,298639,0.0-11.0-0.8,1,"[""kulego"",""nagitu"",""tobuma"",""midobe""]",2lrvmxlbk6h09s0,uniform,,1.0,1.0,midobe,dotumi,dotumi,midobe,midobe,,,,,0,1,125
segmentation_trial,304610,0.0-11.0-0.9,1,"[""kulego"",""nagitu"",""tobuma"",""midobe""]",2lrvmxlbk6h09s0,uniform,,1.0,1.0,kulego,gibeto,gibeto,kulego,kulego,,,,,0,1,90
segmentation_trial,310471,0.0-11.0-0.10,1,"[""kulego"",""nagitu"",""tobuma"",""midobe""]",2lrvmxlbk6h09s0,uniform,,0.0,1.0,nagitu,lemaku,nagitu,lemaku,nagitu,,,,,0,1,151
segmentation_trial,316833,0.0-11.0-0.11,1,"[""kulego"",""nagitu"",""tobuma"",""midobe""]",2lrvmxlbk6h09s0,uniform,,1.0,1.0,midobe,gibeto,gibeto,midobe,midobe,,,,,0,1,126
segmentation_trial,324616,0.0-11.0-0.12,1,"[""kulego"",""nagitu"",""tobuma"",""midobe""]",2lrvmxlbk6h09s0,uniform,,0.0,1.0,tobuma,bugona,tobuma,bugona,tobuma,,,,,0,1,188
segmentation_trial,330479,0.0-11.0-0.13,1,"[""kulego"",""nagitu"",""tobuma"",""midobe""]",2lrvmxlbk6h09s0,uniform,,0.0,1.0,kulego,lemaku,kulego,lemaku,kulego,,,,,0,1,91
segmentation_trial,337074,0.0-11.0-0.14,1,"[""kulego"",""nagitu"",""tobuma"",""midobe""]",2lrvmxlbk6h09s0,uniform,,0.0,0.0,tobuma,dotumi,dotumi,tobuma,dotumi,,,,,0,1,189
segmentation_trial,343035,0.0-11.0-0.15,1,"[""kulego"",""nagitu"",""tobuma"",""midobe""]",2lrvmxlbk6h09s0,uniform,,0.0,1.0,tobuma,lemaku,tobuma,lemaku,tobuma,,,,,0,1,191
segmentation_trial,277718,0.0-11.0-0.0,5,"[""tobanu"",""gukema"",""delubo"",""lamodi""]",1d0ycv8tf8v17wo,uniform,,0.0,1.0,gukema,mogude,gukema,mogude,gukema,,,,,0,1,62
segmentation_trial,288645,0.0-11.0-0.1,5,"[""tobanu"",""gukema"",""delubo"",""lamodi""]",1d0ycv8tf8v17wo,uniform,,0.0,0.0,lamodi,nubola,nubola,lamodi,nubola,,,,,0,1,103
segmentation_trial,298617,0.0-11.0-0.2,5,"[""tobanu"",""gukema"",""delubo"",""lamodi""]",1d0ycv8tf8v17wo,uniform,,0.0,0.0,delubo,kediba,kediba,delubo,kediba,,,,,0,1,20
segmentation_trial,306544,0.0-11.0-0.3,5,"[""tobanu"",""gukema"",""delubo"",""lamodi""]",1d0ycv8tf8v17wo,uniform,,1.0,0.0,lamodi,mogude,lamodi,mogude,mogude,,,,,0,1,102
segmentation_trial,313548,0.0-11.0-0.4,5,"[""tobanu"",""gukema"",""delubo"",""lamodi""]",1d0ycv8tf8v17wo,uniform,,0.0,0.0,delubo,nubola,nubola,delubo,nubola,,,,,0,1,23
segmentation_trial,321842,0.0-11.0-0.5,5,"[""tobanu"",""gukema"",""delubo"",""lamodi""]",1d0ycv8tf8v17wo,uniform,,0.0,1.0,tobanu,matolu,tobanu,matolu,tobanu,,,,,0,1,185
segmentation_trial,329394,0.0-11.0-0.6,5,"[""tobanu"",""gukema"",""delubo"",""lamodi""]",1d0ycv8tf8v17wo,uniform,,0.0,0.0,lamodi,kediba,kediba,lamodi,kediba,,,,,0,1,100
segmentation_trial,336060,0.0-11.0-0.7,5,"[""tobanu"",""gukema"",""delubo"",""lamodi""]",1d0ycv8tf8v17wo,uniform,,0.0,1.0,delubo,mogude,delubo,mogude,delubo,,,,,0,1,22
segmentation_trial,343076,0.0-11.0-0.8,5,"[""tobanu"",""gukema"",""delubo"",""lamodi""]",1d0ycv8tf8v17wo,uniform,,0.0,1.0,lamodi,matolu,lamodi,matolu,lamodi,,,,,0,1,101
segmentation_trial,350571,0.0-11.0-0.9,5,"[""tobanu"",""gukema"",""delubo"",""lamodi""]",1d0ycv8tf8v17wo,uniform,,0.0,0.0,gukema,nubola,nubola,gukema,nubola,,,,,0,1,63
segmentation_trial,357472,0.0-11.0-0.10,5,"[""tobanu"",""gukema"",""delubo"",""lamodi""]",1d0ycv8tf8v17wo,uniform,,1.0,1.0,tobanu,kediba,kediba,tobanu,tobanu,,,,,0,1,184
segmentation_trial,363647,0.0-11.0-0.11,5,"[""tobanu"",""gukema"",""delubo"",""lamodi""]",1d0ycv8tf8v17wo,uniform,,0.0,1.0,delubo,matolu,delubo,matolu,delubo,,,,,0,1,21
segmentation_trial,370872,0.0-11.0-0.12,5,"[""tobanu"",""gukema"",""delubo"",""lamodi""]",1d0ycv8tf8v17wo,uniform,,1.0,1.0,gukema,kediba,kediba,gukema,gukema,,,,,0,1,60
segmentation_trial,378146,0.0-11.0-0.13,5,"[""tobanu"",""gukema"",""delubo"",""lamodi""]",1d0ycv8tf8v17wo,uniform,,0.0,1.0,tobanu,mogude,tobanu,mogude,tobanu,,,,,0,1,186
segmentation_trial,384807,0.0-11.0-0.14,5,"[""tobanu"",""gukema"",""delubo"",""lamodi""]",1d0ycv8tf8v17wo,uniform,,0.0,1.0,gukema,matolu,gukema,matolu,gukema,,,,,0,1,61
segmentation_trial,391405,0.0-11.0-0.15,5,"[""tobanu"",""gukema"",""delubo"",""lamodi""]",1d0ycv8tf8v17wo,uniform,,0.0,0.0,tobanu,nubola,nubola,tobanu,nubola,,,,,0,1,187
segmentation_trial,253171,0.0-11.0-0.0,1,"[""kulego"",""nagitu"",""tobuma"",""midobe""]",v8vh90hcnsf2d5p,zipfian,"[""kulego"",""midobe"",""nagitu"",""tobuma""]",0.0,1.0,tobuma,lemaku,tobuma,lemaku,tobuma,kulego,midobe,nagitu,tobuma,4,1,191
segmentation_trial,260023,0.0-11.0-0.1,1,"[""kulego"",""nagitu"",""tobuma"",""midobe""]",v8vh90hcnsf2d5p,zipfian,"[""kulego"",""midobe"",""nagitu"",""tobuma""]",0.0,0.0,nagitu,gibeto,gibeto,nagitu,gibeto,kulego,midobe,nagitu,tobuma,3,1,150
segmentation_trial,266889,0.0-11.0-0.2,1,"[""kulego"",""nagitu"",""tobuma"",""midobe""]",v8vh90hcnsf2d5p,zipfian,"[""kulego"",""midobe"",""nagitu"",""tobuma""]",0.0,0.0,midobe,dotumi,dotumi,midobe,dotumi,kulego,midobe,nagitu,tobuma,2,1,125
segmentation_trial,273336,0.0-11.0-0.3,1,"[""kulego"",""nagitu"",""tobuma"",""midobe""]",v8vh90hcnsf2d5p,zipfian,"[""kulego"",""midobe"",""nagitu"",""tobuma""]",0.0,1.0,nagitu,lemaku,nagitu,lemaku,nagitu,kulego,midobe,nagitu,tobuma,3,1,151
segmentation_trial,279788,0.0-11.0-0.4,1,"[""kulego"",""nagitu"",""tobuma"",""midobe""]",v8vh90hcnsf2d5p,zipfian,"[""kulego"",""midobe"",""nagitu"",""tobuma""]",1.0,1.0,tobuma,gibeto,gibeto,tobuma,tobuma,kulego,midobe,nagitu,tobuma,4,1,190
segmentation_trial,289155,0.0-11.0-0.5,1,"[""kulego"",""nagitu"",""tobuma"",""midobe""]",v8vh90hcnsf2d5p,zipfian,"[""kulego"",""midobe"",""nagitu"",""tobuma""]",0.0,1.0,midobe,bugona,midobe,bugona,midobe,kulego,midobe,nagitu,tobuma,2,1,124
segmentation_trial,295449,0.0-11.0-0.6,1,"[""kulego"",""nagitu"",""tobuma"",""midobe""]",v8vh90hcnsf2d5p,zipfian,"[""kulego"",""midobe"",""nagitu"",""tobuma""]",1.0,1.0,kulego,gibeto,gibeto,kulego,kulego,kulego,midobe,nagitu,tobuma,1,1,90
segmentation_trial,301702,0.0-11.0-0.7,1,"[""kulego"",""nagitu"",""tobuma"",""midobe""]",v8vh90hcnsf2d5p,zipfian,"[""kulego"",""midobe"",""nagitu"",""tobuma""]",0.0,1.0,tobuma,bugona,tobuma,bugona,tobuma,kulego,midobe,nagitu,tobuma,4,1,188
segmentation_trial,309161,0.0-11.0-0.8,1,"[""kulego"",""nagitu"",""tobuma"",""midobe""]",v8vh90hcnsf2d5p,zipfian,"[""kulego"",""midobe"",""nagitu"",""tobuma""]",0.0,0.0,midobe,gibeto,gibeto,midobe,gibeto,kulego,midobe,nagitu,tobuma,2,1,126
segmentation_trial,318745,0.0-11.0-0.9,1,"[""kulego"",""nagitu"",""tobuma"",""midobe""]",v8vh90hcnsf2d5p,zipfian,"[""kulego"",""midobe"",""nagitu"",""tobuma""]",0.0,1.0,nagitu,bugona,nagitu,bugona,nagitu,kulego,midobe,nagitu,tobuma,3,1,148
segmentation_trial,325039,0.0-11.0-0.10,1,"[""kulego"",""nagitu"",""tobuma"",""midobe""]",v8vh90hcnsf2d5p,zipfian,"[""kulego"",""midobe"",""nagitu"",""tobuma""]",1.0,1.0,kulego,dotumi,dotumi,kulego,kulego,kulego,midobe,nagitu,tobuma,1,1,89
segmentation_trial,331900,0.0-11.0-0.11,1,"[""kulego"",""nagitu"",""tobuma"",""midobe""]",v8vh90hcnsf2d5p,zipfian,"[""kulego"",""midobe"",""nagitu"",""tobuma""]",1.0,0.0,midobe,lemaku,midobe,lemaku,lemaku,kulego,midobe,nagitu,tobuma,2,1,127
segmentation_trial,338117,0.0-11.0-0.12,1,"[""kulego"",""nagitu"",""tobuma"",""midobe""]",v8vh90hcnsf2d5p,zipfian,"[""kulego"",""midobe"",""nagitu"",""tobuma""]",0.0,1.0,kulego,bugona,kulego,bugona,kulego,kulego,midobe,nagitu,tobuma,1,1,88
segmentation_trial,345112,0.0-11.0-0.13,1,"[""kulego"",""nagitu"",""tobuma"",""midobe""]",v8vh90hcnsf2d5p,zipfian,"[""kulego"",""midobe"",""nagitu"",""tobuma""]",0.0,0.0,nagitu,dotumi,dotumi,nagitu,dotumi,kulego,midobe,nagitu,tobuma,3,1,149
segmentation_trial,351264,0.0-11.0-0.14,1,"[""kulego"",""nagitu"",""tobuma"",""midobe""]",v8vh90hcnsf2d5p,zipfian,"[""kulego"",""midobe"",""nagitu"",""tobuma""]",0.0,1.0,kulego,lemaku,kulego,lemaku,kulego,kulego,midobe,nagitu,tobuma,1,1,91
segmentation_trial,357600,0.0-11.0-0.15,1,"[""kulego"",""nagitu"",""tobuma"",""midobe""]",v8vh90hcnsf2d5p,zipfian,"[""kulego"",""midobe"",""nagitu"",""tobuma""]",1.0,1.0,tobuma,dotumi,dotumi,tobuma,tobuma,kulego,midobe,nagitu,tobuma,4,1,189
segmentation_trial,239118,0.0-11.0-0.0,2,"[""binaku"",""temula"",""dokine"",""galedi""]",02hz44wxenaorf0,zipfian,"[""temula"",""dokine"",""binaku"",""galedi""]",0.0,1.0,temula,lakubi,temula,lakubi,temula,temula,dokine,binaku,galedi,1,2,181
segmentation_trial,247728,0.0-11.0-0.1,2,"[""binaku"",""temula"",""dokine"",""galedi""]",02hz44wxenaorf0,zipfian,"[""temula"",""dokine"",""binaku"",""galedi""]",1.0,0.0,binaku,mudile,binaku,mudile,mudile,temula,dokine,binaku,galedi,3,2,6
segmentation_trial,257558,0.0-11.0-0.2,2,"[""binaku"",""temula"",""dokine"",""galedi""]",02hz44wxenaorf0,zipfian,"[""temula"",""dokine"",""binaku"",""galedi""]",1.0,1.0,dokine,negado,negado,dokine,dokine,temula,dokine,binaku,galedi,2,2,39
segmentation_trial,263862,0.0-11.0-0.3,2,"[""binaku"",""temula"",""dokine"",""galedi""]",02hz44wxenaorf0,zipfian,"[""temula"",""dokine"",""binaku"",""galedi""]",1.0,1.0,temula,kitena,kitena,temula,temula,temula,dokine,binaku,galedi,1,2,180
segmentation_trial,270112,0.0-11.0-0.4,2,"[""binaku"",""temula"",""dokine"",""galedi""]",02hz44wxenaorf0,zipfian,"[""temula"",""dokine"",""binaku"",""galedi""]",1.0,1.0,binaku,negado,negado,binaku,binaku,temula,dokine,binaku,galedi,3,2,7
segmentation_trial,276426,0.0-11.0-0.5,2,"[""binaku"",""temula"",""dokine"",""galedi""]",02hz44wxenaorf0,zipfian,"[""temula"",""dokine"",""binaku"",""galedi""]",0.0,1.0,dokine,mudile,dokine,mudile,dokine,temula,dokine,binaku,galedi,2,2,38
segmentation_trial,282594,0.0-11.0-0.6,2,"[""binaku"",""temula"",""dokine"",""galedi""]",02hz44wxenaorf0,zipfian,"[""temula"",""dokine"",""binaku"",""galedi""]",1.0,1.0,binaku,kitena,kitena,binaku,binaku,temula,dokine,binaku,galedi,3,2,4
segmentation_trial,288776,0.0-11.0-0.7,2,"[""binaku"",""temula"",""dokine"",""galedi""]",02hz44wxenaorf0,zipfian,"[""temula"",""dokine"",""binaku"",""galedi""]",1.0,0.0,galedi,mudile,galedi,mudile,mudile,temula,dokine,binaku,galedi,4,2,46
segmentation_trial,295261,0.0-11.0-0.8,2,"[""binaku"",""temula"",""dokine"",""galedi""]",02hz44wxenaorf0,zipfian,"[""temula"",""dokine"",""binaku"",""galedi""]",1.0,1.0,temula,negado,negado,temula,temula,temula,dokine,binaku,galedi,1,2,183
segmentation_trial,302004,0.0-11.0-0.9,2,"[""binaku"",""temula"",""dokine"",""galedi""]",02hz44wxenaorf0,zipfian,"[""temula"",""dokine"",""binaku"",""galedi""]",0.0,0.0,galedi,kitena,kitena,galedi,kitena,temula,dokine,binaku,galedi,4,2,44
segmentation_trial,309934,0.0-11.0-0.10,2,"[""binaku"",""temula"",""dokine"",""galedi""]",02hz44wxenaorf0,zipfian,"[""temula"",""dokine"",""binaku"",""galedi""]",1.0,0.0,temula,mudile,temula,mudile,mudile,temula,dokine,binaku,galedi,1,2,182
segmentation_trial,316576,0.0-11.0-0.11,2,"[""binaku"",""temula"",""dokine"",""galedi""]",02hz44wxenaorf0,zipfian,"[""temula"",""dokine"",""binaku"",""galedi""]",1.0,1.0,dokine,kitena,kitena,dokine,dokine,temula,dokine,binaku,galedi,2,2,36
segmentation_trial,324771,0.0-11.0-0.12,2,"[""binaku"",""temula"",""dokine"",""galedi""]",02hz44wxenaorf0,zipfian,"[""temula"",""dokine"",""binaku"",""galedi""]",0.0,0.0,galedi,negado,negado,galedi,negado,temula,dokine,binaku,galedi,4,2,47
segmentation_trial,334211,0.0-11.0-0.13,2,"[""binaku"",""temula"",""dokine"",""galedi""]",02hz44wxenaorf0,zipfian,"[""temula"",""dokine"",""binaku"",""galedi""]",1.0,0.0,binaku,lakubi,binaku,lakubi,lakubi,temula,dokine,binaku,galedi,3,2,5
segmentation_trial,344151,0.0-11.0-0.14,2,"[""binaku"",""temula"",""dokine"",""galedi""]",02hz44wxenaorf0,zipfian,"[""temula"",""dokine"",""binaku"",""galedi""]",0.0,1.0,galedi,lakubi,galedi,lakubi,galedi,temula,dokine,binaku,galedi,4,2,45
segmentation_trial,350466,0.0-11.0-0.15,2,"[""binaku"",""temula"",""dokine"",""galedi""]",02hz44wxenaorf0,zipfian,"[""temula"",""dokine"",""binaku"",""galedi""]",0.0,1.0,dokine,lakubi,dokine,lakubi,dokine,temula,dokine,binaku,galedi,2,2,37
segmentation_trial,323799,0.0-11.0-0.0,4,"[""gumeki"",""letumo"",""nodabu"",""digote""]",6xpbcaz6b92axdr,zipfian,"[""digote"",""gumeki"",""nodabu"",""letumo""]",0.0,1.0,nodabu,bulego,nodabu,bulego,nodabu,digote,gumeki,nodabu,letumo,3,2,156
segmentation_trial,332337,0.0-11.0-0.1,4,"[""gumeki"",""letumo"",""nodabu"",""digote""]",6xpbcaz6b92axdr,zipfian,"[""digote"",""gumeki"",""nodabu"",""letumo""]",1.0,1.0,gumeki,moditu,moditu,gumeki,gumeki,digote,gumeki,nodabu,letumo,2,2,66
segmentation_trial,338723,0.0-11.0-0.2,4,"[""gumeki"",""letumo"",""nodabu"",""digote""]",6xpbcaz6b92axdr,zipfian,"[""digote"",""gumeki"",""nodabu"",""letumo""]",1.0,0.0,digote,kinome,digote,kinome,kinome,digote,gumeki,nodabu,letumo,1,2,25
segmentation_trial,347241,0.0-11.0-0.3,4,"[""gumeki"",""letumo"",""nodabu"",""digote""]",6xpbcaz6b92axdr,zipfian,"[""digote"",""gumeki"",""nodabu"",""letumo""]",0.0,1.0,letumo,bulego,letumo,bulego,letumo,digote,gumeki,nodabu,letumo,4,2,112
segmentation_trial,353542,0.0-11.0-0.4,4,"[""gumeki"",""letumo"",""nodabu"",""digote""]",6xpbcaz6b92axdr,zipfian,"[""digote"",""gumeki"",""nodabu"",""letumo""]",1.0,1.0,digote,moditu,moditu,digote,digote,digote,gumeki,nodabu,letumo,1,2,26
segmentation_trial,359687,0.0-11.0-0.5,4,"[""gumeki"",""letumo"",""nodabu"",""digote""]",6xpbcaz6b92axdr,zipfian,"[""digote"",""gumeki"",""nodabu"",""letumo""]",0.0,0.0,gumeki,teguda,teguda,gumeki,teguda,digote,gumeki,nodabu,letumo,2,2,67
segmentation_trial,366839,0.0-11.0-0.6,4,"[""gumeki"",""letumo"",""nodabu"",""digote""]",6xpbcaz6b92axdr,zipfian,"[""digote"",""gumeki"",""nodabu"",""letumo""]",1.0,0.0,letumo,kinome,letumo,kinome,kinome,digote,gumeki,nodabu,letumo,4,2,113
segmentation_trial,374329,0.0-11.0-0.7,4,"[""gumeki"",""letumo"",""nodabu"",""digote""]",6xpbcaz6b92axdr,zipfian,"[""digote"",""gumeki"",""nodabu"",""letumo""]",1.0,0.0,gumeki,bulego,gumeki,bulego,bulego,digote,gumeki,nodabu,letumo,2,2,64
segmentation_trial,381185,0.0-11.0-0.8,4,"[""gumeki"",""letumo"",""nodabu"",""digote""]",6xpbcaz6b92axdr,zipfian,"[""digote"",""gumeki"",""nodabu"",""letumo""]",0.0,0.0,digote,teguda,teguda,digote,teguda,digote,gumeki,nodabu,letumo,1,2,27
segmentation_trial,387289,0.0-11.0-0.9,4,"[""gumeki"",""letumo"",""nodabu"",""digote""]",6xpbcaz6b92axdr,zipfian,"[""digote"",""gumeki"",""nodabu"",""letumo""]",0.0,0.0,letumo,moditu,moditu,letumo,moditu,digote,gumeki,nodabu,letumo,4,2,114
segmentation_trial,395881,0.0-11.0-0.10,4,"[""gumeki"",""letumo"",""nodabu"",""digote""]",6xpbcaz6b92axdr,zipfian,"[""digote"",""gumeki"",""nodabu"",""letumo""]",1.0,0.0,digote,bulego,digote,bulego,bulego,digote,gumeki,nodabu,letumo,1,2,24
segmentation_trial,402205,0.0-11.0-0.11,4,"[""gumeki"",""letumo"",""nodabu"",""digote""]",6xpbcaz6b92axdr,zipfian,"[""digote"",""gumeki"",""nodabu"",""letumo""]",1.0,1.0,nodabu,moditu,moditu,nodabu,nodabu,digote,gumeki,nodabu,letumo,3,2,158
segmentation_trial,409067,0.0-11.0-0.12,4,"[""gumeki"",""letumo"",""nodabu"",""digote""]",6xpbcaz6b92axdr,zipfian,"[""digote"",""gumeki"",""nodabu"",""letumo""]",0.0,0.0,letumo,teguda,teguda,letumo,teguda,digote,gumeki,nodabu,letumo,4,2,115
segmentation_trial,415045,0.0-11.0-0.13,4,"[""gumeki"",""letumo"",""nodabu"",""digote""]",6xpbcaz6b92axdr,zipfian,"[""digote"",""gumeki"",""nodabu"",""letumo""]",0.0,1.0,nodabu,kinome,nodabu,kinome,nodabu,digote,gumeki,nodabu,letumo,3,2,157
segmentation_trial,420981,0.0-11.0-0.14,4,"[""gumeki"",""letumo"",""nodabu"",""digote""]",6xpbcaz6b92axdr,zipfian,"[""digote"",""gumeki"",""nodabu"",""letumo""]",1.0,1.0,nodabu,teguda,teguda,nodabu,nodabu,digote,gumeki,nodabu,letumo,3,2,159
segmentation_trial,427953,0.0-11.0-0.15,4,"[""gumeki"",""letumo"",""nodabu"",""digote""]",6xpbcaz6b92axdr,zipfian,"[""digote"",""gumeki"",""nodabu"",""letumo""]",0.0,1.0,gumeki,kinome,gumeki,kinome,gumeki,digote,gumeki,nodabu,letumo,2,2,65
segmentation_trial,225001,0.0-11.0-0.0,2,"[""dogiba"",""kalegu"",""tebodi"",""minato""]",b82p7egydnc7dh3,uniform,,1.0,1.0,minato,lebado,lebado,minato,minato,,,,,0,1,130
segmentation_trial,231687,0.0-11.0-0.1,2,"[""dogiba"",""kalegu"",""tebodi"",""minato""]",b82p7egydnc7dh3,uniform,,0.0,0.0,tebodi,gitoka,gitoka,tebodi,gitoka,,,,,0,1,169
segmentation_trial,239614,0.0-11.0-0.2,2,"[""dogiba"",""kalegu"",""tebodi"",""minato""]",b82p7egydnc7dh3,uniform,,0.0,1.0,dogiba,bogumi,dogiba,bogumi,dogiba,,,,,0,1,32
segmentation_trial,247714,0.0-11.0-0.3,2,"[""dogiba"",""kalegu"",""tebodi"",""minato""]",b82p7egydnc7dh3,uniform,,1.0,1.0,kalegu,gitoka,gitoka,kalegu,kalegu,,,,,0,1,69
segmentation_trial,254203,0.0-11.0-0.4,2,"[""dogiba"",""kalegu"",""tebodi"",""minato""]",b82p7egydnc7dh3,uniform,,0.0,0.0,tebodi,lebado,lebado,tebodi,lebado,,,,,0,1,170
segmentation_trial,260661,0.0-11.0-0.5,2,"[""dogiba"",""kalegu"",""tebodi"",""minato""]",b82p7egydnc7dh3,uniform,,0.0,0.0,dogiba,gitoka,gitoka,dogiba,gitoka,,,,,0,1,33
segmentation_trial,267627,0.0-11.0-0.6,2,"[""dogiba"",""kalegu"",""tebodi"",""minato""]",b82p7egydnc7dh3,uniform,,0.0,1.0,minato,bogumi,minato,bogumi,minato,,,,,0,1,128
segmentation_trial,273874,0.0-11.0-0.7,2,"[""dogiba"",""kalegu"",""tebodi"",""minato""]",b82p7egydnc7dh3,uniform,,0.0,1.0,dogiba,nadite,dogiba,nadite,dogiba,,,,,0,1,35
segmentation_trial,280783,0.0-11.0-0.8,2,"[""dogiba"",""kalegu"",""tebodi"",""minato""]",b82p7egydnc7dh3,uniform,,0.0,1.0,tebodi,bogumi,tebodi,bogumi,tebodi,,,,,0,1,168
segmentation_trial,287295,0.0-11.0-0.9,2,"[""dogiba"",""kalegu"",""tebodi"",""minato""]",b82p7egydnc7dh3,uniform,,0.0,0.0,minato,gitoka,gitoka,minato,gitoka,,,,,0,1,129
segmentation_trial,294548,0.0-11.0-0.10,2,"[""dogiba"",""kalegu"",""tebodi"",""minato""]",b82p7egydnc7dh3,uniform,,1.0,1.0,dogiba,lebado,lebado,dogiba,dogiba,,,,,0,1,34
segmentation_trial,301542,0.0-11.0-0.11,2,"[""dogiba"",""kalegu"",""tebodi"",""minato""]",b82p7egydnc7dh3,uniform,,0.0,1.0,kalegu,bogumi,kalegu,bogumi,kalegu,,,,,0,1,68
segmentation_trial,308202,0.0-11.0-0.12,2,"[""dogiba"",""kalegu"",""tebodi"",""minato""]",b82p7egydnc7dh3,uniform,,1.0,0.0,tebodi,nadite,tebodi,nadite,nadite,,,,,0,1,171
segmentation_trial,314674,0.0-11.0-0.13,2,"[""dogiba"",""kalegu"",""tebodi"",""minato""]",b82p7egydnc7dh3,uniform,,0.0,0.0,kalegu,lebado,lebado,kalegu,lebado,,,,,0,1,70
segmentation_trial,321132,0.0-11.0-0.14,2,"[""dogiba"",""kalegu"",""tebodi"",""minato""]",b82p7egydnc7dh3,uniform,,0.0,1.0,minato,nadite,minato,nadite,minato,,,,,0,1,131
segmentation_trial,327829,0.0-11.0-0.15,2,"[""dogiba"",""kalegu"",""tebodi"",""minato""]",b82p7egydnc7dh3,uniform,,0.0,1.0,kalegu,nadite,kalegu,nadite,kalegu,,,,,0,1,71
segmentation_trial,295578,0.0-11.0-0.0,4,"[""gumeki"",""letumo"",""nodabu"",""digote""]",4oe0ff42hkuq0h8,uniform,,0.0,0.0,digote,moditu,moditu,digote,moditu,,,,,0,2,26
segmentation_trial,302696,0.0-11.0-0.1,4,"[""gumeki"",""letumo"",""nodabu"",""digote""]",4oe0ff42hkuq0h8,uniform,,0.0,0.0,gumeki,teguda,teguda,gumeki,teguda,,,,,0,2,67
segmentation_trial,308756,0.0-11.0-0.2,4,"[""gumeki"",""letumo"",""nodabu"",""digote""]",4oe0ff42hkuq0h8,uniform,,1.0,1.0,nodabu,moditu,moditu,nodabu,nodabu,,,,,0,2,158
segmentation_trial,314881,0.0-11.0-0.3,4,"[""gumeki"",""letumo"",""nodabu"",""digote""]",4oe0ff42hkuq0h8,uniform,,0.0,1.0,gumeki,kinome,gumeki,kinome,gumeki,,,,,0,2,65
segmentation_trial,321473,0.0-11.0-0.4,4,"[""gumeki"",""letumo"",""nodabu"",""digote""]",4oe0ff42hkuq0h8,uniform,,1.0,0.0,nodabu,bulego,nodabu,bulego,bulego,,,,,0,2,156
segmentation_trial,327760,0.0-11.0-0.5,4,"[""gumeki"",""letumo"",""nodabu"",""digote""]",4oe0ff42hkuq0h8,uniform,,1.0,1.0,letumo,moditu,moditu,letumo,letumo,,,,,0,2,114
segmentation_trial,335321,0.0-11.0-0.6,4,"[""gumeki"",""letumo"",""nodabu"",""digote""]",4oe0ff42hkuq0h8,uniform,,1.0,0.0,digote,kinome,digote,kinome,kinome,,,,,0,2,25
segmentation_trial,341416,0.0-11.0-0.7,4,"[""gumeki"",""letumo"",""nodabu"",""digote""]",4oe0ff42hkuq0h8,uniform,,0.0,1.0,gumeki,bulego,gumeki,bulego,gumeki,,,,,0,2,64
segmentation_trial,347467,0.0-11.0-0.8,4,"[""gumeki"",""letumo"",""nodabu"",""digote""]",4oe0ff42hkuq0h8,uniform,,1.0,1.0,letumo,teguda,teguda,letumo,letumo,,,,,0,2,115
segmentation_trial,354425,0.0-11.0-0.9,4,"[""gumeki"",""letumo"",""nodabu"",""digote""]",4oe0ff42hkuq0h8,uniform,,0.0,1.0,digote,bulego,digote,bulego,digote,,,,,0,2,24
segmentation_trial,363181,0.0-11.0-0.10,4,"[""gumeki"",""letumo"",""nodabu"",""digote""]",4oe0ff42hkuq0h8,uniform,,1.0,0.0,letumo,kinome,letumo,kinome,kinome,,,,,0,2,113
segmentation_trial,369829,0.0-11.0-0.11,4,"[""gumeki"",""letumo"",""nodabu"",""digote""]",4oe0ff42hkuq0h8,uniform,,1.0,1.0,gumeki,moditu,moditu,gumeki,gumeki,,,,,0,2,66
segmentation_trial,377195,0.0-11.0-0.12,4,"[""gumeki"",""letumo"",""nodabu"",""digote""]",4oe0ff42hkuq0h8,uniform,,0.0,1.0,letumo,bulego,letumo,bulego,letumo,,,,,0,2,112
segmentation_trial,384274,0.0-11.0-0.13,4,"[""gumeki"",""letumo"",""nodabu"",""digote""]",4oe0ff42hkuq0h8,uniform,,1.0,0.0,nodabu,kinome,nodabu,kinome,kinome,,,,,0,2,157
segmentation_trial,391098,0.0-11.0-0.14,4,"[""gumeki"",""letumo"",""nodabu"",""digote""]",4oe0ff42hkuq0h8,uniform,,0.0,0.0,digote,teguda,teguda,digote,teguda,,,,,0,2,27
segmentation_trial,397850,0.0-11.0-0.15,4,"[""gumeki"",""letumo"",""nodabu"",""digote""]",4oe0ff42hkuq0h8,uniform,,0.0,0.0,nodabu,teguda,teguda,nodabu,teguda,,,,,0,2,159
segmentation_trial,381216,0.0-11.0-0.0,1,"[""kulego"",""nagitu"",""tobuma"",""midobe""]",zrwe7pcvjv82hs4,uniform,,1.0,1.0,midobe,gibeto,gibeto,midobe,midobe,,,,,0,1,126
segmentation_trial,388214,0.0-11.0-0.1,1,"[""kulego"",""nagitu"",""tobuma"",""midobe""]",zrwe7pcvjv82hs4,uniform,,0.0,1.0,nagitu,lemaku,nagitu,lemaku,nagitu,,,,,0,1,151
segmentation_trial,394606,0.0-11.0-0.2,1,"[""kulego"",""nagitu"",""tobuma"",""midobe""]",zrwe7pcvjv82hs4,uniform,,1.0,1.0,midobe,dotumi,dotumi,midobe,midobe,,,,,0,1,125
segmentation_trial,400776,0.0-11.0-0.3,1,"[""kulego"",""nagitu"",""tobuma"",""midobe""]",zrwe7pcvjv82hs4,uniform,,0.0,1.0,nagitu,bugona,nagitu,bugona,nagitu,,,,,0,1,148
segmentation_trial,407092,0.0-11.0-0.4,1,"[""kulego"",""nagitu"",""tobuma"",""midobe""]",zrwe7pcvjv82hs4,uniform,,1.0,1.0,tobuma,dotumi,dotumi,tobuma,tobuma,,,,,0,1,189
segmentation_trial,413750,0.0-11.0-0.5,1,"[""kulego"",""nagitu"",""tobuma"",""midobe""]",zrwe7pcvjv82hs4,uniform,,0.0,1.0,midobe,lemaku,midobe,lemaku,midobe,,,,,0,1,127
segmentation_trial,420094,0.0-11.0-0.6,1,"[""kulego"",""nagitu"",""tobuma"",""midobe""]",zrwe7pcvjv82hs4,uniform,,1.0,1.0,nagitu,dotumi,dotumi,nagitu,nagitu,,,,,0,1,149
segmentation_trial,426316,0.0-11.0-0.7,1,"[""kulego"",""nagitu"",""tobuma"",""midobe""]",zrwe7pcvjv82hs4,uniform,,1.0,1.0,kulego,gibeto,gibeto,kulego,kulego,,,,,0,1,90
segmentation_trial,432358,0.0-11.0-0.8,1,"[""kulego"",""nagitu"",""tobuma"",""midobe""]",zrwe7pcvjv82hs4,uniform,,0.0,1.0,tobuma,bugona,tobuma,bugona,tobuma,,,,,0,1,188
segmentation_trial,438618,0.0-11.0-0.9,1,"[""kulego"",""nagitu"",""tobuma"",""midobe""]",zrwe7pcvjv82hs4,uniform,,1.0,1.0,nagitu,gibeto,gibeto,nagitu,nagitu,,,,,0,1,150
segmentation_trial,444514,0.0-11.0-0.10,1,"[""kulego"",""nagitu"",""tobuma"",""midobe""]",zrwe7pcvjv82hs4,uniform,,0.0,1.0,tobuma,lemaku,tobuma,lemaku,tobuma,,,,,0,1,191
segmentation_trial,455248,0.0-11.0-0.11,1,"[""kulego"",""nagitu"",""tobuma"",""midobe""]",zrwe7pcvjv82hs4,uniform,,0.0,1.0,kulego,bugona,kulego,bugona,kulego,,,,,0,1,88
segmentation_trial,461213,0.0-11.0-0.12,1,"[""kulego"",""nagitu"",""tobuma"",""midobe""]",zrwe7pcvjv82hs4,uniform,,1.0,1.0,tobuma,gibeto,gibeto,tobuma,tobuma,,,,,0,1,190
segmentation_trial,468488,0.0-11.0-0.13,1,"[""kulego"",""nagitu"",""tobuma"",""midobe""]",zrwe7pcvjv82hs4,uniform,,0.0,1.0,kulego,lemaku,kulego,lemaku,kulego,,,,,0,1,91
segmentation_trial,481470,0.0-11.0-0.14,1,"[""kulego"",""nagitu"",""tobuma"",""midobe""]",zrwe7pcvjv82hs4,uniform,,0.0,1.0,midobe,bugona,midobe,bugona,midobe,,,,,0,1,124
segmentation_trial,487294,0.0-11.0-0.15,1,"[""kulego"",""nagitu"",""tobuma"",""midobe""]",zrwe7pcvjv82hs4,uniform,,1.0,1.0,kulego,dotumi,dotumi,kulego,kulego,,,,,0,1,89
segmentation_trial,283599,0.0-11.0-0.0,1,"[""kulego"",""nagitu"",""tobuma"",""midobe""]",ghrn64lned04geu,zipfian,"[""midobe"",""tobuma"",""nagitu"",""kulego""]",0.0,1.0,kulego,bugona,kulego,bugona,kulego,midobe,tobuma,nagitu,kulego,4,1,88
segmentation_trial,290833,0.0-11.0-0.1,1,"[""kulego"",""nagitu"",""tobuma"",""midobe""]",ghrn64lned04geu,zipfian,"[""midobe"",""tobuma"",""nagitu"",""kulego""]",0.0,0.0,nagitu,gibeto,gibeto,nagitu,gibeto,midobe,tobuma,nagitu,kulego,3,1,150
segmentation_trial,297441,0.0-11.0-0.2,1,"[""kulego"",""nagitu"",""tobuma"",""midobe""]",ghrn64lned04geu,zipfian,"[""midobe"",""tobuma"",""nagitu"",""kulego""]",0.0,1.0,midobe,bugona,midobe,bugona,midobe,midobe,tobuma,nagitu,kulego,1,1,124
segmentation_trial,304332,0.0-11.0-0.3,1,"[""kulego"",""nagitu"",""tobuma"",""midobe""]",ghrn64lned04geu,zipfian,"[""midobe"",""tobuma"",""nagitu"",""kulego""]",1.0,1.0,nagitu,dotumi,dotumi,nagitu,nagitu,midobe,tobuma,nagitu,kulego,3,1,149
segmentation_trial,310901,0.0-11.0-0.4,1,"[""kulego"",""nagitu"",""tobuma"",""midobe""]",ghrn64lned04geu,zipfian,"[""midobe"",""tobuma"",""nagitu"",""kulego""]",1.0,1.0,kulego,gibeto,gibeto,kulego,kulego,midobe,tobuma,nagitu,kulego,4,1,90
segmentation_trial,318027,0.0-11.0-0.5,1,"[""kulego"",""nagitu"",""tobuma"",""midobe""]",ghrn64lned04geu,zipfian,"[""midobe"",""tobuma"",""nagitu"",""kulego""]",1.0,0.0,nagitu,bugona,nagitu,bugona,bugona,midobe,tobuma,nagitu,kulego,3,1,148
segmentation_trial,324735,0.0-11.0-0.6,1,"[""kulego"",""nagitu"",""tobuma"",""midobe""]",ghrn64lned04geu,zipfian,"[""midobe"",""tobuma"",""nagitu"",""kulego""]",0.0,1.0,tobuma,lemaku,tobuma,lemaku,tobuma,midobe,tobuma,nagitu,kulego,2,1,191
segmentation_trial,332181,0.0-11.0-0.7,1,"[""kulego"",""nagitu"",""tobuma"",""midobe""]",ghrn64lned04geu,zipfian,"[""midobe"",""tobuma"",""nagitu"",""kulego""]",1.0,1.0,midobe,dotumi,dotumi,midobe,midobe,midobe,tobuma,nagitu,kulego,1,1,125
segmentation_trial,338441,0.0-11.0-0.8,1,"[""kulego"",""nagitu"",""tobuma"",""midobe""]",ghrn64lned04geu,zipfian,"[""midobe"",""tobuma"",""nagitu"",""kulego""]",0.0,1.0,tobuma,bugona,tobuma,bugona,tobuma,midobe,tobuma,nagitu,kulego,2,1,188
segmentation_trial,345721,0.0-11.0-0.9,1,"[""kulego"",""nagitu"",""tobuma"",""midobe""]",ghrn64lned04geu,zipfian,"[""midobe"",""tobuma"",""nagitu"",""kulego""]",0.0,0.0,midobe,gibeto,gibeto,midobe,gibeto,midobe,tobuma,nagitu,kulego,1,1,126
segmentation_trial,352223,0.0-11.0-0.10,1,"[""kulego"",""nagitu"",""tobuma"",""midobe""]",ghrn64lned04geu,zipfian,"[""midobe"",""tobuma"",""nagitu"",""kulego""]",0.0,1.0,kulego,lemaku,kulego,lemaku,kulego,midobe,tobuma,nagitu,kulego,4,1,91
segmentation_trial,358597,0.0-11.0-0.11,1,"[""kulego"",""nagitu"",""tobuma"",""midobe""]",ghrn64lned04geu,zipfian,"[""midobe"",""tobuma"",""nagitu"",""kulego""]",0.0,0.0,tobuma,gibeto,gibeto,tobuma,gibeto,midobe,tobuma,nagitu,kulego,2,1,190
segmentation_trial,365289,0.0-11.0-0.12,1,"[""kulego"",""nagitu"",""tobuma"",""midobe""]",ghrn64lned04geu,zipfian,"[""midobe"",""tobuma"",""nagitu"",""kulego""]",0.0,1.0,nagitu,lemaku,nagitu,lemaku,nagitu,midobe,tobuma,nagitu,kulego,3,1,151
segmentation_trial,371840,0.0-11.0-0.13,1,"[""kulego"",""nagitu"",""tobuma"",""midobe""]",ghrn64lned04geu,zipfian,"[""midobe"",""tobuma"",""nagitu"",""kulego""]",1.0,1.0,kulego,dotumi,dotumi,kulego,kulego,midobe,tobuma,nagitu,kulego,4,1,89
segmentation_trial,378503,0.0-11.0-0.14,1,"[""kulego"",""nagitu"",""tobuma"",""midobe""]",ghrn64lned04geu,zipfian,"[""midobe"",""tobuma"",""nagitu"",""kulego""]",0.0,1.0,midobe,lemaku,midobe,lemaku,midobe,midobe,tobuma,nagitu,kulego,1,1,127
segmentation_trial,385173,0.0-11.0-0.15,1,"[""kulego"",""nagitu"",""tobuma"",""midobe""]",ghrn64lned04geu,zipfian,"[""midobe"",""tobuma"",""nagitu"",""kulego""]",0.0,0.0,tobuma,dotumi,dotumi,tobuma,dotumi,midobe,tobuma,nagitu,kulego,2,1,189
segmentation_trial,722688,0.0-11.0-0.0,5,"[""matolu"",""nubola"",""mogude"",""kediba""]",plx3p296wzlwuge,uniform,,0.0,1.0,kediba,tobanu,kediba,tobanu,kediba,,,,,0,2,75
segmentation_trial,730530,0.0-11.0-0.1,5,"[""matolu"",""nubola"",""mogude"",""kediba""]",plx3p296wzlwuge,uniform,,0.0,1.0,nubola,delubo,nubola,delubo,nubola,,,,,0,2,164
segmentation_trial,736451,0.0-11.0-0.2,5,"[""matolu"",""nubola"",""mogude"",""kediba""]",plx3p296wzlwuge,uniform,,1.0,1.0,matolu,lamodi,lamodi,matolu,matolu,,,,,0,2,118
segmentation_trial,742702,0.0-11.0-0.3,5,"[""matolu"",""nubola"",""mogude"",""kediba""]",plx3p296wzlwuge,uniform,,0.0,1.0,mogude,tobanu,mogude,tobanu,mogude,,,,,0,2,139
segmentation_trial,748587,0.0-11.0-0.4,5,"[""matolu"",""nubola"",""mogude"",""kediba""]",plx3p296wzlwuge,uniform,,1.0,1.0,nubola,gukema,gukema,nubola,nubola,,,,,0,2,165
segmentation_trial,754736,0.0-11.0-0.5,5,"[""matolu"",""nubola"",""mogude"",""kediba""]",plx3p296wzlwuge,uniform,,0.0,0.0,mogude,lamodi,lamodi,mogude,lamodi,,,,,0,2,138
segmentation_trial,760774,0.0-11.0-0.6,5,"[""matolu"",""nubola"",""mogude"",""kediba""]",plx3p296wzlwuge,uniform,,1.0,1.0,kediba,gukema,gukema,kediba,kediba,,,,,0,2,73
segmentation_trial,766704,0.0-11.0-0.7,5,"[""matolu"",""nubola"",""mogude"",""kediba""]",plx3p296wzlwuge,uniform,,0.0,1.0,nubola,tobanu,nubola,tobanu,nubola,,,,,0,2,167
segmentation_trial,772552,0.0-11.0-0.8,5,"[""matolu"",""nubola"",""mogude"",""kediba""]",plx3p296wzlwuge,uniform,,1.0,1.0,matolu,gukema,gukema,matolu,matolu,,,,,0,2,117
segmentation_trial,778457,0.0-11.0-0.9,5,"[""matolu"",""nubola"",""mogude"",""kediba""]",plx3p296wzlwuge,uniform,,1.0,0.0,kediba,delubo,kediba,delubo,delubo,,,,,0,2,72
segmentation_trial,784394,0.0-11.0-0.10,5,"[""matolu"",""nubola"",""mogude"",""kediba""]",plx3p296wzlwuge,uniform,,0.0,1.0,matolu,tobanu,matolu,tobanu,matolu,,,,,0,2,119
segmentation_trial,790426,0.0-11.0-0.11,5,"[""matolu"",""nubola"",""mogude"",""kediba""]",plx3p296wzlwuge,uniform,,1.0,1.0,mogude,gukema,gukema,mogude,mogude,,,,,0,2,137
segmentation_trial,799475,0.0-11.0-0.12,5,"[""matolu"",""nubola"",""mogude"",""kediba""]",plx3p296wzlwuge,uniform,,1.0,1.0,nubola,lamodi,lamodi,nubola,nubola,,,,,0,2,166
segmentation_trial,805502,0.0-11.0-0.13,5,"[""matolu"",""nubola"",""mogude"",""kediba""]",plx3p296wzlwuge,uniform,,1.0,0.0,mogude,delubo,mogude,delubo,delubo,,,,,0,2,136
segmentation_trial,811989,0.0-11.0-0.14,5,"[""matolu"",""nubola"",""mogude"",""kediba""]",plx3p296wzlwuge,uniform,,0.0,0.0,kediba,lamodi,lamodi,kediba,lamodi,,,,,0,2,74
segmentation_trial,818686,0.0-11.0-0.15,5,"[""matolu"",""nubola"",""mogude"",""kediba""]",plx3p296wzlwuge,uniform,,1.0,0.0,matolu,delubo,matolu,delubo,delubo,,,,,0,2,116
segmentation_trial,311648,0.0-11.0-0.0,6,"[""bimegu"",""tegoma"",""kudino"",""labude""]",mysk755qd26jv66,zipfian,"[""labude"",""bimegu"",""kudino"",""tegoma""]",1.0,0.0,kudino,mekugo,kudino,mekugo,mekugo,labude,bimegu,kudino,tegoma,3,2,86
segmentation_trial,320073,0.0-11.0-0.1,6,"[""bimegu"",""tegoma"",""kudino"",""labude""]",mysk755qd26jv66,zipfian,"[""labude"",""bimegu"",""kudino"",""tegoma""]",0.0,0.0,tegoma,dimate,dimate,tegoma,dimate,labude,bimegu,kudino,tegoma,4,2,172
segmentation_trial,327530,0.0-11.0-0.2,6,"[""bimegu"",""tegoma"",""kudino"",""labude""]",mysk755qd26jv66,zipfian,"[""labude"",""bimegu"",""kudino"",""tegoma""]",0.0,1.0,bimegu,mekugo,bimegu,mekugo,bimegu,labude,bimegu,kudino,tegoma,2,2,2
segmentation_trial,335723,0.0-11.0-0.3,6,"[""bimegu"",""tegoma"",""kudino"",""labude""]",mysk755qd26jv66,zipfian,"[""labude"",""bimegu"",""kudino"",""tegoma""]",0.0,0.0,kudino,dimate,dimate,kudino,dimate,labude,bimegu,kudino,tegoma,3,2,84
segmentation_trial,342868,0.0-11.0-0.4,6,"[""bimegu"",""tegoma"",""kudino"",""labude""]",mysk755qd26jv66,zipfian,"[""labude"",""bimegu"",""kudino"",""tegoma""]",0.0,1.0,labude,mekugo,labude,mekugo,labude,labude,bimegu,kudino,tegoma,1,2,94
segmentation_trial,350613,0.0-11.0-0.5,6,"[""bimegu"",""tegoma"",""kudino"",""labude""]",mysk755qd26jv66,zipfian,"[""labude"",""bimegu"",""kudino"",""tegoma""]",1.0,0.0,kudino,nodebu,kudino,nodebu,nodebu,labude,bimegu,kudino,tegoma,3,2,87
segmentation_trial,357471,0.0-11.0-0.6,6,"[""bimegu"",""tegoma"",""kudino"",""labude""]",mysk755qd26jv66,zipfian,"[""labude"",""bimegu"",""kudino"",""tegoma""]",1.0,0.0,tegoma,mekugo,tegoma,mekugo,mekugo,labude,bimegu,kudino,tegoma,4,2,174
segmentation_trial,364648,0.0-11.0-0.7,6,"[""bimegu"",""tegoma"",""kudino"",""labude""]",mysk755qd26jv66,zipfian,"[""labude"",""bimegu"",""kudino"",""tegoma""]",1.0,0.0,bimegu,nodebu,bimegu,nodebu,nodebu,labude,bimegu,kudino,tegoma,2,2,3
segmentation_trial,376065,0.0-11.0-0.8,6,"[""bimegu"",""tegoma"",""kudino"",""labude""]",mysk755qd26jv66,zipfian,"[""labude"",""bimegu"",""kudino"",""tegoma""]",0.0,0.0,labude,dimate,dimate,labude,dimate,labude,bimegu,kudino,tegoma,1,2,92
segmentation_trial,383211,0.0-11.0-0.9,6,"[""bimegu"",""tegoma"",""kudino"",""labude""]",mysk755qd26jv66,zipfian,"[""labude"",""bimegu"",""kudino"",""tegoma""]",1.0,1.0,kudino,gubila,gubila,kudino,kudino,labude,bimegu,kudino,tegoma,3,2,85
segmentation_trial,390268,0.0-11.0-0.10,6,"[""bimegu"",""tegoma"",""kudino"",""labude""]",mysk755qd26jv66,zipfian,"[""labude"",""bimegu"",""kudino"",""tegoma""]",0.0,1.0,labude,nodebu,labude,nodebu,labude,labude,bimegu,kudino,tegoma,1,2,95
segmentation_trial,397365,0.0-11.0-0.11,6,"[""bimegu"",""tegoma"",""kudino"",""labude""]",mysk755qd26jv66,zipfian,"[""labude"",""bimegu"",""kudino"",""tegoma""]",1.0,1.0,bimegu,dimate,dimate,bimegu,bimegu,labude,bimegu,kudino,tegoma,2,2,0
segmentation_trial,404238,0.0-11.0-0.12,6,"[""bimegu"",""tegoma"",""kudino"",""labude""]",mysk755qd26jv66,zipfian,"[""labude"",""bimegu"",""kudino"",""tegoma""]",1.0,1.0,labude,gubila,gubila,labude,labude,labude,bimegu,kudino,tegoma,1,2,93
segmentation_trial,411359,0.0-11.0-0.13,6,"[""bimegu"",""tegoma"",""kudino"",""labude""]",mysk755qd26jv66,zipfian,"[""labude"",""bimegu"",""kudino"",""tegoma""]",1.0,0.0,tegoma,nodebu,tegoma,nodebu,nodebu,labude,bimegu,kudino,tegoma,4,2,175
segmentation_trial,421937,0.0-11.0-0.14,6,"[""bimegu"",""tegoma"",""kudino"",""labude""]",mysk755qd26jv66,zipfian,"[""labude"",""bimegu"",""kudino"",""tegoma""]",1.0,1.0,bimegu,gubila,gubila,bimegu,bimegu,labude,bimegu,kudino,tegoma,2,2,1
segmentation_trial,430322,0.0-11.0-0.15,6,"[""bimegu"",""tegoma"",""kudino"",""labude""]",mysk755qd26jv66,zipfian,"[""labude"",""bimegu"",""kudino"",""tegoma""]",1.0,1.0,tegoma,gubila,gubila,tegoma,tegoma,labude,bimegu,kudino,tegoma,4,2,173
segmentation_trial,218253,0.0-11.0-0.0,3,"[""nadite"",""lebado"",""bogumi"",""gitoka""]",4gn9x02opkqp9e0,zipfian,"[""lebado"",""bogumi"",""gitoka"",""nadite""]",1.0,1.0,bogumi,minato,minato,bogumi,bogumi,lebado,bogumi,gitoka,nadite,2,2,10
segmentation_trial,224793,0.0-11.0-0.1,3,"[""nadite"",""lebado"",""bogumi"",""gitoka""]",4gn9x02opkqp9e0,zipfian,"[""lebado"",""bogumi"",""gitoka"",""nadite""]",1.0,1.0,gitoka,kalegu,kalegu,gitoka,gitoka,lebado,bogumi,gitoka,nadite,3,2,53
segmentation_trial,231021,0.0-11.0-0.2,3,"[""nadite"",""lebado"",""bogumi"",""gitoka""]",4gn9x02opkqp9e0,zipfian,"[""lebado"",""bogumi"",""gitoka"",""nadite""]",0.0,1.0,bogumi,tebodi,bogumi,tebodi,bogumi,lebado,bogumi,gitoka,nadite,2,2,11
segmentation_trial,237639,0.0-11.0-0.3,3,"[""nadite"",""lebado"",""bogumi"",""gitoka""]",4gn9x02opkqp9e0,zipfian,"[""lebado"",""bogumi"",""gitoka"",""nadite""]",1.0,1.0,nadite,kalegu,kalegu,nadite,nadite,lebado,bogumi,gitoka,nadite,4,2,145
segmentation_trial,243703,0.0-11.0-0.4,3,"[""nadite"",""lebado"",""bogumi"",""gitoka""]",4gn9x02opkqp9e0,zipfian,"[""lebado"",""bogumi"",""gitoka"",""nadite""]",0.0,1.0,gitoka,dogiba,gitoka,dogiba,gitoka,lebado,bogumi,gitoka,nadite,3,2,52
segmentation_trial,249830,0.0-11.0-0.5,3,"[""nadite"",""lebado"",""bogumi"",""gitoka""]",4gn9x02opkqp9e0,zipfian,"[""lebado"",""bogumi"",""gitoka"",""nadite""]",1.0,1.0,nadite,minato,minato,nadite,nadite,lebado,bogumi,gitoka,nadite,4,2,146
segmentation_trial,255683,0.0-11.0-0.6,3,"[""nadite"",""lebado"",""bogumi"",""gitoka""]",4gn9x02opkqp9e0,zipfian,"[""lebado"",""bogumi"",""gitoka"",""nadite""]",1.0,1.0,lebado,kalegu,kalegu,lebado,lebado,lebado,bogumi,gitoka,nadite,1,2,105
segmentation_trial,261471,0.0-11.0-0.7,3,"[""nadite"",""lebado"",""bogumi"",""gitoka""]",4gn9x02opkqp9e0,zipfian,"[""lebado"",""bogumi"",""gitoka"",""nadite""]",1.0,1.0,gitoka,minato,minato,gitoka,gitoka,lebado,bogumi,gitoka,nadite,3,2,54
segmentation_trial,267317,0.0-11.0-0.8,3,"[""nadite"",""lebado"",""bogumi"",""gitoka""]",4gn9x02opkqp9e0,zipfian,"[""lebado"",""bogumi"",""gitoka"",""nadite""]",0.0,1.0,lebado,dogiba,lebado,dogiba,lebado,lebado,bogumi,gitoka,nadite,1,2,104
segmentation_trial,273865,0.0-11.0-0.9,3,"[""nadite"",""lebado"",""bogumi"",""gitoka""]",4gn9x02opkqp9e0,zipfian,"[""lebado"",""bogumi"",""gitoka"",""nadite""]",1.0,1.0,bogumi,kalegu,kalegu,bogumi,bogumi,lebado,bogumi,gitoka,nadite,2,2,9
segmentation_trial,279710,0.0-11.0-0.10,3,"[""nadite"",""lebado"",""bogumi"",""gitoka""]",4gn9x02opkqp9e0,zipfian,"[""lebado"",""bogumi"",""gitoka"",""nadite""]",0.0,1.0,gitoka,tebodi,gitoka,tebodi,gitoka,lebado,bogumi,gitoka,nadite,3,2,55
segmentation_trial,285663,0.0-11.0-0.11,3,"[""nadite"",""lebado"",""bogumi"",""gitoka""]",4gn9x02opkqp9e0,zipfian,"[""lebado"",""bogumi"",""gitoka"",""nadite""]",0.0,1.0,nadite,dogiba,nadite,dogiba,nadite,lebado,bogumi,gitoka,nadite,4,2,144
segmentation_trial,291479,0.0-11.0-0.12,3,"[""nadite"",""lebado"",""bogumi"",""gitoka""]",4gn9x02opkqp9e0,zipfian,"[""lebado"",""bogumi"",""gitoka"",""nadite""]",0.0,1.0,lebado,tebodi,lebado,tebodi,lebado,lebado,bogumi,gitoka,nadite,1,2,107
segmentation_trial,297331,0.0-11.0-0.13,3,"[""nadite"",""lebado"",""bogumi"",""gitoka""]",4gn9x02opkqp9e0,zipfian,"[""lebado"",""bogumi"",""gitoka"",""nadite""]",0.0,1.0,bogumi,dogiba,bogumi,dogiba,bogumi,lebado,bogumi,gitoka,nadite,2,2,8
segmentation_trial,303113,0.0-11.0-0.14,3,"[""nadite"",""lebado"",""bogumi"",""gitoka""]",4gn9x02opkqp9e0,zipfian,"[""lebado"",""bogumi"",""gitoka"",""nadite""]",0.0,1.0,nadite,tebodi,nadite,tebodi,nadite,lebado,bogumi,gitoka,nadite,4,2,147
segmentation_trial,309059,0.0-11.0-0.15,3,"[""nadite"",""lebado"",""bogumi"",""gitoka""]",4gn9x02opkqp9e0,zipfian,"[""lebado"",""bogumi"",""gitoka"",""nadite""]",1.0,1.0,lebado,minato,minato,lebado,lebado,lebado,bogumi,gitoka,nadite,1,2,106
segmentation_trial,216786,0.0-11.0-0.0,5,"[""tobanu"",""gukema"",""delubo"",""lamodi""]",u2amdyj4bj05xgk,uniform,,0.0,0.0,lamodi,nubola,nubola,lamodi,nubola,,,,,0,1,103
segmentation_trial,225451,0.0-11.0-0.1,5,"[""tobanu"",""gukema"",""delubo"",""lamodi""]",u2amdyj4bj05xgk,uniform,,1.0,0.0,tobanu,matolu,tobanu,matolu,matolu,,,,,0,1,185
segmentation_trial,234193,0.0-11.0-0.2,5,"[""tobanu"",""gukema"",""delubo"",""lamodi""]",u2amdyj4bj05xgk,uniform,,1.0,1.0,delubo,nubola,nubola,delubo,delubo,,,,,0,1,23
segmentation_trial,240723,0.0-11.0-0.3,5,"[""tobanu"",""gukema"",""delubo"",""lamodi""]",u2amdyj4bj05xgk,uniform,,1.0,0.0,lamodi,mogude,lamodi,mogude,mogude,,,,,0,1,102
segmentation_trial,248657,0.0-11.0-0.4,5,"[""tobanu"",""gukema"",""delubo"",""lamodi""]",u2amdyj4bj05xgk,uniform,,0.0,0.0,tobanu,nubola,nubola,tobanu,nubola,,,,,0,1,187
segmentation_trial,257524,0.0-11.0-0.5,5,"[""tobanu"",""gukema"",""delubo"",""lamodi""]",u2amdyj4bj05xgk,uniform,,0.0,1.0,gukema,mogude,gukema,mogude,gukema,,,,,0,1,62
segmentation_trial,265210,0.0-11.0-0.6,5,"[""tobanu"",""gukema"",""delubo"",""lamodi""]",u2amdyj4bj05xgk,uniform,,1.0,0.0,delubo,matolu,delubo,matolu,matolu,,,,,0,1,21
segmentation_trial,278331,0.0-11.0-0.7,5,"[""tobanu"",""gukema"",""delubo"",""lamodi""]",u2amdyj4bj05xgk,uniform,,0.0,0.0,gukema,nubola,nubola,gukema,nubola,,,,,0,1,63
segmentation_trial,285869,0.0-11.0-0.8,5,"[""tobanu"",""gukema"",""delubo"",""lamodi""]",u2amdyj4bj05xgk,uniform,,0.0,0.0,delubo,kediba,kediba,delubo,kediba,,,,,0,1,20
segmentation_trial,291991,0.0-11.0-0.9,5,"[""tobanu"",""gukema"",""delubo"",""lamodi""]",u2amdyj4bj05xgk,uniform,,1.0,0.0,gukema,matolu,gukema,matolu,matolu,,,,,0,1,61
segmentation_trial,298354,0.0-11.0-0.10,5,"[""tobanu"",""gukema"",""delubo"",""lamodi""]",u2amdyj4bj05xgk,uniform,,0.0,1.0,delubo,mogude,delubo,mogude,delubo,,,,,0,1,22
segmentation_trial,305592,0.0-11.0-0.11,5,"[""tobanu"",""gukema"",""delubo"",""lamodi""]",u2amdyj4bj05xgk,uniform,,1.0,0.0,lamodi,matolu,lamodi,matolu,matolu,,,,,0,1,101
segmentation_trial,311640,0.0-11.0-0.12,5,"[""tobanu"",""gukema"",""delubo"",""lamodi""]",u2amdyj4bj05xgk,uniform,,0.0,1.0,tobanu,mogude,tobanu,mogude,tobanu,,,,,0,1,186
segmentation_trial,317454,0.0-11.0-0.13,5,"[""tobanu"",""gukema"",""delubo"",""lamodi""]",u2amdyj4bj05xgk,uniform,,0.0,0.0,gukema,kediba,kediba,gukema,kediba,,,,,0,1,60
segmentation_trial,325220,0.0-11.0-0.14,5,"[""tobanu"",""gukema"",""delubo"",""lamodi""]",u2amdyj4bj05xgk,uniform,,1.0,1.0,lamodi,kediba,kediba,lamodi,lamodi,,,,,0,1,100
segmentation_trial,330950,0.0-11.0-0.15,5,"[""tobanu"",""gukema"",""delubo"",""lamodi""]",u2amdyj4bj05xgk,uniform,,1.0,1.0,tobanu,kediba,kediba,tobanu,tobanu,,,,,0,1,184
segmentation_trial,443446,0.0-11.0-0.0,5,"[""matolu"",""nubola"",""mogude"",""kediba""]",rqmtrjm9n41ekqv,uniform,,0.0,0.0,nubola,lamodi,lamodi,nubola,lamodi,,,,,0,2,166
segmentation_trial,450572,0.0-11.0-0.1,5,"[""matolu"",""nubola"",""mogude"",""kediba""]",rqmtrjm9n41ekqv,uniform,,1.0,0.0,kediba,delubo,kediba,delubo,delubo,,,,,0,2,72
segmentation_trial,459013,0.0-11.0-0.2,5,"[""matolu"",""nubola"",""mogude"",""kediba""]",rqmtrjm9n41ekqv,uniform,,1.0,0.0,matolu,tobanu,matolu,tobanu,tobanu,,,,,0,2,119
segmentation_trial,465322,0.0-11.0-0.3,5,"[""matolu"",""nubola"",""mogude"",""kediba""]",rqmtrjm9n41ekqv,uniform,,1.0,0.0,nubola,delubo,nubola,delubo,delubo,,,,,0,2,164
segmentation_trial,472127,0.0-11.0-0.4,5,"[""matolu"",""nubola"",""mogude"",""kediba""]",rqmtrjm9n41ekqv,uniform,,0.0,0.0,kediba,gukema,gukema,kediba,gukema,,,,,0,2,73
segmentation_trial,478511,0.0-11.0-0.5,5,"[""matolu"",""nubola"",""mogude"",""kediba""]",rqmtrjm9n41ekqv,uniform,,0.0,0.0,matolu,lamodi,lamodi,matolu,lamodi,,,,,0,2,118
segmentation_trial,485079,0.0-11.0-0.6,5,"[""matolu"",""nubola"",""mogude"",""kediba""]",rqmtrjm9n41ekqv,uniform,,1.0,1.0,mogude,gukema,gukema,mogude,mogude,,,,,0,2,137
segmentation_trial,491482,0.0-11.0-0.7,5,"[""matolu"",""nubola"",""mogude"",""kediba""]",rqmtrjm9n41ekqv,uniform,,0.0,1.0,matolu,delubo,matolu,delubo,matolu,,,,,0,2,116
segmentation_trial,497968,0.0-11.0-0.8,5,"[""matolu"",""nubola"",""mogude"",""kediba""]",rqmtrjm9n41ekqv,uniform,,0.0,0.0,mogude,lamodi,lamodi,mogude,lamodi,,,,,0,2,138
segmentation_trial,504280,0.0-11.0-0.9,5,"[""matolu"",""nubola"",""mogude"",""kediba""]",rqmtrjm9n41ekqv,uniform,,0.0,1.0,nubola,tobanu,nubola,tobanu,nubola,,,,,0,2,167
segmentation_trial,510652,0.0-11.0-0.10,5,"[""matolu"",""nubola"",""mogude"",""kediba""]",rqmtrjm9n41ekqv,uniform,,0.0,0.0,matolu,gukema,gukema,matolu,gukema,,,,,0,2,117
segmentation_trial,518690,0.0-11.0-0.11,5,"[""matolu"",""nubola"",""mogude"",""kediba""]",rqmtrjm9n41ekqv,uniform,,0.0,1.0,mogude,tobanu,mogude,tobanu,mogude,,,,,0,2,139
segmentation_trial,525269,0.0-11.0-0.12,5,"[""matolu"",""nubola"",""mogude"",""kediba""]",rqmtrjm9n41ekqv,uniform,,0.0,0.0,nubola,gukema,gukema,nubola,gukema,,,,,0,2,165
segmentation_trial,531486,0.0-11.0-0.13,5,"[""matolu"",""nubola"",""mogude"",""kediba""]",rqmtrjm9n41ekqv,uniform,,0.0,1.0,mogude,delubo,mogude,delubo,mogude,,,,,0,2,136
segmentation_trial,537622,0.0-11.0-0.14,5,"[""matolu"",""nubola"",""mogude"",""kediba""]",rqmtrjm9n41ekqv,uniform,,0.0,1.0,kediba,tobanu,kediba,tobanu,kediba,,,,,0,2,75
segmentation_trial,543863,0.0-11.0-0.15,5,"[""matolu"",""nubola"",""mogude"",""kediba""]",rqmtrjm9n41ekqv,uniform,,0.0,0.0,kediba,lamodi,lamodi,kediba,lamodi,,,,,0,2,74
segmentation_trial,514933,0.0-11.0-0.0,4,"[""gumeki"",""letumo"",""nodabu"",""digote""]",tq0g7aaje13oxc3,uniform,,1.0,1.0,nodabu,moditu,moditu,nodabu,nodabu,,,,,0,2,158
segmentation_trial,521536,0.0-11.0-0.1,4,"[""gumeki"",""letumo"",""nodabu"",""digote""]",tq0g7aaje13oxc3,uniform,,0.0,1.0,gumeki,kinome,gumeki,kinome,gumeki,,,,,0,2,65
segmentation_trial,529007,0.0-11.0-0.2,4,"[""gumeki"",""letumo"",""nodabu"",""digote""]",tq0g7aaje13oxc3,uniform,,1.0,1.0,digote,moditu,moditu,digote,digote,,,,,0,2,26
segmentation_trial,537511,0.0-11.0-0.3,4,"[""gumeki"",""letumo"",""nodabu"",""digote""]",tq0g7aaje13oxc3,uniform,,1.0,1.0,nodabu,teguda,teguda,nodabu,nodabu,,,,,0,2,159
segmentation_trial,543653,0.0-11.0-0.4,4,"[""gumeki"",""letumo"",""nodabu"",""digote""]",tq0g7aaje13oxc3,uniform,,0.0,1.0,letumo,kinome,letumo,kinome,letumo,,,,,0,2,113
segmentation_trial,549519,0.0-11.0-0.5,4,"[""gumeki"",""letumo"",""nodabu"",""digote""]",tq0g7aaje13oxc3,uniform,,0.0,1.0,nodabu,bulego,nodabu,bulego,nodabu,,,,,0,2,156
segmentation_trial,556195,0.0-11.0-0.6,4,"[""gumeki"",""letumo"",""nodabu"",""digote""]",tq0g7aaje13oxc3,uniform,,1.0,1.0,letumo,teguda,teguda,letumo,letumo,,,,,0,2,115
segmentation_trial,562657,0.0-11.0-0.7,4,"[""gumeki"",""letumo"",""nodabu"",""digote""]",tq0g7aaje13oxc3,uniform,,0.0,1.0,gumeki,bulego,gumeki,bulego,gumeki,,,,,0,2,64
segmentation_trial,568332,0.0-11.0-0.8,4,"[""gumeki"",""letumo"",""nodabu"",""digote""]",tq0g7aaje13oxc3,uniform,,0.0,1.0,nodabu,kinome,nodabu,kinome,nodabu,,,,,0,2,157
segmentation_trial,575157,0.0-11.0-0.9,4,"[""gumeki"",""letumo"",""nodabu"",""digote""]",tq0g7aaje13oxc3,uniform,,1.0,1.0,gumeki,moditu,moditu,gumeki,gumeki,,,,,0,2,66
segmentation_trial,580924,0.0-11.0-0.10,4,"[""gumeki"",""letumo"",""nodabu"",""digote""]",tq0g7aaje13oxc3,uniform,,0.0,1.0,digote,kinome,digote,kinome,digote,,,,,0,2,25
segmentation_trial,586532,0.0-11.0-0.11,4,"[""gumeki"",""letumo"",""nodabu"",""digote""]",tq0g7aaje13oxc3,uniform,,0.0,0.0,letumo,moditu,moditu,letumo,moditu,,,,,0,2,114
segmentation_trial,593845,0.0-11.0-0.12,4,"[""gumeki"",""letumo"",""nodabu"",""digote""]",tq0g7aaje13oxc3,uniform,,1.0,1.0,gumeki,teguda,teguda,gumeki,gumeki,,,,,0,2,67
segmentation_trial,599470,0.0-11.0-0.13,4,"[""gumeki"",""letumo"",""nodabu"",""digote""]",tq0g7aaje13oxc3,uniform,,0.0,1.0,letumo,bulego,letumo,bulego,letumo,,,,,0,2,112
segmentation_trial,607119,0.0-11.0-0.14,4,"[""gumeki"",""letumo"",""nodabu"",""digote""]",tq0g7aaje13oxc3,uniform,,1.0,1.0,digote,teguda,teguda,digote,digote,,,,,0,2,27
segmentation_trial,613136,0.0-11.0-0.15,4,"[""gumeki"",""letumo"",""nodabu"",""digote""]",tq0g7aaje13oxc3,uniform,,0.0,1.0,digote,bulego,digote,bulego,digote,,,,,0,2,24
segmentation_trial,571975,0.0-11.0-0.0,6,"[""nodebu"",""dimate"",""mekugo"",""gubila""]",5p6seogednf64mq,uniform,,1.0,0.0,nodebu,kudino,nodebu,kudino,kudino,,,,,0,1,161
segmentation_trial,579227,0.0-11.0-0.1,6,"[""nodebu"",""dimate"",""mekugo"",""gubila""]",5p6seogednf64mq,uniform,,1.0,1.0,dimate,labude,labude,dimate,dimate,,,,,0,1,30
segmentation_trial,585804,0.0-11.0-0.2,6,"[""nodebu"",""dimate"",""mekugo"",""gubila""]",5p6seogednf64mq,uniform,,0.0,1.0,nodebu,bimegu,nodebu,bimegu,nodebu,,,,,0,1,160
segmentation_trial,592921,0.0-11.0-0.3,6,"[""nodebu"",""dimate"",""mekugo"",""gubila""]",5p6seogednf64mq,uniform,,0.0,0.0,gubila,tegoma,tegoma,gubila,tegoma,,,,,0,1,59
segmentation_trial,600495,0.0-11.0-0.4,6,"[""nodebu"",""dimate"",""mekugo"",""gubila""]",5p6seogednf64mq,uniform,,1.0,1.0,mekugo,labude,labude,mekugo,mekugo,,,,,0,1,122
segmentation_trial,607530,0.0-11.0-0.5,6,"[""nodebu"",""dimate"",""mekugo"",""gubila""]",5p6seogednf64mq,uniform,,1.0,0.0,gubila,kudino,gubila,kudino,kudino,,,,,0,1,57
segmentation_trial,622814,0.0-11.0-0.6,6,"[""nodebu"",""dimate"",""mekugo"",""gubila""]",5p6seogednf64mq,uniform,,0.0,0.0,mekugo,tegoma,tegoma,mekugo,tegoma,,,,,0,1,123
segmentation_trial,629121,0.0-11.0-0.7,6,"[""nodebu"",""dimate"",""mekugo"",""gubila""]",5p6seogednf64mq,uniform,,0.0,1.0,dimate,bimegu,dimate,bimegu,dimate,,,,,0,1,28
segmentation_trial,635428,0.0-11.0-0.8,6,"[""nodebu"",""dimate"",""mekugo"",""gubila""]",5p6seogednf64mq,uniform,,1.0,0.0,mekugo,kudino,mekugo,kudino,kudino,,,,,0,1,121
segmentation_trial,642157,0.0-11.0-0.9,6,"[""nodebu"",""dimate"",""mekugo"",""gubila""]",5p6seogednf64mq,uniform,,0.0,0.0,nodebu,tegoma,tegoma,nodebu,tegoma,,,,,0,1,163
segmentation_trial,652723,0.0-11.0-0.10,6,"[""nodebu"",""dimate"",""mekugo"",""gubila""]",5p6seogednf64mq,uniform,,1.0,0.0,gubila,bimegu,gubila,bimegu,bimegu,,,,,0,1,56
segmentation_trial,659186,0.0-11.0-0.11,6,"[""nodebu"",""dimate"",""mekugo"",""gubila""]",5p6seogednf64mq,uniform,,1.0,1.0,dimate,tegoma,tegoma,dimate,dimate,,,,,0,1,31
segmentation_trial,665898,0.0-11.0-0.12,6,"[""nodebu"",""dimate"",""mekugo"",""gubila""]",5p6seogednf64mq,uniform,,0.0,1.0,mekugo,bimegu,mekugo,bimegu,mekugo,,,,,0,1,120
segmentation_trial,674764,0.0-11.0-0.13,6,"[""nodebu"",""dimate"",""mekugo"",""gubila""]",5p6seogednf64mq,uniform,,1.0,1.0,gubila,labude,labude,gubila,gubila,,,,,0,1,58
segmentation_trial,681558,0.0-11.0-0.14,6,"[""nodebu"",""dimate"",""mekugo"",""gubila""]",5p6seogednf64mq,uniform,,1.0,0.0,dimate,kudino,dimate,kudino,kudino,,,,,0,1,29
segmentation_trial,687993,0.0-11.0-0.15,6,"[""nodebu"",""dimate"",""mekugo"",""gubila""]",5p6seogednf64mq,uniform,,1.0,1.0,nodebu,labude,labude,nodebu,nodebu,,,,,0,1,162
segmentation_trial,343564,0.0-11.0-0.0,2,"[""binaku"",""temula"",""dokine"",""galedi""]",zefhe35k727vajz,uniform,,0.0,1.0,galedi,mudile,galedi,mudile,galedi,,,,,0,2,46
segmentation_trial,349616,0.0-11.0-0.1,2,"[""binaku"",""temula"",""dokine"",""galedi""]",zefhe35k727vajz,uniform,,0.0,0.0,binaku,kitena,kitena,binaku,kitena,,,,,0,2,4
segmentation_trial,356600,0.0-11.0-0.2,2,"[""binaku"",""temula"",""dokine"",""galedi""]",zefhe35k727vajz,uniform,,1.0,1.0,temula,negado,negado,temula,temula,,,,,0,2,183
segmentation_trial,362614,0.0-11.0-0.3,2,"[""binaku"",""temula"",""dokine"",""galedi""]",zefhe35k727vajz,uniform,,0.0,0.0,dokine,kitena,kitena,dokine,kitena,,,,,0,2,36
segmentation_trial,368989,0.0-11.0-0.4,2,"[""binaku"",""temula"",""dokine"",""galedi""]",zefhe35k727vajz,uniform,,1.0,1.0,galedi,negado,negado,galedi,galedi,,,,,0,2,47
segmentation_trial,375236,0.0-11.0-0.5,2,"[""binaku"",""temula"",""dokine"",""galedi""]",zefhe35k727vajz,uniform,,0.0,1.0,dokine,lakubi,dokine,lakubi,dokine,,,,,0,2,37
segmentation_trial,381409,0.0-11.0-0.6,2,"[""binaku"",""temula"",""dokine"",""galedi""]",zefhe35k727vajz,uniform,,0.0,1.0,temula,mudile,temula,mudile,temula,,,,,0,2,182
segmentation_trial,387604,0.0-11.0-0.7,2,"[""binaku"",""temula"",""dokine"",""galedi""]",zefhe35k727vajz,uniform,,0.0,0.0,dokine,negado,negado,dokine,negado,,,,,0,2,39
segmentation_trial,394279,0.0-11.0-0.8,2,"[""binaku"",""temula"",""dokine"",""galedi""]",zefhe35k727vajz,uniform,,1.0,0.0,binaku,lakubi,binaku,lakubi,lakubi,,,,,0,2,5
segmentation_trial,399807,0.0-11.0-0.9,2,"[""binaku"",""temula"",""dokine"",""galedi""]",zefhe35k727vajz,uniform,,0.0,1.0,dokine,mudile,dokine,mudile,dokine,,,,,0,2,38
segmentation_trial,405972,0.0-11.0-0.10,2,"[""binaku"",""temula"",""dokine"",""galedi""]",zefhe35k727vajz,uniform,,0.0,0.0,galedi,kitena,kitena,galedi,kitena,,,,,0,2,44
segmentation_trial,411725,0.0-11.0-0.11,2,"[""binaku"",""temula"",""dokine"",""galedi""]",zefhe35k727vajz,uniform,,1.0,0.0,binaku,mudile,binaku,mudile,mudile,,,,,0,2,6
segmentation_trial,417582,0.0-11.0-0.12,2,"[""binaku"",""temula"",""dokine"",""galedi""]",zefhe35k727vajz,uniform,,0.0,1.0,galedi,lakubi,galedi,lakubi,galedi,,,,,0,2,45
segmentation_trial,423867,0.0-11.0-0.13,2,"[""binaku"",""temula"",""dokine"",""galedi""]",zefhe35k727vajz,uniform,,1.0,1.0,temula,kitena,kitena,temula,temula,,,,,0,2,180
segmentation_trial,429402,0.0-11.0-0.14,2,"[""binaku"",""temula"",""dokine"",""galedi""]",zefhe35k727vajz,uniform,,0.0,0.0,binaku,negado,negado,binaku,negado,,,,,0,2,7
segmentation_trial,435304,0.0-11.0-0.15,2,"[""binaku"",""temula"",""dokine"",""galedi""]",zefhe35k727vajz,uniform,,0.0,1.0,temula,lakubi,temula,lakubi,temula,,,,,0,2,181
segmentation_trial,314997,0.0-11.0-0.0,4,"[""gumeki"",""letumo"",""nodabu"",""digote""]",4dcrwc41ewkjelz,uniform,,0.0,0.0,gumeki,teguda,teguda,gumeki,teguda,,,,,0,2,67
segmentation_trial,321462,0.0-11.0-0.1,4,"[""gumeki"",""letumo"",""nodabu"",""digote""]",4dcrwc41ewkjelz,uniform,,1.0,1.0,nodabu,moditu,moditu,nodabu,nodabu,,,,,0,2,158
segmentation_trial,328122,0.0-11.0-0.2,4,"[""gumeki"",""letumo"",""nodabu"",""digote""]",4dcrwc41ewkjelz,uniform,,0.0,1.0,letumo,kinome,letumo,kinome,letumo,,,,,0,2,113
segmentation_trial,334774,0.0-11.0-0.3,4,"[""gumeki"",""letumo"",""nodabu"",""digote""]",4dcrwc41ewkjelz,uniform,,1.0,1.0,digote,moditu,moditu,digote,digote,,,,,0,2,26
segmentation_trial,341922,0.0-11.0-0.4,4,"[""gumeki"",""letumo"",""nodabu"",""digote""]",4dcrwc41ewkjelz,uniform,,1.0,1.0,letumo,teguda,teguda,letumo,letumo,,,,,0,2,115
segmentation_trial,348838,0.0-11.0-0.5,4,"[""gumeki"",""letumo"",""nodabu"",""digote""]",4dcrwc41ewkjelz,uniform,,0.0,1.0,nodabu,bulego,nodabu,bulego,nodabu,,,,,0,2,156
segmentation_trial,356503,0.0-11.0-0.6,4,"[""gumeki"",""letumo"",""nodabu"",""digote""]",4dcrwc41ewkjelz,uniform,,0.0,0.0,letumo,moditu,moditu,letumo,moditu,,,,,0,2,114
segmentation_trial,362979,0.0-11.0-0.7,4,"[""gumeki"",""letumo"",""nodabu"",""digote""]",4dcrwc41ewkjelz,uniform,,1.0,0.0,gumeki,bulego,gumeki,bulego,bulego,,,,,0,2,64
segmentation_trial,369431,0.0-11.0-0.8,4,"[""gumeki"",""letumo"",""nodabu"",""digote""]",4dcrwc41ewkjelz,uniform,,1.0,1.0,digote,teguda,teguda,digote,digote,,,,,0,2,27
segmentation_trial,376000,0.0-11.0-0.9,4,"[""gumeki"",""letumo"",""nodabu"",""digote""]",4dcrwc41ewkjelz,uniform,,1.0,1.0,gumeki,moditu,moditu,gumeki,gumeki,,,,,0,2,66
segmentation_trial,382609,0.0-11.0-0.10,4,"[""gumeki"",""letumo"",""nodabu"",""digote""]",4dcrwc41ewkjelz,uniform,,0.0,1.0,nodabu,kinome,nodabu,kinome,nodabu,,,,,0,2,157
segmentation_trial,388928,0.0-11.0-0.11,4,"[""gumeki"",""letumo"",""nodabu"",""digote""]",4dcrwc41ewkjelz,uniform,,1.0,0.0,letumo,bulego,letumo,bulego,bulego,,,,,0,2,112
segmentation_trial,395448,0.0-11.0-0.12,4,"[""gumeki"",""letumo"",""nodabu"",""digote""]",4dcrwc41ewkjelz,uniform,,1.0,0.0,gumeki,kinome,gumeki,kinome,kinome,,,,,0,2,65
segmentation_trial,402334,0.0-11.0-0.13,4,"[""gumeki"",""letumo"",""nodabu"",""digote""]",4dcrwc41ewkjelz,uniform,,0.0,0.0,nodabu,teguda,teguda,nodabu,teguda,,,,,0,2,159
segmentation_trial,409061,0.0-11.0-0.14,4,"[""gumeki"",""letumo"",""nodabu"",""digote""]",4dcrwc41ewkjelz,uniform,,0.0,1.0,digote,kinome,digote,kinome,digote,,,,,0,2,25
segmentation_trial,416181,0.0-11.0-0.15,4,"[""gumeki"",""letumo"",""nodabu"",""digote""]",4dcrwc41ewkjelz,uniform,,1.0,0.0,digote,bulego,digote,bulego,bulego,,,,,0,2,24
segmentation_trial,272797,0.0-11.0-0.0,2,"[""lakubi"",""negado"",""mudile"",""kitena""]",g8qngjhkl6x4y97,uniform,,0.0,0.0,kitena,galedi,galedi,kitena,galedi,,,,,0,1,82
segmentation_trial,278755,0.0-11.0-0.1,2,"[""lakubi"",""negado"",""mudile"",""kitena""]",g8qngjhkl6x4y97,uniform,,0.0,1.0,mudile,dokine,mudile,dokine,mudile,,,,,0,1,141
segmentation_trial,284766,0.0-11.0-0.2,2,"[""lakubi"",""negado"",""mudile"",""kitena""]",g8qngjhkl6x4y97,uniform,,1.0,1.0,negado,temula,temula,negado,negado,,,,,0,1,155
segmentation_trial,290713,0.0-11.0-0.3,2,"[""lakubi"",""negado"",""mudile"",""kitena""]",g8qngjhkl6x4y97,uniform,,0.0,1.0,mudile,binaku,mudile,binaku,mudile,,,,,0,1,140
segmentation_trial,296673,0.0-11.0-0.4,2,"[""lakubi"",""negado"",""mudile"",""kitena""]",g8qngjhkl6x4y97,uniform,,0.0,1.0,negado,dokine,negado,dokine,negado,,,,,0,1,153
segmentation_trial,303145,0.0-11.0-0.5,2,"[""lakubi"",""negado"",""mudile"",""kitena""]",g8qngjhkl6x4y97,uniform,,0.0,1.0,kitena,binaku,kitena,binaku,kitena,,,,,0,1,80
segmentation_trial,309376,0.0-11.0-0.6,2,"[""lakubi"",""negado"",""mudile"",""kitena""]",g8qngjhkl6x4y97,uniform,,0.0,0.0,mudile,temula,temula,mudile,temula,,,,,0,1,143
segmentation_trial,315294,0.0-11.0-0.7,2,"[""lakubi"",""negado"",""mudile"",""kitena""]",g8qngjhkl6x4y97,uniform,,0.0,1.0,kitena,dokine,kitena,dokine,kitena,,,,,0,1,81
segmentation_trial,321201,0.0-11.0-0.8,2,"[""lakubi"",""negado"",""mudile"",""kitena""]",g8qngjhkl6x4y97,uniform,,1.0,1.0,mudile,galedi,galedi,mudile,mudile,,,,,0,1,142
segmentation_trial,326857,0.0-11.0-0.9,2,"[""lakubi"",""negado"",""mudile"",""kitena""]",g8qngjhkl6x4y97,uniform,,0.0,1.0,lakubi,dokine,lakubi,dokine,lakubi,,,,,0,1,97
segmentation_trial,332792,0.0-11.0-0.10,2,"[""lakubi"",""negado"",""mudile"",""kitena""]",g8qngjhkl6x4y97,uniform,,1.0,1.0,negado,galedi,galedi,negado,negado,,,,,0,1,154
segmentation_trial,338367,0.0-11.0-0.11,2,"[""lakubi"",""negado"",""mudile"",""kitena""]",g8qngjhkl6x4y97,uniform,,0.0,1.0,lakubi,binaku,lakubi,binaku,lakubi,,,,,0,1,96
segmentation_trial,344212,0.0-11.0-0.12,2,"[""lakubi"",""negado"",""mudile"",""kitena""]",g8qngjhkl6x4y97,uniform,,0.0,0.0,kitena,temula,temula,kitena,temula,,,,,0,1,83
segmentation_trial,349866,0.0-11.0-0.13,2,"[""lakubi"",""negado"",""mudile"",""kitena""]",g8qngjhkl6x4y97,uniform,,1.0,1.0,lakubi,galedi,galedi,lakubi,lakubi,,,,,0,1,98
segmentation_trial,355720,0.0-11.0-0.14,2,"[""lakubi"",""negado"",""mudile"",""kitena""]",g8qngjhkl6x4y97,uniform,,0.0,1.0,negado,binaku,negado,binaku,negado,,,,,0,1,152
segmentation_trial,361314,0.0-11.0-0.15,2,"[""lakubi"",""negado"",""mudile"",""kitena""]",g8qngjhkl6x4y97,uniform,,0.0,0.0,lakubi,temula,temula,lakubi,temula,,,,,0,1,99
segmentation_trial,550902,0.0-11.0-0.0,1,"[""lemaku"",""gibeto"",""bugona"",""dotumi""]",yeefw3ato0rc14p,zipfian,"[""gibeto"",""lemaku"",""bugona"",""dotumi""]",0.0,1.0,dotumi,kulego,dotumi,kulego,dotumi,gibeto,lemaku,bugona,dotumi,4,2,40
segmentation_trial,557441,0.0-11.0-0.1,1,"[""lemaku"",""gibeto"",""bugona"",""dotumi""]",yeefw3ato0rc14p,zipfian,"[""gibeto"",""lemaku"",""bugona"",""dotumi""]",1.0,1.0,bugona,midobe,midobe,bugona,bugona,gibeto,lemaku,bugona,dotumi,3,2,13
segmentation_trial,563419,0.0-11.0-0.2,1,"[""lemaku"",""gibeto"",""bugona"",""dotumi""]",yeefw3ato0rc14p,zipfian,"[""gibeto"",""lemaku"",""bugona"",""dotumi""]",0.0,1.0,dotumi,tobuma,dotumi,tobuma,dotumi,gibeto,lemaku,bugona,dotumi,4,2,43
segmentation_trial,569515,0.0-11.0-0.3,1,"[""lemaku"",""gibeto"",""bugona"",""dotumi""]",yeefw3ato0rc14p,zipfian,"[""gibeto"",""lemaku"",""bugona"",""dotumi""]",1.0,1.0,lemaku,nagitu,nagitu,lemaku,lemaku,gibeto,lemaku,bugona,dotumi,2,2,110
segmentation_trial,575592,0.0-11.0-0.4,1,"[""lemaku"",""gibeto"",""bugona"",""dotumi""]",yeefw3ato0rc14p,zipfian,"[""gibeto"",""lemaku"",""bugona"",""dotumi""]",0.0,1.0,bugona,tobuma,bugona,tobuma,bugona,gibeto,lemaku,bugona,dotumi,3,2,15
segmentation_trial,581792,0.0-11.0-0.5,1,"[""lemaku"",""gibeto"",""bugona"",""dotumi""]",yeefw3ato0rc14p,zipfian,"[""gibeto"",""lemaku"",""bugona"",""dotumi""]",1.0,1.0,lemaku,midobe,midobe,lemaku,lemaku,gibeto,lemaku,bugona,dotumi,2,2,109
segmentation_trial,588034,0.0-11.0-0.6,1,"[""lemaku"",""gibeto"",""bugona"",""dotumi""]",yeefw3ato0rc14p,zipfian,"[""gibeto"",""lemaku"",""bugona"",""dotumi""]",0.0,1.0,gibeto,kulego,gibeto,kulego,gibeto,gibeto,lemaku,bugona,dotumi,1,2,48
segmentation_trial,594141,0.0-11.0-0.7,1,"[""lemaku"",""gibeto"",""bugona"",""dotumi""]",yeefw3ato0rc14p,zipfian,"[""gibeto"",""lemaku"",""bugona"",""dotumi""]",1.0,1.0,bugona,nagitu,nagitu,bugona,bugona,gibeto,lemaku,bugona,dotumi,3,2,14
segmentation_trial,600141,0.0-11.0-0.8,1,"[""lemaku"",""gibeto"",""bugona"",""dotumi""]",yeefw3ato0rc14p,zipfian,"[""gibeto"",""lemaku"",""bugona"",""dotumi""]",0.0,1.0,gibeto,tobuma,gibeto,tobuma,gibeto,gibeto,lemaku,bugona,dotumi,1,2,51
segmentation_trial,606440,0.0-11.0-0.9,1,"[""lemaku"",""gibeto"",""bugona"",""dotumi""]",yeefw3ato0rc14p,zipfian,"[""gibeto"",""lemaku"",""bugona"",""dotumi""]",0.0,1.0,lemaku,kulego,lemaku,kulego,lemaku,gibeto,lemaku,bugona,dotumi,2,2,108
segmentation_trial,613016,0.0-11.0-0.10,1,"[""lemaku"",""gibeto"",""bugona"",""dotumi""]",yeefw3ato0rc14p,zipfian,"[""gibeto"",""lemaku"",""bugona"",""dotumi""]",1.0,1.0,dotumi,nagitu,nagitu,dotumi,dotumi,gibeto,lemaku,bugona,dotumi,4,2,42
segmentation_trial,619426,0.0-11.0-0.11,1,"[""lemaku"",""gibeto"",""bugona"",""dotumi""]",yeefw3ato0rc14p,zipfian,"[""gibeto"",""lemaku"",""bugona"",""dotumi""]",1.0,1.0,gibeto,midobe,midobe,gibeto,gibeto,gibeto,lemaku,bugona,dotumi,1,2,49
segmentation_trial,625881,0.0-11.0-0.12,1,"[""lemaku"",""gibeto"",""bugona"",""dotumi""]",yeefw3ato0rc14p,zipfian,"[""gibeto"",""lemaku"",""bugona"",""dotumi""]",0.0,1.0,bugona,kulego,bugona,kulego,bugona,gibeto,lemaku,bugona,dotumi,3,2,12
segmentation_trial,632478,0.0-11.0-0.13,1,"[""lemaku"",""gibeto"",""bugona"",""dotumi""]",yeefw3ato0rc14p,zipfian,"[""gibeto"",""lemaku"",""bugona"",""dotumi""]",1.0,1.0,dotumi,midobe,midobe,dotumi,dotumi,gibeto,lemaku,bugona,dotumi,4,2,41
segmentation_trial,638539,0.0-11.0-0.14,1,"[""lemaku"",""gibeto"",""bugona"",""dotumi""]",yeefw3ato0rc14p,zipfian,"[""gibeto"",""lemaku"",""bugona"",""dotumi""]",0.0,1.0,lemaku,tobuma,lemaku,tobuma,lemaku,gibeto,lemaku,bugona,dotumi,2,2,111
segmentation_trial,645066,0.0-11.0-0.15,1,"[""lemaku"",""gibeto"",""bugona"",""dotumi""]",yeefw3ato0rc14p,zipfian,"[""gibeto"",""lemaku"",""bugona"",""dotumi""]",1.0,1.0,gibeto,nagitu,nagitu,gibeto,gibeto,gibeto,lemaku,bugona,dotumi,1,2,50
segmentation_trial,246775,0.0-11.0-0.0,4,"[""gumeki"",""letumo"",""nodabu"",""digote""]",abfwmlb4k9k3ebl,uniform,,1.0,1.0,letumo,teguda,teguda,letumo,letumo,,,,,0,2,115
segmentation_trial,252739,0.0-11.0-0.1,4,"[""gumeki"",""letumo"",""nodabu"",""digote""]",abfwmlb4k9k3ebl,uniform,,0.0,1.0,nodabu,bulego,nodabu,bulego,nodabu,,,,,0,2,156
segmentation_trial,261332,0.0-11.0-0.2,4,"[""gumeki"",""letumo"",""nodabu"",""digote""]",abfwmlb4k9k3ebl,uniform,,0.0,0.0,gumeki,moditu,moditu,gumeki,moditu,,,,,0,2,66
segmentation_trial,267100,0.0-11.0-0.3,4,"[""gumeki"",""letumo"",""nodabu"",""digote""]",abfwmlb4k9k3ebl,uniform,,0.0,1.0,letumo,bulego,letumo,bulego,letumo,,,,,0,2,112
segmentation_trial,273233,0.0-11.0-0.4,4,"[""gumeki"",""letumo"",""nodabu"",""digote""]",abfwmlb4k9k3ebl,uniform,,1.0,1.0,digote,moditu,moditu,digote,digote,,,,,0,2,26
segmentation_trial,278845,0.0-11.0-0.5,4,"[""gumeki"",""letumo"",""nodabu"",""digote""]",abfwmlb4k9k3ebl,uniform,,0.0,1.0,nodabu,kinome,nodabu,kinome,nodabu,,,,,0,2,157
segmentation_trial,285380,0.0-11.0-0.6,4,"[""gumeki"",""letumo"",""nodabu"",""digote""]",abfwmlb4k9k3ebl,uniform,,1.0,0.0,gumeki,bulego,gumeki,bulego,bulego,,,,,0,2,64
segmentation_trial,291597,0.0-11.0-0.7,4,"[""gumeki"",""letumo"",""nodabu"",""digote""]",abfwmlb4k9k3ebl,uniform,,0.0,1.0,digote,kinome,digote,kinome,digote,,,,,0,2,25
segmentation_trial,298690,0.0-11.0-0.8,4,"[""gumeki"",""letumo"",""nodabu"",""digote""]",abfwmlb4k9k3ebl,uniform,,0.0,0.0,letumo,moditu,moditu,letumo,moditu,,,,,0,2,114
segmentation_trial,306672,0.0-11.0-0.9,4,"[""gumeki"",""letumo"",""nodabu"",""digote""]",abfwmlb4k9k3ebl,uniform,,1.0,0.0,gumeki,kinome,gumeki,kinome,kinome,,,,,0,2,65
segmentation_trial,312421,0.0-11.0-0.10,4,"[""gumeki"",""letumo"",""nodabu"",""digote""]",abfwmlb4k9k3ebl,uniform,,1.0,1.0,nodabu,teguda,teguda,nodabu,nodabu,,,,,0,2,159
segmentation_trial,318714,0.0-11.0-0.11,4,"[""gumeki"",""letumo"",""nodabu"",""digote""]",abfwmlb4k9k3ebl,uniform,,0.0,1.0,digote,bulego,digote,bulego,digote,,,,,0,2,24
segmentation_trial,324388,0.0-11.0-0.12,4,"[""gumeki"",""letumo"",""nodabu"",""digote""]",abfwmlb4k9k3ebl,uniform,,0.0,1.0,letumo,kinome,letumo,kinome,letumo,,,,,0,2,113
segmentation_trial,331125,0.0-11.0-0.13,4,"[""gumeki"",""letumo"",""nodabu"",""digote""]",abfwmlb4k9k3ebl,uniform,,1.0,1.0,nodabu,moditu,moditu,nodabu,nodabu,,,,,0,2,158
segmentation_trial,336692,0.0-11.0-0.14,4,"[""gumeki"",""letumo"",""nodabu"",""digote""]",abfwmlb4k9k3ebl,uniform,,1.0,1.0,gumeki,teguda,teguda,gumeki,gumeki,,,,,0,2,67
segmentation_trial,342742,0.0-11.0-0.15,4,"[""gumeki"",""letumo"",""nodabu"",""digote""]",abfwmlb4k9k3ebl,uniform,,1.0,1.0,digote,teguda,teguda,digote,digote,,,,,0,2,27
segmentation_trial,255088,0.0-11.0-0.0,6,"[""nodebu"",""dimate"",""mekugo"",""gubila""]",pa1q0tkqd67eq49,uniform,,0.0,0.0,gubila,tegoma,tegoma,gubila,tegoma,,,,,0,1,59
segmentation_trial,261128,0.0-11.0-0.1,6,"[""nodebu"",""dimate"",""mekugo"",""gubila""]",pa1q0tkqd67eq49,uniform,,0.0,1.0,nodebu,bimegu,nodebu,bimegu,nodebu,,,,,0,1,160
segmentation_trial,267680,0.0-11.0-0.2,6,"[""nodebu"",""dimate"",""mekugo"",""gubila""]",pa1q0tkqd67eq49,uniform,,1.0,1.0,dimate,labude,labude,dimate,dimate,,,,,0,1,30
segmentation_trial,274439,0.0-11.0-0.3,6,"[""nodebu"",""dimate"",""mekugo"",""gubila""]",pa1q0tkqd67eq49,uniform,,0.0,1.0,nodebu,kudino,nodebu,kudino,nodebu,,,,,0,1,161
segmentation_trial,280536,0.0-11.0-0.4,6,"[""nodebu"",""dimate"",""mekugo"",""gubila""]",pa1q0tkqd67eq49,uniform,,0.0,1.0,dimate,bimegu,dimate,bimegu,dimate,,,,,0,1,28
segmentation_trial,288848,0.0-11.0-0.5,6,"[""nodebu"",""dimate"",""mekugo"",""gubila""]",pa1q0tkqd67eq49,uniform,,1.0,1.0,gubila,labude,labude,gubila,gubila,,,,,0,1,58
segmentation_trial,295072,0.0-11.0-0.6,6,"[""nodebu"",""dimate"",""mekugo"",""gubila""]",pa1q0tkqd67eq49,uniform,,0.0,1.0,dimate,kudino,dimate,kudino,dimate,,,,,0,1,29
segmentation_trial,302048,0.0-11.0-0.7,6,"[""nodebu"",""dimate"",""mekugo"",""gubila""]",pa1q0tkqd67eq49,uniform,,0.0,0.0,nodebu,labude,labude,nodebu,labude,,,,,0,1,162
segmentation_trial,308768,0.0-11.0-0.8,6,"[""nodebu"",""dimate"",""mekugo"",""gubila""]",pa1q0tkqd67eq49,uniform,,0.0,1.0,mekugo,bimegu,mekugo,bimegu,mekugo,,,,,0,1,120
segmentation_trial,315600,0.0-11.0-0.9,6,"[""nodebu"",""dimate"",""mekugo"",""gubila""]",pa1q0tkqd67eq49,uniform,,0.0,1.0,gubila,kudino,gubila,kudino,gubila,,,,,0,1,57
segmentation_trial,324520,0.0-11.0-0.10,6,"[""nodebu"",""dimate"",""mekugo"",""gubila""]",pa1q0tkqd67eq49,uniform,,1.0,1.0,dimate,tegoma,tegoma,dimate,dimate,,,,,0,1,31
segmentation_trial,330504,0.0-11.0-0.11,6,"[""nodebu"",""dimate"",""mekugo"",""gubila""]",pa1q0tkqd67eq49,uniform,,0.0,1.0,gubila,bimegu,gubila,bimegu,gubila,,,,,0,1,56
segmentation_trial,340448,0.0-11.0-0.12,6,"[""nodebu"",""dimate"",""mekugo"",""gubila""]",pa1q0tkqd67eq49,uniform,,1.0,1.0,mekugo,labude,labude,mekugo,mekugo,,,,,0,1,122
segmentation_trial,349200,0.0-11.0-0.13,6,"[""nodebu"",""dimate"",""mekugo"",""gubila""]",pa1q0tkqd67eq49,uniform,,1.0,1.0,nodebu,tegoma,tegoma,nodebu,nodebu,,,,,0,1,163
segmentation_trial,355848,0.0-11.0-0.14,6,"[""nodebu"",""dimate"",""mekugo"",""gubila""]",pa1q0tkqd67eq49,uniform,,0.0,1.0,mekugo,kudino,mekugo,kudino,mekugo,,,,,0,1,121
segmentation_trial,363600,0.0-11.0-0.15,6,"[""nodebu"",""dimate"",""mekugo"",""gubila""]",pa1q0tkqd67eq49,uniform,,0.0,0.0,mekugo,tegoma,tegoma,mekugo,tegoma,,,,,0,1,123
segmentation_trial,218015,0.0-11.0-0.0,2,"[""binaku"",""temula"",""dokine"",""galedi""]",zykhcs55143l1qu,uniform,,0.0,1.0,galedi,mudile,galedi,mudile,galedi,,,,,0,2,46
segmentation_trial,224031,0.0-11.0-0.1,2,"[""binaku"",""temula"",""dokine"",""galedi""]",zykhcs55143l1qu,uniform,,1.0,1.0,temula,negado,negado,temula,temula,,,,,0,2,183
segmentation_trial,230311,0.0-11.0-0.2,2,"[""binaku"",""temula"",""dokine"",""galedi""]",zykhcs55143l1qu,uniform,,0.0,1.0,dokine,mudile,dokine,mudile,dokine,,,,,0,2,38
segmentation_trial,239891,0.0-11.0-0.3,2,"[""binaku"",""temula"",""dokine"",""galedi""]",zykhcs55143l1qu,uniform,,0.0,1.0,temula,lakubi,temula,lakubi,temula,,,,,0,2,181
segmentation_trial,245839,0.0-11.0-0.4,2,"[""binaku"",""temula"",""dokine"",""galedi""]",zykhcs55143l1qu,uniform,,1.0,0.0,binaku,mudile,binaku,mudile,mudile,,,,,0,2,6
segmentation_trial,259451,0.0-11.0-0.5,2,"[""binaku"",""temula"",""dokine"",""galedi""]",zykhcs55143l1qu,uniform,,0.0,1.0,galedi,lakubi,galedi,lakubi,galedi,,,,,0,2,45
segmentation_trial,267467,0.0-11.0-0.6,2,"[""binaku"",""temula"",""dokine"",""galedi""]",zykhcs55143l1qu,uniform,,0.0,0.0,temula,kitena,kitena,temula,kitena,,,,,0,2,180
segmentation_trial,273557,0.0-11.0-0.7,2,"[""binaku"",""temula"",""dokine"",""galedi""]",zykhcs55143l1qu,uniform,,1.0,1.0,galedi,negado,negado,galedi,galedi,,,,,0,2,47
segmentation_trial,284673,0.0-11.0-0.8,2,"[""binaku"",""temula"",""dokine"",""galedi""]",zykhcs55143l1qu,uniform,,0.0,1.0,binaku,lakubi,binaku,lakubi,binaku,,,,,0,2,5
segmentation_trial,294421,0.0-11.0-0.9,2,"[""binaku"",""temula"",""dokine"",""galedi""]",zykhcs55143l1qu,uniform,,1.0,1.0,dokine,negado,negado,dokine,dokine,,,,,0,2,39
segmentation_trial,304805,0.0-11.0-0.10,2,"[""binaku"",""temula"",""dokine"",""galedi""]",zykhcs55143l1qu,uniform,,1.0,1.0,binaku,kitena,kitena,binaku,binaku,,,,,0,2,4
segmentation_trial,312361,0.0-11.0-0.11,2,"[""binaku"",""temula"",""dokine"",""galedi""]",zykhcs55143l1qu,uniform,,0.0,1.0,temula,mudile,temula,mudile,temula,,,,,0,2,182
segmentation_trial,320333,0.0-11.0-0.12,2,"[""binaku"",""temula"",""dokine"",""galedi""]",zykhcs55143l1qu,uniform,,0.0,1.0,dokine,lakubi,dokine,lakubi,dokine,,,,,0,2,37
segmentation_trial,329657,0.0-11.0-0.13,2,"[""binaku"",""temula"",""dokine"",""galedi""]",zykhcs55143l1qu,uniform,,1.0,1.0,binaku,negado,negado,binaku,binaku,,,,,0,2,7
segmentation_trial,335695,0.0-11.0-0.14,2,"[""binaku"",""temula"",""dokine"",""galedi""]",zykhcs55143l1qu,uniform,,0.0,0.0,dokine,kitena,kitena,dokine,kitena,,,,,0,2,36
segmentation_trial,341939,0.0-11.0-0.15,2,"[""binaku"",""temula"",""dokine"",""galedi""]",zykhcs55143l1qu,uniform,,0.0,0.0,galedi,kitena,kitena,galedi,kitena,,,,,0,2,44
segmentation_trial,415641,0.0-11.0-0.0,5,"[""tobanu"",""gukema"",""delubo"",""lamodi""]",lq3bn7v5cf9dr8z,uniform,,0.0,1.0,gukema,mogude,gukema,mogude,gukema,,,,,0,1,62
segmentation_trial,422818,0.0-11.0-0.1,5,"[""tobanu"",""gukema"",""delubo"",""lamodi""]",lq3bn7v5cf9dr8z,uniform,,0.0,1.0,delubo,matolu,delubo,matolu,delubo,,,,,0,1,21
segmentation_trial,429674,0.0-11.0-0.2,5,"[""tobanu"",""gukema"",""delubo"",""lamodi""]",lq3bn7v5cf9dr8z,uniform,,1.0,1.0,lamodi,nubola,nubola,lamodi,lamodi,,,,,0,1,103
segmentation_trial,436649,0.0-11.0-0.3,5,"[""tobanu"",""gukema"",""delubo"",""lamodi""]",lq3bn7v5cf9dr8z,uniform,,0.0,1.0,delubo,mogude,delubo,mogude,delubo,,,,,0,1,22
segmentation_trial,443592,0.0-11.0-0.4,5,"[""tobanu"",""gukema"",""delubo"",""lamodi""]",lq3bn7v5cf9dr8z,uniform,,0.0,1.0,lamodi,matolu,lamodi,matolu,lamodi,,,,,0,1,101
segmentation_trial,449787,0.0-11.0-0.5,5,"[""tobanu"",""gukema"",""delubo"",""lamodi""]",lq3bn7v5cf9dr8z,uniform,,1.0,1.0,delubo,kediba,kediba,delubo,delubo,,,,,0,1,20
segmentation_trial,456031,0.0-11.0-0.6,5,"[""tobanu"",""gukema"",""delubo"",""lamodi""]",lq3bn7v5cf9dr8z,uniform,,0.0,1.0,lamodi,mogude,lamodi,mogude,lamodi,,,,,0,1,102
segmentation_trial,462660,0.0-11.0-0.7,5,"[""tobanu"",""gukema"",""delubo"",""lamodi""]",lq3bn7v5cf9dr8z,uniform,,0.0,0.0,tobanu,nubola,nubola,tobanu,nubola,,,,,0,1,187
segmentation_trial,469060,0.0-11.0-0.8,5,"[""tobanu"",""gukema"",""delubo"",""lamodi""]",lq3bn7v5cf9dr8z,uniform,,0.0,0.0,lamodi,kediba,kediba,lamodi,kediba,,,,,0,1,100
segmentation_trial,475256,0.0-11.0-0.9,5,"[""tobanu"",""gukema"",""delubo"",""lamodi""]",lq3bn7v5cf9dr8z,uniform,,0.0,1.0,tobanu,mogude,tobanu,mogude,tobanu,,,,,0,1,186
segmentation_trial,481446,0.0-11.0-0.10,5,"[""tobanu"",""gukema"",""delubo"",""lamodi""]",lq3bn7v5cf9dr8z,uniform,,0.0,0.0,delubo,nubola,nubola,delubo,nubola,,,,,0,1,23
segmentation_trial,488505,0.0-11.0-0.11,5,"[""tobanu"",""gukema"",""delubo"",""lamodi""]",lq3bn7v5cf9dr8z,uniform,,1.0,0.0,tobanu,matolu,tobanu,matolu,matolu,,,,,0,1,185
segmentation_trial,494909,0.0-11.0-0.12,5,"[""tobanu"",""gukema"",""delubo"",""lamodi""]",lq3bn7v5cf9dr8z,uniform,,1.0,1.0,gukema,nubola,nubola,gukema,gukema,,,,,0,1,63
segmentation_trial,501086,0.0-11.0-0.13,5,"[""tobanu"",""gukema"",""delubo"",""lamodi""]",lq3bn7v5cf9dr8z,uniform,,0.0,0.0,tobanu,kediba,kediba,tobanu,kediba,,,,,0,1,184
segmentation_trial,507534,0.0-11.0-0.14,5,"[""tobanu"",""gukema"",""delubo"",""lamodi""]",lq3bn7v5cf9dr8z,uniform,,0.0,1.0,gukema,matolu,gukema,matolu,gukema,,,,,0,1,61
segmentation_trial,513846,0.0-11.0-0.15,5,"[""tobanu"",""gukema"",""delubo"",""lamodi""]",lq3bn7v5cf9dr8z,uniform,,0.0,0.0,gukema,kediba,kediba,gukema,kediba,,,,,0,1,60
segmentation_trial,215416,0.0-11.0-0.0,6,"[""bimegu"",""tegoma"",""kudino"",""labude""]",w59m1ap5s3zw05v,uniform,,0.0,0.0,kudino,gubila,gubila,kudino,gubila,,,,,0,2,85
segmentation_trial,222533,0.0-11.0-0.1,6,"[""bimegu"",""tegoma"",""kudino"",""labude""]",w59m1ap5s3zw05v,uniform,,0.0,1.0,bimegu,nodebu,bimegu,nodebu,bimegu,,,,,0,2,3
segmentation_trial,228416,0.0-11.0-0.2,6,"[""bimegu"",""tegoma"",""kudino"",""labude""]",w59m1ap5s3zw05v,uniform,,1.0,1.0,kudino,dimate,dimate,kudino,kudino,,,,,0,2,84
segmentation_trial,234883,0.0-11.0-0.3,6,"[""bimegu"",""tegoma"",""kudino"",""labude""]",w59m1ap5s3zw05v,uniform,,0.0,1.0,labude,nodebu,labude,nodebu,labude,,,,,0,2,95
segmentation_trial,241117,0.0-11.0-0.4,6,"[""bimegu"",""tegoma"",""kudino"",""labude""]",w59m1ap5s3zw05v,uniform,,1.0,1.0,tegoma,dimate,dimate,tegoma,tegoma,,,,,0,2,172
segmentation_trial,247634,0.0-11.0-0.5,6,"[""bimegu"",""tegoma"",""kudino"",""labude""]",w59m1ap5s3zw05v,uniform,,0.0,1.0,bimegu,mekugo,bimegu,mekugo,bimegu,,,,,0,2,2
segmentation_trial,254201,0.0-11.0-0.6,6,"[""bimegu"",""tegoma"",""kudino"",""labude""]",w59m1ap5s3zw05v,uniform,,0.0,1.0,kudino,nodebu,kudino,nodebu,kudino,,,,,0,2,87
segmentation_trial,268184,0.0-11.0-0.7,6,"[""bimegu"",""tegoma"",""kudino"",""labude""]",w59m1ap5s3zw05v,uniform,,0.0,0.0,labude,gubila,gubila,labude,gubila,,,,,0,2,93
segmentation_trial,273918,0.0-11.0-0.8,6,"[""bimegu"",""tegoma"",""kudino"",""labude""]",w59m1ap5s3zw05v,uniform,,0.0,1.0,kudino,mekugo,kudino,mekugo,kudino,,,,,0,2,86
segmentation_trial,279835,0.0-11.0-0.9,6,"[""bimegu"",""tegoma"",""kudino"",""labude""]",w59m1ap5s3zw05v,uniform,,0.0,0.0,bimegu,gubila,gubila,bimegu,gubila,,,,,0,2,1
segmentation_trial,286768,0.0-11.0-0.10,6,"[""bimegu"",""tegoma"",""kudino"",""labude""]",w59m1ap5s3zw05v,uniform,,0.0,1.0,labude,mekugo,labude,mekugo,labude,,,,,0,2,94
segmentation_trial,292968,0.0-11.0-0.11,6,"[""bimegu"",""tegoma"",""kudino"",""labude""]",w59m1ap5s3zw05v,uniform,,1.0,1.0,bimegu,dimate,dimate,bimegu,bimegu,,,,,0,2,0
segmentation_trial,304369,0.0-11.0-0.12,6,"[""bimegu"",""tegoma"",""kudino"",""labude""]",w59m1ap5s3zw05v,uniform,,0.0,1.0,tegoma,mekugo,tegoma,mekugo,tegoma,,,,,0,2,174
segmentation_trial,311452,0.0-11.0-0.13,6,"[""bimegu"",""tegoma"",""kudino"",""labude""]",w59m1ap5s3zw05v,uniform,,0.0,0.0,labude,dimate,dimate,labude,dimate,,,,,0,2,92
segmentation_trial,317819,0.0-11.0-0.14,6,"[""bimegu"",""tegoma"",""kudino"",""labude""]",w59m1ap5s3zw05v,uniform,,0.0,1.0,tegoma,nodebu,tegoma,nodebu,tegoma,,,,,0,2,175
segmentation_trial,324036,0.0-11.0-0.15,6,"[""bimegu"",""tegoma"",""kudino"",""labude""]",w59m1ap5s3zw05v,uniform,,0.0,0.0,tegoma,gubila,gubila,tegoma,gubila,,,,,0,2,173
segmentation_trial,443016,0.0-11.0-0.0,2,"[""lakubi"",""negado"",""mudile"",""kitena""]",xnl8knlcsfwwa98,zipfian,"[""lakubi"",""negado"",""mudile"",""kitena""]",1.0,1.0,mudile,galedi,galedi,mudile,mudile,lakubi,negado,mudile,kitena,3,1,142
segmentation_trial,451884,0.0-11.0-0.1,2,"[""lakubi"",""negado"",""mudile"",""kitena""]",xnl8knlcsfwwa98,zipfian,"[""lakubi"",""negado"",""mudile"",""kitena""]",0.0,1.0,lakubi,dokine,lakubi,dokine,lakubi,lakubi,negado,mudile,kitena,1,1,97
segmentation_trial,458732,0.0-11.0-0.2,2,"[""lakubi"",""negado"",""mudile"",""kitena""]",xnl8knlcsfwwa98,zipfian,"[""lakubi"",""negado"",""mudile"",""kitena""]",0.0,0.0,negado,temula,temula,negado,temula,lakubi,negado,mudile,kitena,2,1,155
segmentation_trial,464826,0.0-11.0-0.3,2,"[""lakubi"",""negado"",""mudile"",""kitena""]",xnl8knlcsfwwa98,zipfian,"[""lakubi"",""negado"",""mudile"",""kitena""]",1.0,0.0,mudile,binaku,mudile,binaku,binaku,lakubi,negado,mudile,kitena,3,1,140
segmentation_trial,472355,0.0-11.0-0.4,2,"[""lakubi"",""negado"",""mudile"",""kitena""]",xnl8knlcsfwwa98,zipfian,"[""lakubi"",""negado"",""mudile"",""kitena""]",0.0,1.0,kitena,dokine,kitena,dokine,kitena,lakubi,negado,mudile,kitena,4,1,81
segmentation_trial,478736,0.0-11.0-0.5,2,"[""lakubi"",""negado"",""mudile"",""kitena""]",xnl8knlcsfwwa98,zipfian,"[""lakubi"",""negado"",""mudile"",""kitena""]",0.0,1.0,lakubi,binaku,lakubi,binaku,lakubi,lakubi,negado,mudile,kitena,1,1,96
segmentation_trial,484385,0.0-11.0-0.6,2,"[""lakubi"",""negado"",""mudile"",""kitena""]",xnl8knlcsfwwa98,zipfian,"[""lakubi"",""negado"",""mudile"",""kitena""]",0.0,0.0,kitena,galedi,galedi,kitena,galedi,lakubi,negado,mudile,kitena,4,1,82
segmentation_trial,491222,0.0-11.0-0.7,2,"[""lakubi"",""negado"",""mudile"",""kitena""]",xnl8knlcsfwwa98,zipfian,"[""lakubi"",""negado"",""mudile"",""kitena""]",0.0,0.0,lakubi,temula,temula,lakubi,temula,lakubi,negado,mudile,kitena,1,1,99
segmentation_trial,497507,0.0-11.0-0.8,2,"[""lakubi"",""negado"",""mudile"",""kitena""]",xnl8knlcsfwwa98,zipfian,"[""lakubi"",""negado"",""mudile"",""kitena""]",1.0,0.0,negado,binaku,negado,binaku,binaku,lakubi,negado,mudile,kitena,2,1,152
segmentation_trial,513889,0.0-11.0-0.9,2,"[""lakubi"",""negado"",""mudile"",""kitena""]",xnl8knlcsfwwa98,zipfian,"[""lakubi"",""negado"",""mudile"",""kitena""]",1.0,0.0,mudile,dokine,mudile,dokine,dokine,lakubi,negado,mudile,kitena,3,1,141
segmentation_trial,524163,0.0-11.0-0.10,2,"[""lakubi"",""negado"",""mudile"",""kitena""]",xnl8knlcsfwwa98,zipfian,"[""lakubi"",""negado"",""mudile"",""kitena""]",0.0,0.0,negado,galedi,galedi,negado,galedi,lakubi,negado,mudile,kitena,2,1,154
segmentation_trial,540263,0.0-11.0-0.11,2,"[""lakubi"",""negado"",""mudile"",""kitena""]",xnl8knlcsfwwa98,zipfian,"[""lakubi"",""negado"",""mudile"",""kitena""]",0.0,1.0,kitena,binaku,kitena,binaku,kitena,lakubi,negado,mudile,kitena,4,1,80
segmentation_trial,545868,0.0-11.0-0.12,2,"[""lakubi"",""negado"",""mudile"",""kitena""]",xnl8knlcsfwwa98,zipfian,"[""lakubi"",""negado"",""mudile"",""kitena""]",0.0,1.0,negado,dokine,negado,dokine,negado,lakubi,negado,mudile,kitena,2,1,153
segmentation_trial,552004,0.0-11.0-0.13,2,"[""lakubi"",""negado"",""mudile"",""kitena""]",xnl8knlcsfwwa98,zipfian,"[""lakubi"",""negado"",""mudile"",""kitena""]",1.0,1.0,lakubi,galedi,galedi,lakubi,lakubi,lakubi,negado,mudile,kitena,1,1,98
segmentation_trial,557781,0.0-11.0-0.14,2,"[""lakubi"",""negado"",""mudile"",""kitena""]",xnl8knlcsfwwa98,zipfian,"[""lakubi"",""negado"",""mudile"",""kitena""]",0.0,0.0,kitena,temula,temula,kitena,temula,lakubi,negado,mudile,kitena,4,1,83
segmentation_trial,563892,0.0-11.0-0.15,2,"[""lakubi"",""negado"",""mudile"",""kitena""]",xnl8knlcsfwwa98,zipfian,"[""lakubi"",""negado"",""mudile"",""kitena""]",0.0,0.0,mudile,temula,temula,mudile,temula,lakubi,negado,mudile,kitena,3,1,143
segmentation_trial,216539,0.0-11.0-0.0,5,"[""matolu"",""nubola"",""mogude"",""kediba""]",q7z0zpps0yf478l,zipfian,"[""kediba"",""matolu"",""mogude"",""nubola""]",1.0,1.0,mogude,lamodi,lamodi,mogude,mogude,kediba,matolu,mogude,nubola,3,2,138
segmentation_trial,222438,0.0-11.0-0.1,5,"[""matolu"",""nubola"",""mogude"",""kediba""]",q7z0zpps0yf478l,zipfian,"[""kediba"",""matolu"",""mogude"",""nubola""]",0.0,1.0,kediba,tobanu,kediba,tobanu,kediba,kediba,matolu,mogude,nubola,1,2,75
segmentation_trial,229439,0.0-11.0-0.2,5,"[""matolu"",""nubola"",""mogude"",""kediba""]",q7z0zpps0yf478l,zipfian,"[""kediba"",""matolu"",""mogude"",""nubola""]",1.0,1.0,matolu,gukema,gukema,matolu,matolu,kediba,matolu,mogude,nubola,2,2,117
segmentation_trial,235455,0.0-11.0-0.3,5,"[""matolu"",""nubola"",""mogude"",""kediba""]",q7z0zpps0yf478l,zipfian,"[""kediba"",""matolu"",""mogude"",""nubola""]",0.0,1.0,nubola,tobanu,nubola,tobanu,nubola,kediba,matolu,mogude,nubola,4,2,167
segmentation_trial,241505,0.0-11.0-0.4,5,"[""matolu"",""nubola"",""mogude"",""kediba""]",q7z0zpps0yf478l,zipfian,"[""kediba"",""matolu"",""mogude"",""nubola""]",0.0,1.0,kediba,delubo,kediba,delubo,kediba,kediba,matolu,mogude,nubola,1,2,72
segmentation_trial,247389,0.0-11.0-0.5,5,"[""matolu"",""nubola"",""mogude"",""kediba""]",q7z0zpps0yf478l,zipfian,"[""kediba"",""matolu"",""mogude"",""nubola""]",1.0,1.0,nubola,gukema,gukema,nubola,nubola,kediba,matolu,mogude,nubola,4,2,165
segmentation_trial,253188,0.0-11.0-0.6,5,"[""matolu"",""nubola"",""mogude"",""kediba""]",q7z0zpps0yf478l,zipfian,"[""kediba"",""matolu"",""mogude"",""nubola""]",0.0,1.0,mogude,tobanu,mogude,tobanu,mogude,kediba,matolu,mogude,nubola,3,2,139
segmentation_trial,260871,0.0-11.0-0.7,5,"[""matolu"",""nubola"",""mogude"",""kediba""]",q7z0zpps0yf478l,zipfian,"[""kediba"",""matolu"",""mogude"",""nubola""]",1.0,1.0,nubola,lamodi,lamodi,nubola,nubola,kediba,matolu,mogude,nubola,4,2,166
segmentation_trial,266638,0.0-11.0-0.8,5,"[""matolu"",""nubola"",""mogude"",""kediba""]",q7z0zpps0yf478l,zipfian,"[""kediba"",""matolu"",""mogude"",""nubola""]",0.0,1.0,matolu,tobanu,matolu,tobanu,matolu,kediba,matolu,mogude,nubola,2,2,119
segmentation_trial,272689,0.0-11.0-0.9,5,"[""matolu"",""nubola"",""mogude"",""kediba""]",q7z0zpps0yf478l,zipfian,"[""kediba"",""matolu"",""mogude"",""nubola""]",1.0,1.0,kediba,lamodi,lamodi,kediba,kediba,kediba,matolu,mogude,nubola,1,2,74
segmentation_trial,279272,0.0-11.0-0.10,5,"[""matolu"",""nubola"",""mogude"",""kediba""]",q7z0zpps0yf478l,zipfian,"[""kediba"",""matolu"",""mogude"",""nubola""]",0.0,1.0,mogude,delubo,mogude,delubo,mogude,kediba,matolu,mogude,nubola,3,2,136
segmentation_trial,285288,0.0-11.0-0.11,5,"[""matolu"",""nubola"",""mogude"",""kediba""]",q7z0zpps0yf478l,zipfian,"[""kediba"",""matolu"",""mogude"",""nubola""]",1.0,1.0,kediba,gukema,gukema,kediba,kediba,kediba,matolu,mogude,nubola,1,2,73
segmentation_trial,291087,0.0-11.0-0.12,5,"[""matolu"",""nubola"",""mogude"",""kediba""]",q7z0zpps0yf478l,zipfian,"[""kediba"",""matolu"",""mogude"",""nubola""]",0.0,1.0,nubola,delubo,nubola,delubo,nubola,kediba,matolu,mogude,nubola,4,2,164
segmentation_trial,297055,0.0-11.0-0.13,5,"[""matolu"",""nubola"",""mogude"",""kediba""]",q7z0zpps0yf478l,zipfian,"[""kediba"",""matolu"",""mogude"",""nubola""]",0.0,0.0,matolu,lamodi,lamodi,matolu,lamodi,kediba,matolu,mogude,nubola,2,2,118
segmentation_trial,305204,0.0-11.0-0.14,5,"[""matolu"",""nubola"",""mogude"",""kediba""]",q7z0zpps0yf478l,zipfian,"[""kediba"",""matolu"",""mogude"",""nubola""]",1.0,1.0,mogude,gukema,gukema,mogude,mogude,kediba,matolu,mogude,nubola,3,2,137
segmentation_trial,311188,0.0-11.0-0.15,5,"[""matolu"",""nubola"",""mogude"",""kediba""]",q7z0zpps0yf478l,zipfian,"[""kediba"",""matolu"",""mogude"",""nubola""]",0.0,1.0,matolu,delubo,matolu,delubo,matolu,kediba,matolu,mogude,nubola,2,2,116
segmentation_trial,294067,0.0-11.0-0.0,1,"[""lemaku"",""gibeto"",""bugona"",""dotumi""]",xg1anxwqfgzeo6c,zipfian,"[""lemaku"",""dotumi"",""bugona"",""gibeto""]",0.0,1.0,dotumi,tobuma,dotumi,tobuma,dotumi,lemaku,dotumi,bugona,gibeto,2,2,43
segmentation_trial,300171,0.0-11.0-0.1,1,"[""lemaku"",""gibeto"",""bugona"",""dotumi""]",xg1anxwqfgzeo6c,zipfian,"[""lemaku"",""dotumi"",""bugona"",""gibeto""]",1.0,1.0,lemaku,midobe,midobe,lemaku,lemaku,lemaku,dotumi,bugona,gibeto,1,2,109
segmentation_trial,306950,0.0-11.0-0.2,1,"[""lemaku"",""gibeto"",""bugona"",""dotumi""]",xg1anxwqfgzeo6c,zipfian,"[""lemaku"",""dotumi"",""bugona"",""gibeto""]",1.0,0.0,gibeto,kulego,gibeto,kulego,kulego,lemaku,dotumi,bugona,gibeto,4,2,48
segmentation_trial,313333,0.0-11.0-0.3,1,"[""lemaku"",""gibeto"",""bugona"",""dotumi""]",xg1anxwqfgzeo6c,zipfian,"[""lemaku"",""dotumi"",""bugona"",""gibeto""]",1.0,1.0,bugona,nagitu,nagitu,bugona,bugona,lemaku,dotumi,bugona,gibeto,3,2,14
segmentation_trial,319483,0.0-11.0-0.4,1,"[""lemaku"",""gibeto"",""bugona"",""dotumi""]",xg1anxwqfgzeo6c,zipfian,"[""lemaku"",""dotumi"",""bugona"",""gibeto""]",0.0,0.0,gibeto,midobe,midobe,gibeto,midobe,lemaku,dotumi,bugona,gibeto,4,2,49
segmentation_trial,325384,0.0-11.0-0.5,1,"[""lemaku"",""gibeto"",""bugona"",""dotumi""]",xg1anxwqfgzeo6c,zipfian,"[""lemaku"",""dotumi"",""bugona"",""gibeto""]",0.0,1.0,lemaku,tobuma,lemaku,tobuma,lemaku,lemaku,dotumi,bugona,gibeto,1,2,111
segmentation_trial,331683,0.0-11.0-0.6,1,"[""lemaku"",""gibeto"",""bugona"",""dotumi""]",xg1anxwqfgzeo6c,zipfian,"[""lemaku"",""dotumi"",""bugona"",""gibeto""]",1.0,1.0,gibeto,nagitu,nagitu,gibeto,gibeto,lemaku,dotumi,bugona,gibeto,4,2,50
segmentation_trial,337517,0.0-11.0-0.7,1,"[""lemaku"",""gibeto"",""bugona"",""dotumi""]",xg1anxwqfgzeo6c,zipfian,"[""lemaku"",""dotumi"",""bugona"",""gibeto""]",0.0,1.0,bugona,tobuma,bugona,tobuma,bugona,lemaku,dotumi,bugona,gibeto,3,2,15
segmentation_trial,343917,0.0-11.0-0.8,1,"[""lemaku"",""gibeto"",""bugona"",""dotumi""]",xg1anxwqfgzeo6c,zipfian,"[""lemaku"",""dotumi"",""bugona"",""gibeto""]",1.0,1.0,dotumi,nagitu,nagitu,dotumi,dotumi,lemaku,dotumi,bugona,gibeto,2,2,42
segmentation_trial,349900,0.0-11.0-0.9,1,"[""lemaku"",""gibeto"",""bugona"",""dotumi""]",xg1anxwqfgzeo6c,zipfian,"[""lemaku"",""dotumi"",""bugona"",""gibeto""]",0.0,1.0,gibeto,tobuma,gibeto,tobuma,gibeto,lemaku,dotumi,bugona,gibeto,4,2,51
segmentation_trial,358033,0.0-11.0-0.10,1,"[""lemaku"",""gibeto"",""bugona"",""dotumi""]",xg1anxwqfgzeo6c,zipfian,"[""lemaku"",""dotumi"",""bugona"",""gibeto""]",1.0,1.0,bugona,midobe,midobe,bugona,bugona,lemaku,dotumi,bugona,gibeto,3,2,13
segmentation_trial,363851,0.0-11.0-0.11,1,"[""lemaku"",""gibeto"",""bugona"",""dotumi""]",xg1anxwqfgzeo6c,zipfian,"[""lemaku"",""dotumi"",""bugona"",""gibeto""]",0.0,1.0,lemaku,kulego,lemaku,kulego,lemaku,lemaku,dotumi,bugona,gibeto,1,2,108
segmentation_trial,369910,0.0-11.0-0.12,1,"[""lemaku"",""gibeto"",""bugona"",""dotumi""]",xg1anxwqfgzeo6c,zipfian,"[""lemaku"",""dotumi"",""bugona"",""gibeto""]",1.0,1.0,dotumi,midobe,midobe,dotumi,dotumi,lemaku,dotumi,bugona,gibeto,2,2,41
segmentation_trial,375579,0.0-11.0-0.13,1,"[""lemaku"",""gibeto"",""bugona"",""dotumi""]",xg1anxwqfgzeo6c,zipfian,"[""lemaku"",""dotumi"",""bugona"",""gibeto""]",1.0,1.0,lemaku,nagitu,nagitu,lemaku,lemaku,lemaku,dotumi,bugona,gibeto,1,2,110
segmentation_trial,381401,0.0-11.0-0.14,1,"[""lemaku"",""gibeto"",""bugona"",""dotumi""]",xg1anxwqfgzeo6c,zipfian,"[""lemaku"",""dotumi"",""bugona"",""gibeto""]",0.0,1.0,dotumi,kulego,dotumi,kulego,dotumi,lemaku,dotumi,bugona,gibeto,2,2,40
segmentation_trial,387536,0.0-11.0-0.15,1,"[""lemaku"",""gibeto"",""bugona"",""dotumi""]",xg1anxwqfgzeo6c,zipfian,"[""lemaku"",""dotumi"",""bugona"",""gibeto""]",0.0,1.0,bugona,kulego,bugona,kulego,bugona,lemaku,dotumi,bugona,gibeto,3,2,12
segmentation_trial,270950,0.0-11.0-0.0,6,"[""bimegu"",""tegoma"",""kudino"",""labude""]",zosbn37q7brf077,zipfian,"[""labude"",""bimegu"",""tegoma"",""kudino""]",1.0,1.0,tegoma,dimate,dimate,tegoma,tegoma,labude,bimegu,tegoma,kudino,3,2,172
segmentation_trial,277725,0.0-11.0-0.1,6,"[""bimegu"",""tegoma"",""kudino"",""labude""]",zosbn37q7brf077,zipfian,"[""labude"",""bimegu"",""tegoma"",""kudino""]",0.0,1.0,bimegu,nodebu,bimegu,nodebu,bimegu,labude,bimegu,tegoma,kudino,2,2,3
segmentation_trial,284569,0.0-11.0-0.2,6,"[""bimegu"",""tegoma"",""kudino"",""labude""]",zosbn37q7brf077,zipfian,"[""labude"",""bimegu"",""tegoma"",""kudino""]",0.0,1.0,tegoma,mekugo,tegoma,mekugo,tegoma,labude,bimegu,tegoma,kudino,3,2,174
segmentation_trial,292382,0.0-11.0-0.3,6,"[""bimegu"",""tegoma"",""kudino"",""labude""]",zosbn37q7brf077,zipfian,"[""labude"",""bimegu"",""tegoma"",""kudino""]",1.0,1.0,kudino,dimate,dimate,kudino,kudino,labude,bimegu,tegoma,kudino,4,2,84
segmentation_trial,299515,0.0-11.0-0.4,6,"[""bimegu"",""tegoma"",""kudino"",""labude""]",zosbn37q7brf077,zipfian,"[""labude"",""bimegu"",""tegoma"",""kudino""]",0.0,0.0,tegoma,gubila,gubila,tegoma,gubila,labude,bimegu,tegoma,kudino,3,2,173
segmentation_trial,306542,0.0-11.0-0.5,6,"[""bimegu"",""tegoma"",""kudino"",""labude""]",zosbn37q7brf077,zipfian,"[""labude"",""bimegu"",""tegoma"",""kudino""]",0.0,1.0,labude,nodebu,labude,nodebu,labude,labude,bimegu,tegoma,kudino,1,2,95
segmentation_trial,313627,0.0-11.0-0.6,6,"[""bimegu"",""tegoma"",""kudino"",""labude""]",zosbn37q7brf077,zipfian,"[""labude"",""bimegu"",""tegoma"",""kudino""]",0.0,0.0,bimegu,gubila,gubila,bimegu,gubila,labude,bimegu,tegoma,kudino,2,2,1
segmentation_trial,320838,0.0-11.0-0.7,6,"[""bimegu"",""tegoma"",""kudino"",""labude""]",zosbn37q7brf077,zipfian,"[""labude"",""bimegu"",""tegoma"",""kudino""]",0.0,1.0,tegoma,nodebu,tegoma,nodebu,tegoma,labude,bimegu,tegoma,kudino,3,2,175
segmentation_trial,327458,0.0-11.0-0.8,6,"[""bimegu"",""tegoma"",""kudino"",""labude""]",zosbn37q7brf077,zipfian,"[""labude"",""bimegu"",""tegoma"",""kudino""]",0.0,1.0,kudino,mekugo,kudino,mekugo,kudino,labude,bimegu,tegoma,kudino,4,2,86
segmentation_trial,334801,0.0-11.0-0.9,6,"[""bimegu"",""tegoma"",""kudino"",""labude""]",zosbn37q7brf077,zipfian,"[""labude"",""bimegu"",""tegoma"",""kudino""]",0.0,0.0,bimegu,dimate,dimate,bimegu,dimate,labude,bimegu,tegoma,kudino,2,2,0
segmentation_trial,341894,0.0-11.0-0.10,6,"[""bimegu"",""tegoma"",""kudino"",""labude""]",zosbn37q7brf077,zipfian,"[""labude"",""bimegu"",""tegoma"",""kudino""]",1.0,1.0,kudino,gubila,gubila,kudino,kudino,labude,bimegu,tegoma,kudino,4,2,85
segmentation_trial,348835,0.0-11.0-0.11,6,"[""bimegu"",""tegoma"",""kudino"",""labude""]",zosbn37q7brf077,zipfian,"[""labude"",""bimegu"",""tegoma"",""kudino""]",0.0,0.0,labude,dimate,dimate,labude,dimate,labude,bimegu,tegoma,kudino,1,2,92
segmentation_trial,355662,0.0-11.0-0.12,6,"[""bimegu"",""tegoma"",""kudino"",""labude""]",zosbn37q7brf077,zipfian,"[""labude"",""bimegu"",""tegoma"",""kudino""]",0.0,1.0,kudino,nodebu,kudino,nodebu,kudino,labude,bimegu,tegoma,kudino,4,2,87
segmentation_trial,362585,0.0-11.0-0.13,6,"[""bimegu"",""tegoma"",""kudino"",""labude""]",zosbn37q7brf077,zipfian,"[""labude"",""bimegu"",""tegoma"",""kudino""]",0.0,1.0,bimegu,mekugo,bimegu,mekugo,bimegu,labude,bimegu,tegoma,kudino,2,2,2
segmentation_trial,379919,0.0-11.0-0.14,6,"[""bimegu"",""tegoma"",""kudino"",""labude""]",zosbn37q7brf077,zipfian,"[""labude"",""bimegu"",""tegoma"",""kudino""]",1.0,1.0,labude,gubila,gubila,labude,labude,labude,bimegu,tegoma,kudino,1,2,93
segmentation_trial,386352,0.0-11.0-0.15,6,"[""bimegu"",""tegoma"",""kudino"",""labude""]",zosbn37q7brf077,zipfian,"[""labude"",""bimegu"",""tegoma"",""kudino""]",0.0,1.0,labude,mekugo,labude,mekugo,labude,labude,bimegu,tegoma,kudino,1,2,94
segmentation_trial,751720,0.0-11.0-0.0,6,"[""bimegu"",""tegoma"",""kudino"",""labude""]",geekmdpfk2539ef,zipfian,"[""labude"",""kudino"",""bimegu"",""tegoma""]",0.0,1.0,labude,nodebu,labude,nodebu,labude,labude,kudino,bimegu,tegoma,1,2,95
segmentation_trial,757688,0.0-11.0-0.1,6,"[""bimegu"",""tegoma"",""kudino"",""labude""]",geekmdpfk2539ef,zipfian,"[""labude"",""kudino"",""bimegu"",""tegoma""]",0.0,1.0,kudino,mekugo,kudino,mekugo,kudino,labude,kudino,bimegu,tegoma,2,2,86
segmentation_trial,764103,0.0-11.0-0.2,6,"[""bimegu"",""tegoma"",""kudino"",""labude""]",geekmdpfk2539ef,zipfian,"[""labude"",""kudino"",""bimegu"",""tegoma""]",0.0,1.0,tegoma,nodebu,tegoma,nodebu,tegoma,labude,kudino,bimegu,tegoma,4,2,175
segmentation_trial,770305,0.0-11.0-0.3,6,"[""bimegu"",""tegoma"",""kudino"",""labude""]",geekmdpfk2539ef,zipfian,"[""labude"",""kudino"",""bimegu"",""tegoma""]",1.0,1.0,labude,dimate,dimate,labude,labude,labude,kudino,bimegu,tegoma,1,2,92
segmentation_trial,776486,0.0-11.0-0.4,6,"[""bimegu"",""tegoma"",""kudino"",""labude""]",geekmdpfk2539ef,zipfian,"[""labude"",""kudino"",""bimegu"",""tegoma""]",1.0,1.0,bimegu,gubila,gubila,bimegu,bimegu,labude,kudino,bimegu,tegoma,3,2,1
segmentation_trial,782608,0.0-11.0-0.5,6,"[""bimegu"",""tegoma"",""kudino"",""labude""]",geekmdpfk2539ef,zipfian,"[""labude"",""kudino"",""bimegu"",""tegoma""]",1.0,1.0,kudino,dimate,dimate,kudino,kudino,labude,kudino,bimegu,tegoma,2,2,84
segmentation_trial,788705,0.0-11.0-0.6,6,"[""bimegu"",""tegoma"",""kudino"",""labude""]",geekmdpfk2539ef,zipfian,"[""labude"",""kudino"",""bimegu"",""tegoma""]",1.0,1.0,tegoma,gubila,gubila,tegoma,tegoma,labude,kudino,bimegu,tegoma,4,2,173
segmentation_trial,794750,0.0-11.0-0.7,6,"[""bimegu"",""tegoma"",""kudino"",""labude""]",geekmdpfk2539ef,zipfian,"[""labude"",""kudino"",""bimegu"",""tegoma""]",0.0,1.0,bimegu,nodebu,bimegu,nodebu,bimegu,labude,kudino,bimegu,tegoma,3,2,3
segmentation_trial,800872,0.0-11.0-0.8,6,"[""bimegu"",""tegoma"",""kudino"",""labude""]",geekmdpfk2539ef,zipfian,"[""labude"",""kudino"",""bimegu"",""tegoma""]",1.0,1.0,tegoma,dimate,dimate,tegoma,tegoma,labude,kudino,bimegu,tegoma,4,2,172
segmentation_trial,807116,0.0-11.0-0.9,6,"[""bimegu"",""tegoma"",""kudino"",""labude""]",geekmdpfk2539ef,zipfian,"[""labude"",""kudino"",""bimegu"",""tegoma""]",1.0,1.0,kudino,gubila,gubila,kudino,kudino,labude,kudino,bimegu,tegoma,2,2,85
segmentation_trial,813058,0.0-11.0-0.10,6,"[""bimegu"",""tegoma"",""kudino"",""labude""]",geekmdpfk2539ef,zipfian,"[""labude"",""kudino"",""bimegu"",""tegoma""]",0.0,1.0,bimegu,mekugo,bimegu,mekugo,bimegu,labude,kudino,bimegu,tegoma,3,2,2
segmentation_trial,818943,0.0-11.0-0.11,6,"[""bimegu"",""tegoma"",""kudino"",""labude""]",geekmdpfk2539ef,zipfian,"[""labude"",""kudino"",""bimegu"",""tegoma""]",1.0,1.0,labude,gubila,gubila,labude,labude,labude,kudino,bimegu,tegoma,1,2,93
segmentation_trial,824910,0.0-11.0-0.12,6,"[""bimegu"",""tegoma"",""kudino"",""labude""]",geekmdpfk2539ef,zipfian,"[""labude"",""kudino"",""bimegu"",""tegoma""]",0.0,1.0,kudino,nodebu,kudino,nodebu,kudino,labude,kudino,bimegu,tegoma,2,2,87
segmentation_trial,831195,0.0-11.0-0.13,6,"[""bimegu"",""tegoma"",""kudino"",""labude""]",geekmdpfk2539ef,zipfian,"[""labude"",""kudino"",""bimegu"",""tegoma""]",1.0,1.0,bimegu,dimate,dimate,bimegu,bimegu,labude,kudino,bimegu,tegoma,3,2,0
segmentation_trial,837268,0.0-11.0-0.14,6,"[""bimegu"",""tegoma"",""kudino"",""labude""]",geekmdpfk2539ef,zipfian,"[""labude"",""kudino"",""bimegu"",""tegoma""]",0.0,1.0,labude,mekugo,labude,mekugo,labude,labude,kudino,bimegu,tegoma,1,2,94
segmentation_trial,844542,0.0-11.0-0.15,6,"[""bimegu"",""tegoma"",""kudino"",""labude""]",geekmdpfk2539ef,zipfian,"[""labude"",""kudino"",""bimegu"",""tegoma""]",0.0,1.0,tegoma,mekugo,tegoma,mekugo,tegoma,labude,kudino,bimegu,tegoma,4,2,174
segmentation_trial,322912,0.0-11.0-0.0,5,"[""tobanu"",""gukema"",""delubo"",""lamodi""]",cblk466vymvbza4,uniform,,1.0,1.0,delubo,kediba,kediba,delubo,delubo,,,,,0,1,20
segmentation_trial,329550,0.0-11.0-0.1,5,"[""tobanu"",""gukema"",""delubo"",""lamodi""]",cblk466vymvbza4,uniform,,0.0,1.0,gukema,matolu,gukema,matolu,gukema,,,,,0,1,61
segmentation_trial,335846,0.0-11.0-0.2,5,"[""tobanu"",""gukema"",""delubo"",""lamodi""]",cblk466vymvbza4,uniform,,1.0,1.0,lamodi,kediba,kediba,lamodi,lamodi,,,,,0,1,100
segmentation_trial,342672,0.0-11.0-0.3,5,"[""tobanu"",""gukema"",""delubo"",""lamodi""]",cblk466vymvbza4,uniform,,0.0,1.0,tobanu,mogude,tobanu,mogude,tobanu,,,,,0,1,186
segmentation_trial,349007,0.0-11.0-0.4,5,"[""tobanu"",""gukema"",""delubo"",""lamodi""]",cblk466vymvbza4,uniform,,0.0,0.0,delubo,nubola,nubola,delubo,nubola,,,,,0,1,23
segmentation_trial,356671,0.0-11.0-0.5,5,"[""tobanu"",""gukema"",""delubo"",""lamodi""]",cblk466vymvbza4,uniform,,1.0,1.0,gukema,kediba,kediba,gukema,gukema,,,,,0,1,60
segmentation_trial,362721,0.0-11.0-0.6,5,"[""tobanu"",""gukema"",""delubo"",""lamodi""]",cblk466vymvbza4,uniform,,0.0,1.0,tobanu,matolu,tobanu,matolu,tobanu,,,,,0,1,185
segmentation_trial,368952,0.0-11.0-0.7,5,"[""tobanu"",""gukema"",""delubo"",""lamodi""]",cblk466vymvbza4,uniform,,0.0,0.0,gukema,nubola,nubola,gukema,nubola,,,,,0,1,63
segmentation_trial,375251,0.0-11.0-0.8,5,"[""tobanu"",""gukema"",""delubo"",""lamodi""]",cblk466vymvbza4,uniform,,0.0,1.0,delubo,mogude,delubo,mogude,delubo,,,,,0,1,22
segmentation_trial,381190,0.0-11.0-0.9,5,"[""tobanu"",""gukema"",""delubo"",""lamodi""]",cblk466vymvbza4,uniform,,0.0,0.0,lamodi,nubola,nubola,lamodi,nubola,,,,,0,1,103
segmentation_trial,387290,0.0-11.0-0.10,5,"[""tobanu"",""gukema"",""delubo"",""lamodi""]",cblk466vymvbza4,uniform,,0.0,1.0,gukema,mogude,gukema,mogude,gukema,,,,,0,1,62
segmentation_trial,393521,0.0-11.0-0.11,5,"[""tobanu"",""gukema"",""delubo"",""lamodi""]",cblk466vymvbza4,uniform,,0.0,0.0,tobanu,nubola,nubola,tobanu,nubola,,,,,0,1,187
segmentation_trial,401069,0.0-11.0-0.12,5,"[""tobanu"",""gukema"",""delubo"",""lamodi""]",cblk466vymvbza4,uniform,,1.0,0.0,lamodi,mogude,lamodi,mogude,mogude,,,,,0,1,102
segmentation_trial,407585,0.0-11.0-0.13,5,"[""tobanu"",""gukema"",""delubo"",""lamodi""]",cblk466vymvbza4,uniform,,0.0,1.0,delubo,matolu,delubo,matolu,delubo,,,,,0,1,21
segmentation_trial,413689,0.0-11.0-0.14,5,"[""tobanu"",""gukema"",""delubo"",""lamodi""]",cblk466vymvbza4,uniform,,1.0,1.0,tobanu,kediba,kediba,tobanu,tobanu,,,,,0,1,184
segmentation_trial,419906,0.0-11.0-0.15,5,"[""tobanu"",""gukema"",""delubo"",""lamodi""]",cblk466vymvbza4,uniform,,0.0,1.0,lamodi,matolu,lamodi,matolu,lamodi,,,,,0,1,101
segmentation_trial,361043,0.0-11.0-0.0,1,"[""lemaku"",""gibeto"",""bugona"",""dotumi""]",5xcxsr9sy2b9zoc,zipfian,"[""lemaku"",""dotumi"",""gibeto"",""bugona""]",0.0,0.0,dotumi,nagitu,nagitu,dotumi,nagitu,lemaku,dotumi,gibeto,bugona,2,2,42
segmentation_trial,368041,0.0-11.0-0.1,1,"[""lemaku"",""gibeto"",""bugona"",""dotumi""]",5xcxsr9sy2b9zoc,zipfian,"[""lemaku"",""dotumi"",""gibeto"",""bugona""]",0.0,1.0,bugona,kulego,bugona,kulego,bugona,lemaku,dotumi,gibeto,bugona,4,2,12
segmentation_trial,375660,0.0-11.0-0.2,1,"[""lemaku"",""gibeto"",""bugona"",""dotumi""]",5xcxsr9sy2b9zoc,zipfian,"[""lemaku"",""dotumi"",""gibeto"",""bugona""]",0.0,0.0,lemaku,nagitu,nagitu,lemaku,nagitu,lemaku,dotumi,gibeto,bugona,1,2,110
segmentation_trial,381701,0.0-11.0-0.3,1,"[""lemaku"",""gibeto"",""bugona"",""dotumi""]",5xcxsr9sy2b9zoc,zipfian,"[""lemaku"",""dotumi"",""gibeto"",""bugona""]",1.0,1.0,gibeto,midobe,midobe,gibeto,gibeto,lemaku,dotumi,gibeto,bugona,3,2,49
segmentation_trial,387575,0.0-11.0-0.4,1,"[""lemaku"",""gibeto"",""bugona"",""dotumi""]",5xcxsr9sy2b9zoc,zipfian,"[""lemaku"",""dotumi"",""gibeto"",""bugona""]",0.0,1.0,dotumi,kulego,dotumi,kulego,dotumi,lemaku,dotumi,gibeto,bugona,2,2,40
segmentation_trial,394468,0.0-11.0-0.5,1,"[""lemaku"",""gibeto"",""bugona"",""dotumi""]",5xcxsr9sy2b9zoc,zipfian,"[""lemaku"",""dotumi"",""gibeto"",""bugona""]",1.0,0.0,bugona,tobuma,bugona,tobuma,tobuma,lemaku,dotumi,gibeto,bugona,4,2,15
segmentation_trial,400353,0.0-11.0-0.6,1,"[""lemaku"",""gibeto"",""bugona"",""dotumi""]",5xcxsr9sy2b9zoc,zipfian,"[""lemaku"",""dotumi"",""gibeto"",""bugona""]",0.0,1.0,lemaku,kulego,lemaku,kulego,lemaku,lemaku,dotumi,gibeto,bugona,1,2,108
segmentation_trial,410329,0.0-11.0-0.7,1,"[""lemaku"",""gibeto"",""bugona"",""dotumi""]",5xcxsr9sy2b9zoc,zipfian,"[""lemaku"",""dotumi"",""gibeto"",""bugona""]",0.0,0.0,bugona,nagitu,nagitu,bugona,nagitu,lemaku,dotumi,gibeto,bugona,4,2,14
segmentation_trial,416300,0.0-11.0-0.8,1,"[""lemaku"",""gibeto"",""bugona"",""dotumi""]",5xcxsr9sy2b9zoc,zipfian,"[""lemaku"",""dotumi"",""gibeto"",""bugona""]",0.0,1.0,dotumi,tobuma,dotumi,tobuma,dotumi,lemaku,dotumi,gibeto,bugona,2,2,43
segmentation_trial,422324,0.0-11.0-0.9,1,"[""lemaku"",""gibeto"",""bugona"",""dotumi""]",5xcxsr9sy2b9zoc,zipfian,"[""lemaku"",""dotumi"",""gibeto"",""bugona""]",0.0,1.0,gibeto,kulego,gibeto,kulego,gibeto,lemaku,dotumi,gibeto,bugona,3,2,48
segmentation_trial,428259,0.0-11.0-0.10,1,"[""lemaku"",""gibeto"",""bugona"",""dotumi""]",5xcxsr9sy2b9zoc,zipfian,"[""lemaku"",""dotumi"",""gibeto"",""bugona""]",1.0,1.0,bugona,midobe,midobe,bugona,bugona,lemaku,dotumi,gibeto,bugona,4,2,13
segmentation_trial,435099,0.0-11.0-0.11,1,"[""lemaku"",""gibeto"",""bugona"",""dotumi""]",5xcxsr9sy2b9zoc,zipfian,"[""lemaku"",""dotumi"",""gibeto"",""bugona""]",0.0,1.0,gibeto,tobuma,gibeto,tobuma,gibeto,lemaku,dotumi,gibeto,bugona,3,2,51
segmentation_trial,443824,0.0-11.0-0.12,1,"[""lemaku"",""gibeto"",""bugona"",""dotumi""]",5xcxsr9sy2b9zoc,zipfian,"[""lemaku"",""dotumi"",""gibeto"",""bugona""]",1.0,1.0,lemaku,midobe,midobe,lemaku,lemaku,lemaku,dotumi,gibeto,bugona,1,2,109
segmentation_trial,449895,0.0-11.0-0.13,1,"[""lemaku"",""gibeto"",""bugona"",""dotumi""]",5xcxsr9sy2b9zoc,zipfian,"[""lemaku"",""dotumi"",""gibeto"",""bugona""]",0.0,0.0,gibeto,nagitu,nagitu,gibeto,nagitu,lemaku,dotumi,gibeto,bugona,3,2,50
segmentation_trial,457240,0.0-11.0-0.14,1,"[""lemaku"",""gibeto"",""bugona"",""dotumi""]",5xcxsr9sy2b9zoc,zipfian,"[""lemaku"",""dotumi"",""gibeto"",""bugona""]",0.0,0.0,dotumi,midobe,midobe,dotumi,midobe,lemaku,dotumi,gibeto,bugona,2,2,41
segmentation_trial,463148,0.0-11.0-0.15,1,"[""lemaku"",""gibeto"",""bugona"",""dotumi""]",5xcxsr9sy2b9zoc,zipfian,"[""lemaku"",""dotumi"",""gibeto"",""bugona""]",0.0,1.0,lemaku,tobuma,lemaku,tobuma,lemaku,lemaku,dotumi,gibeto,bugona,1,2,111
segmentation_trial,1044209,0.0-11.0-0.0,5,"[""tobanu"",""gukema"",""delubo"",""lamodi""]",z1anloas5galf4s,zipfian,"[""gukema"",""tobanu"",""lamodi"",""delubo""]",1.0,0.0,delubo,matolu,delubo,matolu,matolu,gukema,tobanu,lamodi,delubo,4,1,21
segmentation_trial,1053158,0.0-11.0-0.1,5,"[""tobanu"",""gukema"",""delubo"",""lamodi""]",z1anloas5galf4s,zipfian,"[""gukema"",""tobanu"",""lamodi"",""delubo""]",1.0,1.0,lamodi,nubola,nubola,lamodi,lamodi,gukema,tobanu,lamodi,delubo,3,1,103
segmentation_trial,1077799,0.0-11.0-0.2,5,"[""tobanu"",""gukema"",""delubo"",""lamodi""]",z1anloas5galf4s,zipfian,"[""gukema"",""tobanu"",""lamodi"",""delubo""]",0.0,1.0,delubo,mogude,delubo,mogude,delubo,gukema,tobanu,lamodi,delubo,4,1,22
segmentation_trial,1085566,0.0-11.0-0.3,5,"[""tobanu"",""gukema"",""delubo"",""lamodi""]",z1anloas5galf4s,zipfian,"[""gukema"",""tobanu"",""lamodi"",""delubo""]",1.0,0.0,tobanu,matolu,tobanu,matolu,matolu,gukema,tobanu,lamodi,delubo,2,1,185
segmentation_trial,1092692,0.0-11.0-0.4,5,"[""tobanu"",""gukema"",""delubo"",""lamodi""]",z1anloas5galf4s,zipfian,"[""gukema"",""tobanu"",""lamodi"",""delubo""]",0.0,0.0,delubo,kediba,kediba,delubo,kediba,gukema,tobanu,lamodi,delubo,4,1,20
segmentation_trial,1099448,0.0-11.0-0.5,5,"[""tobanu"",""gukema"",""delubo"",""lamodi""]",z1anloas5galf4s,zipfian,"[""gukema"",""tobanu"",""lamodi"",""delubo""]",1.0,0.0,gukema,matolu,gukema,matolu,matolu,gukema,tobanu,lamodi,delubo,1,1,61
segmentation_trial,1106822,0.0-11.0-0.6,5,"[""tobanu"",""gukema"",""delubo"",""lamodi""]",z1anloas5galf4s,zipfian,"[""gukema"",""tobanu"",""lamodi"",""delubo""]",1.0,1.0,delubo,nubola,nubola,delubo,delubo,gukema,tobanu,lamodi,delubo,4,1,23
segmentation_trial,1113680,0.0-11.0-0.7,5,"[""tobanu"",""gukema"",""delubo"",""lamodi""]",z1anloas5galf4s,zipfian,"[""gukema"",""tobanu"",""lamodi"",""delubo""]",0.0,1.0,lamodi,mogude,lamodi,mogude,lamodi,gukema,tobanu,lamodi,delubo,3,1,102
segmentation_trial,1120520,0.0-11.0-0.8,5,"[""tobanu"",""gukema"",""delubo"",""lamodi""]",z1anloas5galf4s,zipfian,"[""gukema"",""tobanu"",""lamodi"",""delubo""]",1.0,1.0,gukema,kediba,kediba,gukema,gukema,gukema,tobanu,lamodi,delubo,1,1,60
segmentation_trial,1127196,0.0-11.0-0.9,5,"[""tobanu"",""gukema"",""delubo"",""lamodi""]",z1anloas5galf4s,zipfian,"[""gukema"",""tobanu"",""lamodi"",""delubo""]",1.0,0.0,lamodi,matolu,lamodi,matolu,matolu,gukema,tobanu,lamodi,delubo,3,1,101
segmentation_trial,1134013,0.0-11.0-0.10,5,"[""tobanu"",""gukema"",""delubo"",""lamodi""]",z1anloas5galf4s,zipfian,"[""gukema"",""tobanu"",""lamodi"",""delubo""]",0.0,0.0,gukema,nubola,nubola,gukema,nubola,gukema,tobanu,lamodi,delubo,1,1,63
segmentation_trial,1140490,0.0-11.0-0.11,5,"[""tobanu"",""gukema"",""delubo"",""lamodi""]",z1anloas5galf4s,zipfian,"[""gukema"",""tobanu"",""lamodi"",""delubo""]",1.0,1.0,lamodi,kediba,kediba,lamodi,lamodi,gukema,tobanu,lamodi,delubo,3,1,100
segmentation_trial,1147663,0.0-11.0-0.12,5,"[""tobanu"",""gukema"",""delubo"",""lamodi""]",z1anloas5galf4s,zipfian,"[""gukema"",""tobanu"",""lamodi"",""delubo""]",0.0,1.0,gukema,mogude,gukema,mogude,gukema,gukema,tobanu,lamodi,delubo,1,1,62
segmentation_trial,1154379,0.0-11.0-0.13,5,"[""tobanu"",""gukema"",""delubo"",""lamodi""]",z1anloas5galf4s,zipfian,"[""gukema"",""tobanu"",""lamodi"",""delubo""]",1.0,1.0,tobanu,nubola,nubola,tobanu,tobanu,gukema,tobanu,lamodi,delubo,2,1,187
segmentation_trial,1160991,0.0-11.0-0.14,5,"[""tobanu"",""gukema"",""delubo"",""lamodi""]",z1anloas5galf4s,zipfian,"[""gukema"",""tobanu"",""lamodi"",""delubo""]",0.0,1.0,tobanu,mogude,tobanu,mogude,tobanu,gukema,tobanu,lamodi,delubo,2,1,186
segmentation_trial,1167098,0.0-11.0-0.15,5,"[""tobanu"",""gukema"",""delubo"",""lamodi""]",z1anloas5galf4s,zipfian,"[""gukema"",""tobanu"",""lamodi"",""delubo""]",0.0,0.0,tobanu,kediba,kediba,tobanu,kediba,gukema,tobanu,lamodi,delubo,2,1,184
segmentation_trial,238472,0.0-11.0-0.0,6,"[""nodebu"",""dimate"",""mekugo"",""gubila""]",urtfp5r3afyzeud,uniform,,0.0,1.0,nodebu,bimegu,nodebu,bimegu,nodebu,,,,,0,1,160
segmentation_trial,244968,0.0-11.0-0.1,6,"[""nodebu"",""dimate"",""mekugo"",""gubila""]",urtfp5r3afyzeud,uniform,,1.0,1.0,gubila,tegoma,tegoma,gubila,gubila,,,,,0,1,59
segmentation_trial,251290,0.0-11.0-0.2,6,"[""nodebu"",""dimate"",""mekugo"",""gubila""]",urtfp5r3afyzeud,uniform,,0.0,1.0,dimate,bimegu,dimate,bimegu,dimate,,,,,0,1,28
segmentation_trial,258564,0.0-11.0-0.3,6,"[""nodebu"",""dimate"",""mekugo"",""gubila""]",urtfp5r3afyzeud,uniform,,1.0,1.0,mekugo,tegoma,tegoma,mekugo,mekugo,,,,,0,1,123
segmentation_trial,265082,0.0-11.0-0.4,6,"[""nodebu"",""dimate"",""mekugo"",""gubila""]",urtfp5r3afyzeud,uniform,,1.0,1.0,nodebu,labude,labude,nodebu,nodebu,,,,,0,1,162
segmentation_trial,272171,0.0-11.0-0.5,6,"[""nodebu"",""dimate"",""mekugo"",""gubila""]",urtfp5r3afyzeud,uniform,,0.0,1.0,mekugo,bimegu,mekugo,bimegu,mekugo,,,,,0,1,120
segmentation_trial,279032,0.0-11.0-0.6,6,"[""nodebu"",""dimate"",""mekugo"",""gubila""]",urtfp5r3afyzeud,uniform,,1.0,1.0,nodebu,tegoma,tegoma,nodebu,nodebu,,,,,0,1,163
segmentation_trial,285771,0.0-11.0-0.7,6,"[""nodebu"",""dimate"",""mekugo"",""gubila""]",urtfp5r3afyzeud,uniform,,0.0,1.0,mekugo,kudino,mekugo,kudino,mekugo,,,,,0,1,121
segmentation_trial,292320,0.0-11.0-0.8,6,"[""nodebu"",""dimate"",""mekugo"",""gubila""]",urtfp5r3afyzeud,uniform,,0.0,1.0,gubila,bimegu,gubila,bimegu,gubila,,,,,0,1,56
segmentation_trial,298630,0.0-11.0-0.9,6,"[""nodebu"",""dimate"",""mekugo"",""gubila""]",urtfp5r3afyzeud,uniform,,0.0,1.0,nodebu,kudino,nodebu,kudino,nodebu,,,,,0,1,161
segmentation_trial,306092,0.0-11.0-0.10,6,"[""nodebu"",""dimate"",""mekugo"",""gubila""]",urtfp5r3afyzeud,uniform,,1.0,1.0,gubila,labude,labude,gubila,gubila,,,,,0,1,58
segmentation_trial,312713,0.0-11.0-0.11,6,"[""nodebu"",""dimate"",""mekugo"",""gubila""]",urtfp5r3afyzeud,uniform,,0.0,1.0,dimate,kudino,dimate,kudino,dimate,,,,,0,1,29
segmentation_trial,320544,0.0-11.0-0.12,6,"[""nodebu"",""dimate"",""mekugo"",""gubila""]",urtfp5r3afyzeud,uniform,,1.0,1.0,mekugo,labude,labude,mekugo,mekugo,,,,,0,1,122
segmentation_trial,327558,0.0-11.0-0.13,6,"[""nodebu"",""dimate"",""mekugo"",""gubila""]",urtfp5r3afyzeud,uniform,,1.0,1.0,dimate,tegoma,tegoma,dimate,dimate,,,,,0,1,31
segmentation_trial,334874,0.0-11.0-0.14,6,"[""nodebu"",""dimate"",""mekugo"",""gubila""]",urtfp5r3afyzeud,uniform,,0.0,1.0,gubila,kudino,gubila,kudino,gubila,,,,,0,1,57
segmentation_trial,341662,0.0-11.0-0.15,6,"[""nodebu"",""dimate"",""mekugo"",""gubila""]",urtfp5r3afyzeud,uniform,,1.0,1.0,dimate,labude,labude,dimate,dimate,,,,,0,1,30
segmentation_trial,198514,0.0-11.0-0.0,3,"[""nadite"",""lebado"",""bogumi"",""gitoka""]",os3kbg2g0vu1dwc,uniform,,1.0,0.0,bogumi,dogiba,bogumi,dogiba,dogiba,,,,,0,2,8
segmentation_trial,204933,0.0-11.0-0.1,3,"[""nadite"",""lebado"",""bogumi"",""gitoka""]",os3kbg2g0vu1dwc,uniform,,1.0,1.0,gitoka,kalegu,kalegu,gitoka,gitoka,,,,,0,2,53
segmentation_trial,211266,0.0-11.0-0.2,3,"[""nadite"",""lebado"",""bogumi"",""gitoka""]",os3kbg2g0vu1dwc,uniform,,0.0,1.0,nadite,dogiba,nadite,dogiba,nadite,,,,,0,2,144
segmentation_trial,236155,0.0-11.0-0.3,3,"[""nadite"",""lebado"",""bogumi"",""gitoka""]",os3kbg2g0vu1dwc,uniform,,1.0,0.0,lebado,tebodi,lebado,tebodi,tebodi,,,,,0,2,107
segmentation_trial,242274,0.0-11.0-0.4,3,"[""nadite"",""lebado"",""bogumi"",""gitoka""]",os3kbg2g0vu1dwc,uniform,,1.0,1.0,bogumi,minato,minato,bogumi,bogumi,,,,,0,2,10
segmentation_trial,248189,0.0-11.0-0.5,3,"[""nadite"",""lebado"",""bogumi"",""gitoka""]",os3kbg2g0vu1dwc,uniform,,0.0,1.0,gitoka,tebodi,gitoka,tebodi,gitoka,,,,,0,2,55
segmentation_trial,254201,0.0-11.0-0.6,3,"[""nadite"",""lebado"",""bogumi"",""gitoka""]",os3kbg2g0vu1dwc,uniform,,0.0,0.0,bogumi,kalegu,kalegu,bogumi,kalegu,,,,,0,2,9
segmentation_trial,260275,0.0-11.0-0.7,3,"[""nadite"",""lebado"",""bogumi"",""gitoka""]",os3kbg2g0vu1dwc,uniform,,0.0,1.0,gitoka,dogiba,gitoka,dogiba,gitoka,,,,,0,2,52
segmentation_trial,266357,0.0-11.0-0.8,3,"[""nadite"",""lebado"",""bogumi"",""gitoka""]",os3kbg2g0vu1dwc,uniform,,0.0,0.0,lebado,minato,minato,lebado,minato,,,,,0,2,106
segmentation_trial,272397,0.0-11.0-0.9,3,"[""nadite"",""lebado"",""bogumi"",""gitoka""]",os3kbg2g0vu1dwc,uniform,,0.0,1.0,bogumi,tebodi,bogumi,tebodi,bogumi,,,,,0,2,11
segmentation_trial,278309,0.0-11.0-0.10,3,"[""nadite"",""lebado"",""bogumi"",""gitoka""]",os3kbg2g0vu1dwc,uniform,,1.0,1.0,nadite,kalegu,kalegu,nadite,nadite,,,,,0,2,145
segmentation_trial,284339,0.0-11.0-0.11,3,"[""nadite"",""lebado"",""bogumi"",""gitoka""]",os3kbg2g0vu1dwc,uniform,,1.0,1.0,gitoka,minato,minato,gitoka,gitoka,,,,,0,2,54
segmentation_trial,290286,0.0-11.0-0.12,3,"[""nadite"",""lebado"",""bogumi"",""gitoka""]",os3kbg2g0vu1dwc,uniform,,1.0,0.0,nadite,tebodi,nadite,tebodi,tebodi,,,,,0,2,147
segmentation_trial,296570,0.0-11.0-0.13,3,"[""nadite"",""lebado"",""bogumi"",""gitoka""]",os3kbg2g0vu1dwc,uniform,,0.0,1.0,lebado,dogiba,lebado,dogiba,lebado,,,,,0,2,104
segmentation_trial,302593,0.0-11.0-0.14,3,"[""nadite"",""lebado"",""bogumi"",""gitoka""]",os3kbg2g0vu1dwc,uniform,,1.0,1.0,nadite,minato,minato,nadite,nadite,,,,,0,2,146
segmentation_trial,308602,0.0-11.0-0.15,3,"[""nadite"",""lebado"",""bogumi"",""gitoka""]",os3kbg2g0vu1dwc,uniform,,1.0,1.0,lebado,kalegu,kalegu,lebado,lebado,,,,,0,2,105
segmentation_trial,359879,0.0-11.0-0.0,3,"[""dogiba"",""kalegu"",""tebodi"",""minato""]",z1wyoh1nsu9kenb,uniform,,1.0,0.0,tebodi,bogumi,tebodi,bogumi,bogumi,,,,,0,1,168
segmentation_trial,370863,0.0-11.0-0.1,3,"[""dogiba"",""kalegu"",""tebodi"",""minato""]",z1wyoh1nsu9kenb,uniform,,0.0,1.0,minato,nadite,minato,nadite,minato,,,,,0,1,131
segmentation_trial,378496,0.0-11.0-0.2,3,"[""dogiba"",""kalegu"",""tebodi"",""minato""]",z1wyoh1nsu9kenb,uniform,,0.0,0.0,kalegu,lebado,lebado,kalegu,lebado,,,,,0,1,70
segmentation_trial,385329,0.0-11.0-0.3,3,"[""dogiba"",""kalegu"",""tebodi"",""minato""]",z1wyoh1nsu9kenb,uniform,,1.0,1.0,dogiba,gitoka,gitoka,dogiba,dogiba,,,,,0,1,33
segmentation_trial,392030,0.0-11.0-0.4,3,"[""dogiba"",""kalegu"",""tebodi"",""minato""]",z1wyoh1nsu9kenb,uniform,,0.0,1.0,tebodi,nadite,tebodi,nadite,tebodi,,,,,0,1,171
segmentation_trial,398812,0.0-11.0-0.5,3,"[""dogiba"",""kalegu"",""tebodi"",""minato""]",z1wyoh1nsu9kenb,uniform,,1.0,0.0,minato,bogumi,minato,bogumi,bogumi,,,,,0,1,128
segmentation_trial,405562,0.0-11.0-0.6,3,"[""dogiba"",""kalegu"",""tebodi"",""minato""]",z1wyoh1nsu9kenb,uniform,,1.0,1.0,kalegu,gitoka,gitoka,kalegu,kalegu,,,,,0,1,69
segmentation_trial,412229,0.0-11.0-0.7,3,"[""dogiba"",""kalegu"",""tebodi"",""minato""]",z1wyoh1nsu9kenb,uniform,,0.0,1.0,dogiba,nadite,dogiba,nadite,dogiba,,,,,0,1,35
segmentation_trial,418629,0.0-11.0-0.8,3,"[""dogiba"",""kalegu"",""tebodi"",""minato""]",z1wyoh1nsu9kenb,uniform,,1.0,1.0,minato,gitoka,gitoka,minato,minato,,,,,0,1,129
segmentation_trial,424811,0.0-11.0-0.9,3,"[""dogiba"",""kalegu"",""tebodi"",""minato""]",z1wyoh1nsu9kenb,uniform,,0.0,0.0,tebodi,lebado,lebado,tebodi,lebado,,,,,0,1,170
segmentation_trial,431046,0.0-11.0-0.10,3,"[""dogiba"",""kalegu"",""tebodi"",""minato""]",z1wyoh1nsu9kenb,uniform,,1.0,0.0,kalegu,bogumi,kalegu,bogumi,bogumi,,,,,0,1,68
segmentation_trial,443745,0.0-11.0-0.11,3,"[""dogiba"",""kalegu"",""tebodi"",""minato""]",z1wyoh1nsu9kenb,uniform,,1.0,1.0,minato,lebado,lebado,minato,minato,,,,,0,1,130
segmentation_trial,449495,0.0-11.0-0.12,3,"[""dogiba"",""kalegu"",""tebodi"",""minato""]",z1wyoh1nsu9kenb,uniform,,0.0,1.0,dogiba,bogumi,dogiba,bogumi,dogiba,,,,,0,1,32
segmentation_trial,456195,0.0-11.0-0.13,3,"[""dogiba"",""kalegu"",""tebodi"",""minato""]",z1wyoh1nsu9kenb,uniform,,0.0,0.0,tebodi,gitoka,gitoka,tebodi,gitoka,,,,,0,1,169
segmentation_trial,463045,0.0-11.0-0.14,3,"[""dogiba"",""kalegu"",""tebodi"",""minato""]",z1wyoh1nsu9kenb,uniform,,1.0,1.0,dogiba,lebado,lebado,dogiba,dogiba,,,,,0,1,34
segmentation_trial,469612,0.0-11.0-0.15,3,"[""dogiba"",""kalegu"",""tebodi"",""minato""]",z1wyoh1nsu9kenb,uniform,,0.0,1.0,kalegu,nadite,kalegu,nadite,kalegu,,,,,0,1,71
